applicant_id,legal_name,dba_name,ein,owner_ssn_last4,email,phone,tenant_id,created_at,mailing_city,mailing_state,mailing_zip
1,Huntersville Catering Solutions Inc,,941847351,1236,emily.young@huntersville.com,486-727-8909,BAYLINE,2022-03-28 21:20:52.596840-05:00,Raleigh,NC,27601
2,Lopez Veterinary Solutions Inc,,83 4216139,3952,jason.nelson@lopezinc.com,680-944-1749,NSC_DIRECT,2025-11-06 20:53:04.799726-05:00,Charlotte,NC,28204
3,Kannapolis Optical Partners LLC,Kannapolis Optical Partners,49-1845923,1786,christopher.rodriguez@kannapolisco.com,398-206-5390,NSC_DIRECT,2025-12-04 18:26:45.136250-05:00,Sacramento,CA,95814
4,Concord Janitorial LLC,,45-2576414,2573,jessica.gonzalez@concordco.com,857-969-3898,CASCADE,2021-06-21 00:59:11.532524-05:00,Richmond,VA,23219
5,Taylor Janitorial LLC,,63-5316153,9135,robert.rivera@taylorinc.com,635-391-8674,NSC_DIRECT,2021-03-06 20:36:15.145099-05:00,Concord,NC,28025
6,Salisbury Auto Partners LLC,Salisbury Auto Partners,459386970,8060,robert.hill@salisbury.com,9792647709,CASCADE,2022-06-26 05:33:15.846662-05:00,Bakersfield,CA,93301
7,Granite Services Solutions Inc,,41-0778863,0547,nicholas.gonzalez@granite.com,337-827-2490,NSC_DIRECT,2019-05-21 04:41:25.247546-05:00,Charlotte,NC,28204
8,Uwharrie Roasters Group LLC,,91-2306590,9000,robert.rodriguez@uwharrie.com,920-329-6497,NSC_DIRECT,2022-01-26 08:02:53.430134-05:00,Sacramento,CA,95814
9,Mallard Company Inc,,85-1407784,1933,betty.blalock@mallard.com,532-540-2407,NSC_DIRECT,2024-02-10 05:28:53.510697-05:00,Nashville,TN,37201
10,Granite Supply LLC,,75-9905944,8366,stephen.young@graniteco.com,804-876-9435,NSC_DIRECT,2019-10-14 08:35:34.290263-05:00,Winston-Salem,NC,27101
11,Statesville Contractors Inc,Statesville Contractors,49-9000425,0218,sharon.ramirez@statesvilleinc.com,6709788554,CASCADE,2020-10-27 01:03:54.921046-05:00,Sacramento,CA,95814
12,Torres Salon LLC,Torres Salon,,,emily.boyd@torresco.com,711-379-3745,NSC_DIRECT,2020-01-19 00:58:32.390842-05:00,Gastonia,NC,28054
13,Cherryville Enterprises LLC,,81-5581775,3268,brenda.smith@cherryvilleco.com,4255959616,NSC_DIRECT,2025-01-10 04:46:55.036100-05:00,Raleigh,NC,27601
14,Waxhaw Machine LLC,,25-8389608,1348,amy.lopez@waxhawbiz.com,(234) 929-8345,NSC_DIRECT,2020-12-11 10:53:51.214842-05:00,Charlotte,NC,28211
15,Maple Contractors Inc,,,2092,rebecca.clark@maple.com,928-508-5588,NSC_DIRECT,2022-10-15 17:05:48.394620-05:00,Sacramento,CA,95814
16,Cornelius Staffing Co,Cornelius Staffing,,1967,stephanie.nguyen@corneliusbiz.com,213-657-5215,CASCADE,2023-05-13 17:32:58.125819-05:00,Winston-Salem,NC,27101
17,Piedmont HVAC Inc,,31-9406605,6239,nancy.vasquez@piedmontbiz.com,4904799121,NSC_DIRECT,2024-05-10 06:31:48.104844-05:00,Concord,NC,28025
18,Rowan Services LLC,Rowan Services,95-5245649,1130,melissa.gonzalez@rowanbiz.com,219-788-6597,NSC_DIRECT,2025-12-06 08:45:50.232705-05:00,Richmond,VA,23219
19,Mooresville Roasters LLC,,623496259,7048,nancy.mabry@mooresvillebiz.com,(406) 961-1975,NSC_DIRECT,2024-03-25 07:22:41.930201-05:00,Nashville,TN,37201
20,Davidson Roasters Solutions Inc,,20 3685343,0609,donald.allen@davidson.com,385-840-2357,NSC_DIRECT,2024-06-27 02:15:58.180246-05:00,Norfolk,VA,23510
21,Tryon Staffing Partners LLC,,56 2215826,2174,george.lee@tryonbiz.com,246-420-2115,NSC_DIRECT,2022-04-28 02:14:51.983651-05:00,Raleigh,NC,27601
22,Matthews Physical Therapy Co,,,,charles.wright@matthewsco.com,441-803-4625,BAYLINE,2021-04-15 08:50:11.172509-05:00,Concord,NC,28025
23,Pinehurst Metal LLC,Pinehurst Metal,777660980,2127,timothy.torres@pinehurst.com,3115111599,NSC_DIRECT,2023-08-23 17:57:52.938689-05:00,Charlotte,NC,28202
24,Cheng Security Inc,,74-7168167,1079,robert.vasquez@cheng.com,5487915677,NSC_DIRECT,2024-06-20 00:10:13.806736-05:00,Greenville,SC,29601
25,Salisbury Irrigation LLC,Salisbury Irrigation,346062494,3300,karen.brown@salisburyco.com,917-871-6645,BAYLINE,2020-07-16 05:09:06.170154-05:00,Columbia,SC,29201
26,Kestrel Veterinary Co,,566984202,6084,emily.adams@kestrel.com,291-754-6482,CASCADE,2021-05-12 20:29:46.869599-05:00,Riverside,CA,92501
27,Huntersville Welding Solutions Inc,,58-3570035,8240,jacob.robinson@huntersvillebiz.com,261-481-6942,CASCADE,2021-03-26 07:01:56.582159-05:00,Sacramento,CA,95814
28,Statesville Coffee LLC,,87-8679642,,karen.king@statesvilleinc.com,723-767-2053,NSC_DIRECT,2021-01-30 04:29:38.672287-05:00,Greenville,SC,29601
29,Idlewild Staffing Co,,538865930,8520,betty.nguyen@idlewildinc.com,568-346-9781,BAYLINE,2022-08-12 15:36:50.649927-05:00,Gastonia,NC,28054
30,Lewis Fitness Holdings LLC,,871950997,,kimberly.taylor@lewisbiz.com,(232) 781-2281,NSC_DIRECT,2022-10-30 01:50:08.932568-05:00,Rock Hill,SC,29730
31,Davidson Salon Services LLC,,52-6390253,2065,donald.adams@davidsonbiz.com,997-987-6583,NSC_DIRECT,2022-01-15 14:42:00.937107-05:00,Raleigh,NC,27601
32,Catawba Contractors Inc,,769412071,1489,nicholas.smith@catawbainc.com,(947) 327-6644,NSC_DIRECT,2024-09-03 20:34:13.893034-05:00,Sacramento,CA,95814
33,Steele Creek Tax LLC,Steele Creek Tax,34-7460795,7412,james.jones@steeleinc.com,481-359-5817,NSC_DIRECT,2022-04-11 00:46:18.708710-05:00,Riverside,CA,92501
34,Shelby Brewing LLC,,23-0548668,3493,lisa.rivera@shelby.com,554-895-7930,NSC_DIRECT,2025-03-17 01:16:21.677681-05:00,Asheville,NC,28801
35,Elizabeth Roasters Solutions Inc,,66-6942741,,kimberly.ramirez@elizabethinc.com,690-819-0472,NSC_DIRECT,2023-08-30 00:31:47.293385-05:00,Bakersfield,CA,93301
36,Statesville Brothers Inc,,,8233,susan.lopez@statesville.com,869-660-5656,BAYLINE,2020-07-19 23:35:28.950564-05:00,Atlanta,GA,30303
37,Sardis Freight Inc,,21-7302356,3609,justin.rivera@sardisbiz.com,3325452333,NSC_DIRECT,2024-10-23 15:57:01.944593-05:00,Rock Hill,SC,29730
38,Dilworth Contractors Partners LLC,,511014469,6286,sandra.yarborough@dilworth.com,394-539-8625,NSC_DIRECT,2019-08-03 12:08:56.013914-05:00,Bakersfield,CA,93301
39,Sunbelt Welding LLC,,97-9728921,6584,pamela.flores@sunbeltbiz.com,744-358-4645,NSC_DIRECT,2020-10-03 11:38:40.048887-05:00,Rock Hill,SC,29730
40,Cherryville Grocery Co,Cherryville Grocery,47-8701261,7043,scott.whitfield@cherryville.com,854-317-6893,NSC_DIRECT,2020-04-21 18:34:16.414224-05:00,Nashville,TN,37201
41,Sharon Tax LLC,,525170864,1630,patricia.nguyen@sharonco.com,(550) 340-0745,NSC_DIRECT,2019-06-29 14:17:28.911962-05:00,Charlotte,NC,28202
42,Uwharrie Works Inc,Uwharrie Works,864287871,1743,benjamin.walker@uwharrie.com,4658155444,NSC_DIRECT,2025-06-30 06:44:35.379305-05:00,Durham,NC,27701
43,Shelby Irrigation LLC,,EIN 62-7425518,3536,emily.lopez@shelby.com,409-799-2694,CASCADE,2022-10-11 09:29:41.397118-05:00,Concord,NC,28025
44,Waxhaw Contractors Services LLC,,63-2637887,7998,jessica.thompson@waxhawinc.com,892-347-4569,NSC_DIRECT,2026-01-09 09:20:54.314053-05:00,Fresno,CA,93701
45,Beatties Ford Staffing LLC,,769932109,1402,ryan.baker@beattiesinc.com,638-897-0960,NSC_DIRECT,2020-11-30 22:00:36.839046-05:00,Asheville,NC,28801
46,Statesville Textile LLC,,EIN 74-9983579,0824,joseph.ramirez@statesvillebiz.com,(452) 220-5525,CASCADE,2020-03-31 04:34:34.827342-05:00,Bakersfield,CA,93301
47,Miller Nursery Co,,31 9763941,,timothy.hill@miller.com,246-712-4084,NSC_DIRECT,2022-03-05 08:59:55.496275-05:00,Charlotte,NC,28211
48,Uwharrie Works Group LLC,,83-5777852,4000,scott.young@uwharrieinc.com,814-321-6031,NSC_DIRECT,2020-10-25 03:20:23.580448-05:00,Richmond,VA,23219
49,Randolph Staffing Inc,,59-5205812,0221,sharon.campbell@randolph.com,346-270-1025,NSC_DIRECT,2023-07-03 08:08:06.644006-05:00,Atlanta,GA,30303
50,Dilworth Towing Inc,,38 9449359,,amy.robinson@dilworthinc.com,957-251-8942,NSC_DIRECT,2020-06-14 10:56:19.921588-05:00,Gastonia,NC,28054
51,Matthews Associates Co,,46-8078976,3277,jonathan.hill@matthewsbiz.com,2418299031,BAYLINE,2023-08-22 19:57:21.820720-05:00,Charlotte,NC,28202
52,Statesville Brewing LLC,,56-4246188,0230,brian.mitchell@statesvilleinc.com,628-824-0288,CASCADE,2024-12-25 11:42:16.744638-05:00,Fresno,CA,93701
53,Miller Auto Inc,,58-2640847,,carol.perez@millerinc.com,3932048381,BAYLINE,2023-04-18 09:49:44.113182-05:00,Winston-Salem,NC,27101
54,Cherryville Brothers Inc,,,7100,cynthia.clark@cherryville.com,647-873-9508,BAYLINE,2025-11-02 17:58:56.395946-05:00,Savannah,GA,31401
55,Baker Brewing Group LLC,,78-6078434,6100,nancy.walker@bakerbiz.com,866-846-7076,NSC_DIRECT,2024-08-12 19:27:50.732227-05:00,Riverside,CA,92501
56,Tryon Security Inc,Tryon Security,95-2324516,,sarah.perez@tryonco.com,820-921-6282,NSC_DIRECT,2025-05-29 13:45:26.605318-05:00,Charlotte,NC,28211
57,Sardis Dental Co,,81-9368820,4098,elizabeth.blalock@sardisinc.com,722-469-1670,NSC_DIRECT,2022-08-19 21:32:02.622501-05:00,Winston-Salem,NC,27101
58,Mallard Supply Group LLC,,71-1000406,4319,scott.johnson@mallardco.com,849-241-7953,NSC_DIRECT,2019-04-19 23:41:56.584786-05:00,Fresno,CA,93701
59,Statesville Metal Partners LLC,,,0373,kevin.walker@statesvillebiz.com,545-634-2527,NSC_DIRECT,2025-03-23 11:44:06.249692-05:00,Charlotte,NC,28202
60,Piedmont Flooring Partners LLC,Piedmont Flooring Partners,79-4546822,2036,justin.thomas@piedmont.com,813-732-2101,CASCADE,2019-05-11 15:05:36.722021-05:00,Riverside,CA,92501
61,Davidson Grocery Inc,,62-1518883,3430,melissa.white@davidsonbiz.com,311-847-0576,NSC_DIRECT,2026-01-24 14:58:36.850359-05:00,Asheville,NC,28801
62,Monroe Company LLC,,,4776,sandra.flores@monroeco.com,241-656-4782,NSC_DIRECT,2024-10-12 14:20:29.501388-05:00,Fresno,CA,93701
63,Beatties Ford Partners LLC,,39-3425159,2851,donna.king@beattiesbiz.com,426-693-9746,BAYLINE,2022-05-23 23:30:12.279747-05:00,Savannah,GA,31401
64,Tuckaseegee Barber LLC,,863476044,0587,anna.sanchez@tuckaseegeeinc.com,733-793-3897,NSC_DIRECT,2023-01-30 09:58:28.674394-05:00,Columbia,SC,29201
65,Ballantyne Contractors Inc,Ballantyne Contractors,37-7856610,,dorothy.carter@ballantynebiz.com,577-999-2830,NSC_DIRECT,2021-12-13 07:20:31.231760-05:00,Winston-Salem,NC,27101
66,Tryon Fitness Partners LLC,,91-4525705,0089,karen.thompson@tryon.com,648-887-1767,NSC_DIRECT,2020-04-20 04:58:39.325763-05:00,Raleigh,NC,27601
67,Gastonia Supply Inc,,853978613,7828,carol.martinez@gastoniaco.com,463-358-4112,BAYLINE,2023-11-28 22:18:42.245411-05:00,Riverside,CA,92501
68,Granite Security LLC,Granite Security,853495937,,laura.lopez@graniteco.com,590-489-6761,NSC_DIRECT,2019-06-01 07:40:43.442150-05:00,Charlotte,NC,28202
69,Dilworth Insurance LLC,,69-7778998,0686,edward.roberts@dilworthbiz.com,765-572-5378,NSC_DIRECT,2025-06-12 18:40:33.556920-05:00,Knoxville,TN,37902
70,Mint Hill Associates LLC,Mint Hill Associates,,6310,samantha.baker@mintco.com,723-723-8369,CASCADE,2019-08-17 13:21:13.162718-05:00,Fresno,CA,93701
71,Idlewild Irrigation Co,,966299482,1259,timothy.thomas@idlewildco.com,787-209-7543,NSC_DIRECT,2023-12-28 09:31:14.186640-05:00,Concord,NC,28025
72,Tuckaseegee Print Inc,,537060524,5508,brandon.thomas@tuckaseegee.com,2975965855,NSC_DIRECT,2020-10-27 03:47:41.402572-05:00,Richmond,VA,23219
73,Robinson Medical Billing Inc,,65-4281876,6850,anthony.green@robinsonco.com,418-556-7030,NSC_DIRECT,2023-02-06 03:01:17.352503-05:00,Fresno,CA,93701
74,Monroe Group Inc,,32-6608755,3401,larry.hill@monroe.com,676-521-3719,NSC_DIRECT,2022-07-08 21:00:04.011640-05:00,Riverside,CA,92501
75,Salisbury Print LLC,,88-8890120,6022,richard.torres@salisburybiz.com,394-661-6352,NSC_DIRECT,2023-07-09 22:34:16.067086-05:00,Richmond,VA,23219
76,Rowan Contractors Services LLC,,37-5501912,7666,richard.lewis@rowan.com,513-417-1016,NSC_DIRECT,2025-04-03 05:35:11.925220-05:00,Rock Hill,SC,29730
77,Salisbury Dental Group LLC,Salisbury Dental Group,542393358,1300,joseph.davis@salisburyco.com,2979922287,NSC_DIRECT,2020-10-27 03:03:03.783162-05:00,Concord,NC,28025
78,Idlewild Landscape LLC,,282108431,5446,kenneth.thompson@idlewildco.com,8174735403,CASCADE,2023-01-30 10:09:24.493316-05:00,Bakersfield,CA,93301
79,Sunbelt Machine Inc,,892431959,0412,sandra.suggs@sunbelt.com,7209545993,CASCADE,2019-11-17 00:50:46.162805-05:00,Riverside,CA,92501
80,Piedmont Bakery LLC,Piedmont Bakery,,7201,christopher.thomas@piedmont.com,435-683-7061,NSC_DIRECT,2019-06-03 16:13:13.012928-05:00,Knoxville,TN,37902
81,Walker Insurance LLC,,,5182,rebecca.lee@walkerbiz.com,372-427-5504,NSC_DIRECT,2025-08-16 04:17:28.726933-05:00,Atlanta,GA,30303
82,Mint Hill Body Shop LLC,,62-1745209,,michael.lopez@mintco.com,552-797-0015,NSC_DIRECT,2021-05-15 02:52:18.895583-05:00,Fresno,CA,93701
83,Statesville Nursery Group LLC,,733001327,7419,matthew.johnson@statesvilleinc.com,559-974-3242,BAYLINE,2025-09-19 11:24:36.386329-05:00,Columbia,SC,29201
84,Piedmont Towing LLC,,242714317,,anthony.carter@piedmontbiz.com,2604927714,NSC_DIRECT,2025-12-15 21:15:19.628337-05:00,Richmond,VA,23219
85,Anderson Plumbing Group LLC,,,1016,kevin.white@andersonco.com,955-454-8456,NSC_DIRECT,2023-07-22 17:13:48.571932-05:00,Charlotte,NC,28204
86,Newton Cabinet LLC,Newton Cabinet,46-5076682,7012,brenda.thomas@newtonco.com,216-354-8705,CASCADE,2020-04-11 16:18:47.660276-05:00,Riverside,CA,92501
87,Huntersville Tax Inc,,87-3457098,1049,charles.garcia@huntersvilleinc.com,3942557988,BAYLINE,2021-03-28 00:21:42.049105-05:00,Greenville,SC,29601
88,Statesville Landscape LLC,Statesville Landscape,933055824,4847,charles.martin@statesvilleco.com,9429798775,NSC_DIRECT,2023-10-22 14:57:55.522000-05:00,Rock Hill,SC,29730
89,Cedar Group LLC,Cedar Group,98-9705750,7970,stephen.ramirez@cedarinc.com,9735802878,NSC_DIRECT,2021-02-26 11:40:39.918699-05:00,Durham,NC,27701
90,Piedmont Works Services LLC,,31 9983616,2803,charles.cheng@piedmont.com,797-408-8034,BAYLINE,2020-04-17 21:41:53.318677-05:00,Charlotte,NC,28211
91,Pinehurst Associates LLC,,33-6300577,5535,margaret.green@pinehurstbiz.com,388-358-6653,NSC_DIRECT,2021-06-13 10:01:22.673713-05:00,Charlotte,NC,28211
92,Sunbelt Coffee Inc,,30 3411255,4524,brenda.williams@sunbeltinc.com,247-768-6592,BAYLINE,2020-04-30 21:57:38.871409-05:00,Charlotte,NC,28211
93,Maple Tax Inc,,,,sharon.campbell@mapleco.com,9507798348,NSC_DIRECT,2025-07-03 04:27:17.451737-05:00,Atlanta,GA,30303
94,Mallard Works LLC,,64 3469504,3831,michelle.carter@mallard.com,276-772-4910,NSC_DIRECT,2025-01-22 16:31:30.890246-05:00,Sacramento,CA,95814
95,Cedar Electric LLC,Cedar Electric,99-9545862,,andrew.thomas@cedar.com,7677225533,BAYLINE,2019-10-29 12:45:45.142440-05:00,Charlotte,NC,28211
96,Cedar Bakery Group LLC,Cedar Bakery Group,292764910,4500,kenneth.hall@cedarbiz.com,931-308-6627,BAYLINE,2020-08-16 06:23:21.648597-05:00,Charlotte,NC,28202
97,Gastonia Roasters LLC,,62-5712979,0519,sandra.suggs@gastoniaco.com,(409) 538-7264,NSC_DIRECT,2023-08-07 08:22:46.321560-05:00,Asheville,NC,28801
98,Ironwood Salon LLC,,41-0223797,1389,susan.nguyen@ironwoodinc.com,816-433-0495,BAYLINE,2025-05-27 12:49:23.154783-05:00,Raleigh,NC,27601
99,Uwharrie and Sons LLC,,95-7197941,,william.garcia@uwharrie.com,480-445-1091,NSC_DIRECT,2024-12-04 00:45:37.827253-05:00,Concord,NC,28025
100,Hill Freight Group LLC,Hill Freight Group,,7323,karen.nelson@hillbiz.com,756-776-0336,CASCADE,2022-12-09 01:55:54.215216-05:00,Sacramento,CA,95814
101,Rowan Group Holdings LLC,Rowan Group Holdings,70-0829261,1147,donald.torres@rowanbiz.com,522-200-5201,NSC_DIRECT,2021-03-31 19:17:58.899235-05:00,Asheville,NC,28801
102,Beatties Ford Pest Control LLC,,EIN 40-7748840,7341,cynthia.perez@beattiesbiz.com,215-387-7577,CASCADE,2022-05-06 17:21:07.486485-05:00,Bakersfield,CA,93301
103,Granite HVAC Holdings LLC,Granite HVAC Holdings,66-7492221,7506,brandon.patel@graniteco.com,271-965-3902,BAYLINE,2025-03-11 03:20:41.848574-05:00,Knoxville,TN,37902
104,Jackson Print LLC,,86 6881968,,jennifer.okafor@jacksoninc.com,9509640063,BAYLINE,2023-01-16 15:22:33.975883-05:00,Charlotte,NC,28202
105,Harris Pest Control Holdings LLC,,661490278,5179,timothy.young@harris.com,461-759-2551,NSC_DIRECT,2019-07-16 05:09:40.808416-05:00,Greenville,SC,29601
106,Catawba Associates Group LLC,Catawba Associates Group,55 0214263,7015,kathleen.yarborough@catawba.com,875-309-6580,NSC_DIRECT,2024-08-01 01:59:27.583988-05:00,Columbia,SC,29201
107,Monroe Fitness LLC,,983167357,7822,anthony.green@monroeco.com,405-480-2322,NSC_DIRECT,2020-01-09 07:09:17.574955-05:00,Bakersfield,CA,93301
108,Sharon Print Inc,Sharon Print,39-6102539,6722,emma.nelson@sharon.com,3153854797,NSC_DIRECT,2023-06-30 15:19:18.780228-05:00,Knoxville,TN,37902
109,Elizabeth Dental Group LLC,,,1761,thomas.hernandez@elizabeth.com,420-250-7087,NSC_DIRECT,2020-06-12 15:42:43.015058-05:00,Richmond,VA,23219
110,Maple Security LLC,Maple Security,23-3878539,9419,jessica.adams@mapleinc.com,625-378-1060,CASCADE,2024-04-28 23:16:28.679503-05:00,Riverside,CA,92501
111,Baker Medical Billing Group LLC,,89-0534301,1310,katherine.cheng@baker.com,405-613-2841,CASCADE,2020-08-18 19:47:37.153504-05:00,Raleigh,NC,27601
112,Tuckaseegee Brothers Co,,97-7982562,7105,matthew.hernandez@tuckaseegee.com,202-522-6590,CASCADE,2024-07-20 18:21:48.468110-05:00,Fresno,CA,93701
113,Cornelius Works Partners LLC,,51-2684166,,william.lewis@corneliusbiz.com,(237) 468-5567,NSC_DIRECT,2020-07-29 17:55:24.403965-05:00,Greenville,SC,29601
114,Kestrel Janitorial Holdings LLC,,98-9783957,6917,michael.boyd@kestrelbiz.com,762-746-0967,NSC_DIRECT,2025-01-01 04:40:29.879626-05:00,Charlotte,NC,28211
115,Ironwood Tire Inc,,730427929,8118,katherine.thompson@ironwood.com,676-896-1000,CASCADE,2021-01-24 22:19:06.661677-05:00,Riverside,CA,92501
116,Taylor Print LLC,,80-8704491,3969,brian.hall@taylorbiz.com,843-760-6681,NSC_DIRECT,2023-12-05 10:28:53.294192-05:00,Charlotte,NC,28211
117,Huntersville Partners Co,,,9158,steven.wilson@huntersville.com,474-667-4969,NSC_DIRECT,2024-06-11 01:39:27.688320-05:00,Nashville,TN,37201
118,Gastonia Company LLC,,97-1567399,3385,kathleen.cheng@gastoniaco.com,209-370-4892,NSC_DIRECT,2022-05-23 00:22:08.718958-05:00,Charlotte,NC,28204
119,Matthews Brothers LLC,,347379865,5628,pamela.adams@matthewsbiz.com,581-767-1931,NSC_DIRECT,2022-03-05 09:35:32.270331-05:00,Raleigh,NC,27601
120,Steele Creek Coffee Group LLC,,83-1835548,,scott.nguyen@steelebiz.com,633-613-3496,NSC_DIRECT,2023-09-05 05:45:57.126249-05:00,Winston-Salem,NC,27101
121,Perez Flooring Services LLC,,,5821,brian.sanchez@perezco.com,358-669-3717,CASCADE,2024-06-10 21:48:00.606130-05:00,Concord,NC,28025
122,Sunbelt Contractors Inc,,51-0836604,7914,kimberly.adams@sunbeltco.com,695-402-6871,BAYLINE,2020-06-03 05:54:46.425409-05:00,Riverside,CA,92501
123,Belmont Optical LLC,Belmont Optical,63-1678141,,sandra.perez@belmont.com,205-343-5308,CASCADE,2025-06-26 02:54:39.772348-05:00,Greenville,SC,29601
124,Davis Catering Co,,38-3226268,0509,daniel.robinson@davis.com,262-490-6096,BAYLINE,2021-03-16 03:40:16.667315-05:00,Nashville,TN,37201
125,Cherryville Coffee Group LLC,Cherryville Coffee Group,55-5320045,1762,katherine.lewis@cherryville.com,255-801-8083,NSC_DIRECT,2020-05-03 15:14:36.662380-05:00,Gastonia,NC,28054
126,Beatties Ford Optical Inc,,985442548,3667,sarah.thomas@beattiesbiz.com,821-315-6328,NSC_DIRECT,2021-04-17 13:00:35.144804-05:00,Gastonia,NC,28054
127,Boyd Tire Holdings LLC,,79-0441534,1087,brenda.wright@boydco.com,908-439-0213,NSC_DIRECT,2024-01-10 22:09:41.854126-05:00,Rock Hill,SC,29730
128,Beatties Ford Pest Control Inc,,28-8844122,3013,donna.jones@beattiesbiz.com,859-595-9456,NSC_DIRECT,2019-02-10 06:48:22.944879-05:00,Charlotte,NC,28202
129,Tryon HVAC Group LLC,,50-5809564,7688,ronald.miller@tryonco.com,556-926-0419,NSC_DIRECT,2022-10-15 14:46:29.560003-05:00,Atlanta,GA,30303
130,Carter Pharmacy Co,,32-9550116,6760,katherine.white@carterco.com,881-852-2416,BAYLINE,2020-10-01 15:10:11.573980-05:00,Norfolk,VA,23510
131,Gastonia Services Partners LLC,,26-7770427,,gregory.scott@gastoniabiz.com,8117270555,NSC_DIRECT,2023-10-26 14:00:57.396349-05:00,Charlotte,NC,28211
132,Cherryville Tax LLC,,41-4785523,6351,michelle.martin@cherryville.com,797-978-7908,BAYLINE,2022-01-20 22:04:29.971835-05:00,Charlotte,NC,28202
133,Huntersville Pharmacy LLC,,75-5019155,2079,pamela.green@huntersvillebiz.com,694-413-6455,NSC_DIRECT,2024-11-22 02:17:00.516051-05:00,Riverside,CA,92501
134,Rowan Company Co,,,4057,ryan.whitfield@rowaninc.com,353-626-5386,BAYLINE,2020-06-17 18:18:47.109851-05:00,Charlotte,NC,28211
135,Martinez Metal Inc,,97-2485243,4885,cynthia.roberts@martinezinc.com,823-565-7951,BAYLINE,2018-12-24 12:52:46.977489-05:00,Richmond,VA,23219
136,Tryon Brothers LLC,,27-1265358,,ronald.pridgen@tryonbiz.com,988-359-8477,NSC_DIRECT,2022-01-21 16:50:32.311227-05:00,Concord,NC,28025
137,Corner Rise Bakery LLC,,84-3921776,4417,owner@cornerrisebakery.com,704-555-0182,NSC_DIRECT,2023-05-18 10:41:00-05:00,Charlotte,NC,28205
138,Rowan Insurance Inc,Rowan Insurance,69-1976359,4924,emily.baker@rowanco.com,925-402-4011,NSC_DIRECT,2020-09-15 09:07:46.463428-05:00,Fresno,CA,93701
139,Steele Creek Body Shop LLC,Steele Creek Body Shop,237779065,2105,ryan.campbell@steele.com,(453) 424-5957,NSC_DIRECT,2024-04-06 14:48:21.101562-05:00,Knoxville,TN,37902
140,Blue Ridge Dental LLC,Blue Ridge Dental,67-0458693,,elizabeth.robinson@blue.com,205-330-8962,NSC_DIRECT,2022-08-09 07:11:35.627058-05:00,Durham,NC,27701
141,Cherryville Company Solutions Inc,,283650010,9919,barbara.anderson@cherryville.com,511-694-0786,BAYLINE,2022-09-23 17:39:41.661170-05:00,Gastonia,NC,28054
142,Dilworth Works Inc,,78 1352263,6855,charles.vasquez@dilworthinc.com,568-545-1190,BAYLINE,2020-05-26 20:32:28.257661-05:00,Winston-Salem,NC,27101
143,Cedar Metal Services LLC,Cedar Metal Services,51-3052124,,sarah.blalock@cedarbiz.com,837-738-1540,NSC_DIRECT,2023-03-30 17:43:05.514491-05:00,Riverside,CA,92501
144,Lee Pharmacy Solutions Inc,,33-6799913,7649,barbara.torres@leeinc.com,640-769-1779,NSC_DIRECT,2021-12-02 06:48:16.869761-05:00,Charlotte,NC,28211
145,Cedar Salon Co,Cedar Salon,,0053,sandra.blalock@cedarinc.com,695-836-5694,NSC_DIRECT,2022-05-12 12:37:55.876609-05:00,Greenville,SC,29601
146,Cherryville Security LLC,,93-2059959,9714,donna.davis@cherryville.com,5794256916,NSC_DIRECT,2025-10-21 21:23:36.083365-05:00,Nashville,TN,37201
147,Randolph Salon Inc,,EIN 98-0923872,,sharon.thomas@randolphbiz.com,5365022221,CASCADE,2019-10-09 07:40:55.740516-05:00,Bakersfield,CA,93301
148,Granite Roasters Inc,Granite Roasters,,7135,benjamin.vasquez@graniteinc.com,(557) 438-7421,NSC_DIRECT,2023-09-06 19:23:43.767240-05:00,Winston-Salem,NC,27101
149,Concord Enterprises LLC,,86-4931128,1336,emma.rivera@concord.com,448-748-1446,NSC_DIRECT,2024-03-27 11:16:25.208913-05:00,Winston-Salem,NC,27101
150,Lantern Roofing Solutions Inc,,73-1247946,9312,christopher.ramirez@lanternbiz.com,210-857-7477,NSC_DIRECT,2024-03-07 12:22:35.528208-05:00,Fresno,CA,93701
151,Pinehurst Welding Inc,Pinehurst Welding,56-9230743,1055,kathleen.miller@pinehurstinc.com,843-907-0738,NSC_DIRECT,2024-04-16 16:37:23.149918-05:00,Sacramento,CA,95814
152,Lincolnton Physical Therapy Group LLC,,58 5486873,,nicholas.wilson@lincolntoninc.com,8699320399,NSC_DIRECT,2025-01-31 10:05:13.697360-05:00,Concord,NC,28025
153,Elizabeth Welding Holdings LLC,Elizabeth Welding Holdings,720034274,3508,samuel.johnson@elizabeth.com,256-664-9396,CASCADE,2019-02-26 01:01:32.057952-05:00,Fresno,CA,93701
154,Concord Supply Co,Concord Supply,322082247,6414,daniel.clark@concordbiz.com,421-802-2617,NSC_DIRECT,2021-03-05 15:31:31.916995-05:00,Charlotte,NC,28202
155,Sunbelt Logistics LLC,Sunbelt Logistics,EIN 86-2474301,8529,patricia.clark@sunbeltbiz.com,(832) 076830,CASCADE,2023-07-07 04:05:11.157479-05:00,Bakersfield,CA,93301
156,Blue Ridge and Sons Inc,,22-0105210,6755,emma.allen@bluebiz.com,852-564-4614,NSC_DIRECT,2022-10-08 05:58:11.305012-05:00,Riverside,CA,92501
157,Lopez Landscape Inc,,,4784,margaret.walker@lopez.com,4814862306,NSC_DIRECT,2019-11-04 16:37:52.412722-05:00,Charlotte,NC,28211
158,Brown Freight Solutions Inc,,204588045,,donald.gonzalez@brown.com,246-431-3623,NSC_DIRECT,2022-12-31 18:38:13.123777-05:00,Nashville,TN,37201
159,Sardis Services LLC,,36-0039400,3723,patricia.ramirez@sardis.com,563-713-3513,NSC_DIRECT,2019-11-03 18:20:16.707346-05:00,Rock Hill,SC,29730
160,Belmont Roasters Inc,,85 6553830,0628,amy.smith@belmontbiz.com,692-412-1335,CASCADE,2018-12-30 10:24:13.108628-05:00,Bakersfield,CA,93301
161,Ironwood Print Inc,Ironwood Print,,5749,nancy.flores@ironwoodco.com,773-452-5620,NSC_DIRECT,2025-11-28 05:56:54.800366-05:00,Greenville,SC,29601
162,Mint Hill Irrigation LLC,,,0455,brian.walker@mintco.com,7924038361,NSC_DIRECT,2020-08-06 10:36:28.373933-05:00,Riverside,CA,92501
163,Hickory Logistics Group LLC,,51-2677626,5936,angela.vasquez@hickoryco.com,882-979-6405,BAYLINE,2020-06-01 13:58:40.807288-05:00,Norfolk,VA,23510
164,Cedar Freight Inc,,,8496,betty.wright@cedar.com,267-886-5529,NSC_DIRECT,2026-01-27 01:41:33.206202-05:00,Fresno,CA,93701
165,Beatties Ford Plumbing Services LLC,,50-6987095,8891,edward.young@beattiesbiz.com,254-697-5916,NSC_DIRECT,2025-02-20 02:28:07.862225-05:00,Bakersfield,CA,93301
166,Tuckaseegee Veterinary Partners LLC,,,3155,linda.rivera@tuckaseegeeinc.com,247-356-5359,NSC_DIRECT,2023-03-12 21:20:18.955262-05:00,Asheville,NC,28801
167,Concord Staffing LLC,Concord Staffing,43-4035185,4854,maria.lopez@concordco.com,513-998-7029,NSC_DIRECT,2020-12-18 03:21:17.350725-05:00,Gastonia,NC,28054
168,Kestrel Coffee Co,,80-5127441,2112,larry.hall@kestrelco.com,854-907-3675,NSC_DIRECT,2019-02-20 20:35:53.083850-05:00,Norfolk,VA,23510
169,Catawba Medical Billing LLC,,514053893,1542,sarah.rodriguez@catawbainc.com,542-809-1795,NSC_DIRECT,2023-04-18 18:06:59.479366-05:00,Columbia,SC,29201
170,Statesville Pest Control Holdings LLC,,24-3255595,9878,charles.blalock@statesvillebiz.com,499-938-2101,NSC_DIRECT,2019-09-17 08:35:54.782950-05:00,Durham,NC,27701
171,Rowan Machine LLC,,932041085,2088,katherine.allen@rowanco.com,409-368-4567,NSC_DIRECT,2022-11-19 09:51:14.092788-05:00,Durham,NC,27701
172,Cherryville Physical Therapy Partners LLC,,,4427,lisa.garcia@cherryvilleco.com,(895) 258-8277,CASCADE,2020-02-08 19:17:13.134709-05:00,Bakersfield,CA,93301
173,Tryon Services Holdings LLC,,292520014,8651,brian.vasquez@tryon.com,(285) 851-3370,CASCADE,2022-06-05 22:56:24.144344-05:00,Fresno,CA,93701
174,Yarborough Catering Co,Yarborough Catering,67-1020552,0813,sandra.adams@yarboroughco.com,571-960-7067,NSC_DIRECT,2021-11-28 06:10:23.912865-05:00,Greenville,SC,29601
175,Freedom Childcare Inc,,815003128,9386,emily.clark@freedom.com,674-233-7166,NSC_DIRECT,2023-09-27 02:07:18.918162-05:00,Durham,NC,27701
176,Tuckaseegee Company Holdings LLC,,83-1925580,2675,anthony.rivera@tuckaseegeeinc.com,841-658-3305,NSC_DIRECT,2023-01-01 15:46:11.230807-05:00,Charlotte,NC,28211
177,Young Insurance Solutions Inc,,,0880,lisa.johnson@youngco.com,501-394-9032,NSC_DIRECT,2022-01-21 12:22:44.740838-05:00,Riverside,CA,92501
178,Salisbury Supply LLC,,486841623,2537,cynthia.mabry@salisburybiz.com,432-882-2204,NSC_DIRECT,2025-12-03 21:35:35.248392-05:00,Atlanta,GA,30303
179,Matthews Roasters Holdings LLC,,87 4193575,0245,michael.clark@matthewsinc.com,4035953606,NSC_DIRECT,2022-10-28 04:54:43.925610-05:00,Knoxville,TN,37902
180,Sunbelt Print Inc,Sunbelt Print,27-8547096,2485,jessica.ramirez@sunbelt.com,4784748783,NSC_DIRECT,2025-10-25 15:57:49.543160-05:00,Rock Hill,SC,29730
181,Hickory Textile Services LLC,,56-8720919,6021,karen.smith@hickoryinc.com,232-222-4606,NSC_DIRECT,2024-08-06 20:07:43.872442-05:00,Sacramento,CA,95814
182,Idlewild Towing LLC,,42-4600947,2675,jason.king@idlewildbiz.com,865-398-0703,NSC_DIRECT,2025-09-08 03:09:07.052205-05:00,Columbia,SC,29201
183,Cedar Nursery Inc,,32-7798357,1997,dorothy.miller@cedar.com,274-473-2983,NSC_DIRECT,2025-02-15 14:45:42.513215-05:00,Columbia,SC,29201
184,Davidson Services Co,,,8229,kimberly.sanchez@davidsonco.com,523-630-2235,BAYLINE,2023-05-22 19:16:44.817352-05:00,Savannah,GA,31401
185,Uwharrie Metal Solutions Inc,,24-0020580,5807,nancy.smith@uwharrieco.com,6856119974,BAYLINE,2024-01-03 15:30:07.214473-05:00,Raleigh,NC,27601
186,Kannapolis Supply Group LLC,,27-6550134,4621,steven.martin@kannapolisco.com,409-570-1549,NSC_DIRECT,2020-11-30 15:29:54.344342-05:00,Greenville,SC,29601
187,Tryon Associates Partners LLC,,79-3100329,,samantha.hall@tryoninc.com,9682437299,BAYLINE,2025-11-12 23:18:47.404924-05:00,Asheville,NC,28801
188,Blalock Machine Inc,,79-2923091,,stephen.wilson@blalockco.com,446-464-2194,NSC_DIRECT,2024-09-11 06:51:26.726964-05:00,Riverside,CA,92501
189,Rowan Textile LLC,,39-6680510,4743,jennifer.campbell@rowaninc.com,438-510-2597,NSC_DIRECT,2024-07-20 02:04:59.339240-05:00,Bakersfield,CA,93301
190,Idlewild Works Co,,34-1932634,5706,jeffrey.hernandez@idlewildco.com,878-561-8108,CASCADE,2020-12-10 23:57:13.987161-05:00,Sacramento,CA,95814
191,Catawba Janitorial LLC,Catawba Janitorial,666746749,5658,emma.brown@catawbaco.com,9902342527,BAYLINE,2024-05-08 16:24:42.566185-05:00,Bakersfield,CA,93301
192,Catawba Fitness Inc,,265826582,9183,kimberly.jackson@catawba.com,5566869757,NSC_DIRECT,2022-07-07 13:11:43.757440-05:00,Raleigh,NC,27601
193,Steele Creek Supply Holdings LLC,,53-2433698,4205,margaret.yarborough@steeleinc.com,454-718-9093,NSC_DIRECT,2019-08-11 17:19:53.167947-05:00,Atlanta,GA,30303
194,Lantern Welding LLC,,38-1947180,,andrew.lopez@lanterninc.com,740-757-2750,NSC_DIRECT,2021-07-15 19:23:48.571507-05:00,Concord,NC,28025
195,Davidson Towing LLC,,61-7693759,4026,anthony.cheng@davidson.com,514-930-8948,NSC_DIRECT,2021-06-28 16:20:06.694221-05:00,Atlanta,GA,30303
196,Cornelius Body Shop LLC,,957244380,6884,angela.hill@corneliusco.com,678-341-0405,NSC_DIRECT,2020-02-12 18:16:54.422207-05:00,Riverside,CA,92501
197,Torres Freight LLC,,EIN 83-3463724,2501,joshua.young@torres.com,897-239-0679,NSC_DIRECT,2023-08-20 15:42:04.317950-05:00,Norfolk,VA,23510
198,Kestrel Brewing LLC,,749113180,1975,joshua.vasquez@kestrelco.com,5605800434,CASCADE,2023-06-30 19:56:38.912088-05:00,Winston-Salem,NC,27101
199,Scott Catering LLC,,579775989,,anthony.moore@scottinc.com,8094924817,NSC_DIRECT,2021-08-22 09:50:24.358988-05:00,Winston-Salem,NC,27101
200,Elizabeth Roofing LLC,,EIN 84-7380633,4188,katherine.perez@elizabethinc.com,254-743-2989,CASCADE,2024-10-31 12:36:43.509760-05:00,Fresno,CA,93701
201,Providence Salon Services LLC,,72-4952687,2189,kevin.thomas@providence.com,358-260-5047,CASCADE,2025-09-01 01:51:31.362579-05:00,Riverside,CA,92501
202,Shelby Machine Services LLC,,50 9933220,6261,ronald.patel@shelbybiz.com,369-453-4174,NSC_DIRECT,2023-02-16 10:49:27.746707-05:00,Charlotte,NC,28204
203,Uwharrie Tire LLC,,38-1415759,3406,karen.wright@uwharriebiz.com,823-538-8305,NSC_DIRECT,2022-02-15 03:48:13.993170-05:00,Durham,NC,27701
204,Cherryville Irrigation LLC,,54-8978498,2476,kimberly.hernandez@cherryville.com,578-591-3739,NSC_DIRECT,2024-12-29 05:44:31.442608-05:00,Savannah,GA,31401
205,Providence Childcare LLC,,25-4004461,,donald.hernandez@providence.com,249-868-1302,NSC_DIRECT,2025-03-20 13:42:53.904660-05:00,Raleigh,NC,27601
206,Lincolnton and Sons LLC,,55-3783056,0822,brenda.wilson@lincolntonbiz.com,953-703-4464,NSC_DIRECT,2024-10-23 02:36:33.873434-05:00,Rock Hill,SC,29730
207,Harbor Insurance LLC,,81 0224402,5962,laura.walker@harbor.com,411-616-9092,NSC_DIRECT,2023-10-16 23:27:06.234086-05:00,Richmond,VA,23219
208,Granite Brewing Group LLC,,45-5934294,8454,susan.hill@graniteinc.com,886-447-8597,NSC_DIRECT,2019-09-06 23:08:40.556845-05:00,Charlotte,NC,28202
209,Davidson and Sons Inc,,43-6848124,5655,jeffrey.flores@davidson.com,401-433-8974,BAYLINE,2021-05-12 22:07:11.955647-05:00,Durham,NC,27701
210,Ballantyne Textile LLC,Ballantyne Textile,651581630,9542,david.white@ballantyne.com,765-360-9915,CASCADE,2021-04-23 01:03:00.153388-05:00,Atlanta,GA,30303
211,Tryon Veterinary Co,,426768139,,deborah.hernandez@tryonco.com,610-281-6061,NSC_DIRECT,2023-05-18 00:39:07.657989-05:00,Charlotte,NC,28202
212,Sunbelt Veterinary Holdings LLC,,23-6272306,4848,nancy.johnson@sunbeltinc.com,491-269-8833,NSC_DIRECT,2025-07-21 18:31:42.308085-05:00,Knoxville,TN,37902
213,Cedar Partners Partners LLC,Cedar Partners Partners,,2910,susan.patel@cedarco.com,391-408-8701,NSC_DIRECT,2020-01-06 00:21:20.069948-05:00,Columbia,SC,29201
214,Monroe Group Solutions Inc,,51-6606798,0210,brandon.garcia@monroe.com,894-280-9702,BAYLINE,2021-01-05 01:30:17.943070-05:00,Knoxville,TN,37902
215,Steele Creek Freight LLC,,22-7994169,5925,rebecca.pridgen@steelebiz.com,689-884-3167,NSC_DIRECT,2022-06-07 07:14:09.938626-05:00,Norfolk,VA,23510
216,Freedom Grocery Holdings LLC,Freedom Grocery Holdings,67-5286635,7638,ryan.cheng@freedomco.com,5626686537,NSC_DIRECT,2020-03-27 00:01:29.696645-05:00,Sacramento,CA,95814
217,Harbor Group Co,,37-8916774,,edward.yarborough@harbor.com,652-515-7028,NSC_DIRECT,2019-08-21 11:15:38.749758-05:00,Savannah,GA,31401
218,Newton Insurance Partners LLC,,55-9652430,4229,rebecca.davis@newtonbiz.com,236-971-0335,CASCADE,2020-05-05 21:02:54.200181-05:00,Fresno,CA,93701
219,Blue Ridge Towing Inc,,,0426,andrew.walker@blueco.com,8789633347,CASCADE,2025-07-04 06:39:06.957547-05:00,Riverside,CA,92501
220,Dilworth Realty Solutions Inc,,40-3799933,8415,brandon.campbell@dilworth.com,(550) 574-4628,NSC_DIRECT,2023-03-07 01:21:02.305020-05:00,Savannah,GA,31401
221,Belmont and Sons LLC,Belmont and Sons,743387073,,rebecca.mabry@belmontbiz.com,973-881-2826,NSC_DIRECT,2023-12-05 01:18:05.857918-05:00,Asheville,NC,28801
222,Hickory Pest Control LLC,,727402009,3879,donna.campbell@hickoryinc.com,2613992651,CASCADE,2022-05-07 20:41:15.995534-05:00,Bakersfield,CA,93301
223,Beatties Ford Enterprises LLC,,78-1865024,7130,benjamin.thomas@beattiesinc.com,295-281-2839,NSC_DIRECT,2021-11-19 19:58:55.656525-05:00,Nashville,TN,37201
224,Hickory Welding LLC,,730496323,4305,joshua.nelson@hickoryinc.com,494-959-7014,NSC_DIRECT,2021-06-28 19:36:20.504647-05:00,Winston-Salem,NC,27101
225,Ballantyne Childcare Co,Ballantyne Childcare,36-9675398,9854,laura.ramirez@ballantynebiz.com,285-644-7619,BAYLINE,2019-04-10 15:57:24.548900-05:00,Knoxville,TN,37902
226,Sharon Childcare Holdings LLC,,34-4275772,3656,brandon.hill@sharonbiz.com,514-357-4783,BAYLINE,2020-09-14 15:29:00.069342-05:00,Gastonia,NC,28054
227,Mint Hill Enterprises Holdings LLC,,49 6378318,8153,brandon.rodriguez@mint.com,602-346-6710,BAYLINE,2022-06-27 17:03:19.174296-05:00,Nashville,TN,37201
228,Belmont Insurance LLC,Belmont Insurance,40-2204340,,steven.jones@belmontinc.com,209-622-0480,BAYLINE,2023-12-17 04:27:22.717328-05:00,Durham,NC,27701
229,Matthews Partners Services LLC,Matthews Partners Services,208585562,5952,eric.clark@matthewsinc.com,914-747-2441,NSC_DIRECT,2019-09-08 00:43:53.199834-05:00,Columbia,SC,29201
230,Maple Barber Holdings LLC,,40-1134762,6530,patricia.green@mapleco.com,961-783-2274,NSC_DIRECT,2022-12-31 06:12:53.754617-05:00,Asheville,NC,28801
231,Belmont Insurance Holdings LLC,,,8058,stephen.vasquez@belmontco.com,669-997-1046,BAYLINE,2020-01-31 06:10:38.106460-05:00,Durham,NC,27701
232,Statesville Welding Partners LLC,,65-1420623,5437,ronald.allen@statesvilleinc.com,868-398-9948,NSC_DIRECT,2019-09-29 16:02:55.401134-05:00,Charlotte,NC,28211
233,Gastonia Roofing LLC,,57-2083037,,kathleen.patel@gastoniainc.com,478-863-7932,NSC_DIRECT,2020-06-23 14:03:09.769618-05:00,Knoxville,TN,37902
234,Harbor Staffing Group LLC,,83-5442463,3749,anthony.clark@harborbiz.com,985-549-5626,NSC_DIRECT,2024-09-04 03:06:23.509842-05:00,Concord,NC,28025
235,Gastonia HVAC Partners LLC,,65-4459412,5111,larry.harris@gastoniaco.com,597-231-8587,BAYLINE,2023-06-14 09:12:30.333739-05:00,Charlotte,NC,28202
236,Randolph Veterinary Co,,60 1121202,7736,scott.wright@randolphinc.com,351-708-4025,NSC_DIRECT,2019-12-30 13:52:48.474833-05:00,Rock Hill,SC,29730
237,Catawba Works Partners LLC,Catawba Works Partners,77-2777050,4279,stephen.white@catawba.com,215-419-2624,NSC_DIRECT,2020-12-25 06:22:54.635073-05:00,Greenville,SC,29601
238,Ramirez Catering Holdings LLC,,29 9109773,9449,samuel.anderson@ramirezco.com,540-844-5124,NSC_DIRECT,2019-05-21 11:31:36.467357-05:00,Knoxville,TN,37902
239,Kestrel Paving LLC,,609818576,1669,jacob.miller@kestrelbiz.com,204-690-3651,BAYLINE,2024-09-10 11:46:54.779573-05:00,Gastonia,NC,28054
240,Lincolnton Salon LLC,Lincolnton Salon,64 4626473,3561,anthony.rodriguez@lincolntonco.com,349-912-9632,NSC_DIRECT,2021-07-19 15:34:20.018943-05:00,Concord,NC,28025
241,Shelby Partners LLC,,30-7060943,9827,michael.jackson@shelbybiz.com,287-531-6813,NSC_DIRECT,2025-02-13 20:32:53.740970-05:00,Greenville,SC,29601
242,Ironwood Roasters LLC,,63-2114966,3364,elizabeth.mabry@ironwoodinc.com,873-350-2687,NSC_DIRECT,2023-03-21 23:54:20.019624-05:00,Savannah,GA,31401
243,King Textile Partners LLC,,,0046,timothy.ramirez@king.com,533-516-4299,NSC_DIRECT,2021-11-08 02:03:19.692728-05:00,Asheville,NC,28801
244,Waxhaw Janitorial Solutions Inc,Waxhaw Janitorial Solutions,71-6298838,,thomas.patel@waxhaw.com,920-226-3894,NSC_DIRECT,2025-10-17 18:51:55.375772-05:00,Winston-Salem,NC,27101
245,Ironwood Realty Inc,,82-2788888,,margaret.allen@ironwoodbiz.com,550-407-3456,CASCADE,2020-03-10 10:00:33.878684-05:00,Fresno,CA,93701
246,Salisbury Grocery LLC,Salisbury Grocery,532533976,0873,pamela.carter@salisburyinc.com,264-285-6114,NSC_DIRECT,2019-01-13 16:05:31.845235-05:00,Savannah,GA,31401
247,Belmont Pest Control Partners LLC,,75-0868598,1172,laura.harris@belmontbiz.com,334-658-8250,NSC_DIRECT,2023-04-28 13:48:36.192575-05:00,Asheville,NC,28801
248,Hickory Physical Therapy LLC,Hickory Physical Therapy,21-3046155,4718,richard.nelson@hickoryco.com,340-334-2740,NSC_DIRECT,2021-11-09 20:34:35.673046-05:00,Norfolk,VA,23510
249,Gastonia Nursery LLC,,828559806,1394,brenda.mitchell@gastonia.com,545-490-5393,NSC_DIRECT,2022-12-17 12:54:44.694972-05:00,Charlotte,NC,28211
250,Tuckaseegee Pest Control LLC,,56-0184155,4335,samuel.lewis@tuckaseegeebiz.com,542-853-2569,BAYLINE,2022-08-17 14:39:15.726203-05:00,Fresno,CA,93701
251,Hickory and Sons Holdings LLC,,58-2415811,2210,joseph.thomas@hickorybiz.com,8106117513,BAYLINE,2023-08-17 13:01:15.893894-05:00,Winston-Salem,NC,27101
252,Idlewild Freight Holdings LLC,,45-2283782,4657,rebecca.garcia@idlewildco.com,6269666441,NSC_DIRECT,2022-07-27 06:39:46.567810-05:00,Greenville,SC,29601
253,Mallard Roofing Partners LLC,,60-0806831,3880,dorothy.smith@mallard.com,573-469-4696,NSC_DIRECT,2025-11-17 11:40:37.675205-05:00,Raleigh,NC,27601
254,Catawba Bakery Holdings LLC,Catawba Bakery Holdings,,9479,barbara.walker@catawbainc.com,990-527-3405,CASCADE,2019-09-21 14:13:09.597786-05:00,Riverside,CA,92501
255,Mooresville Body Shop LLC,,82-2436992,1466,sharon.pridgen@mooresvilleinc.com,762-955-0471,NSC_DIRECT,2021-03-01 12:45:01.378747-05:00,Gastonia,NC,28054
256,Davidson Welding Inc,,86-0755088,6339,donald.jackson@davidsonco.com,(430) 295-4396,BAYLINE,2025-09-13 03:53:39.276044-05:00,Nashville,TN,37201
257,Tryon Bakery LLC,Tryon Bakery,665915783,6918,barbara.wilson@tryoninc.com,220-376-2212,NSC_DIRECT,2025-05-20 03:31:19.313026-05:00,Fresno,CA,93701
258,Catawba Body Shop Group LLC,,842063790,2545,michael.rodriguez@catawbainc.com,993-602-2244,BAYLINE,2024-09-23 16:55:35.185135-05:00,Charlotte,NC,28202
259,Shelby Dental Solutions Inc,,646388807,4273,nicholas.jones@shelby.com,367-910-3888,NSC_DIRECT,2025-01-29 15:28:55.765726-05:00,Rock Hill,SC,29730
260,Freedom Realty Services LLC,,28-8378510,6463,ashley.wright@freedomco.com,380-312-6296,CASCADE,2021-12-09 22:54:14.158319-05:00,Sacramento,CA,95814
261,Huntersville Services Holdings LLC,,70-0396999,,deborah.davis@huntersvillebiz.com,875-289-6919,NSC_DIRECT,2020-03-05 01:21:33.227004-05:00,Bakersfield,CA,93301
262,Sharon Fitness Group LLC,Sharon Fitness Group,55-5557711,6448,patricia.hill@sharonco.com,343-785-5846,CASCADE,2019-11-17 05:36:52.928721-05:00,Fresno,CA,93701
263,Blue Ridge Partners Holdings LLC,,693414446,7808,justin.wilson@blueco.com,429-696-2340,NSC_DIRECT,2021-05-08 21:33:56.672829-05:00,Fresno,CA,93701
264,Perez Pest Control Solutions Inc,Perez Pest Control Solutions,27 6169646,0219,mark.gonzalez@perez.com,337-734-1591,NSC_DIRECT,2026-01-26 13:35:39.989779-05:00,Knoxville,TN,37902
265,Randolph Catering Group LLC,,982042779,3446,margaret.thompson@randolphinc.com,931-991-6350,NSC_DIRECT,2019-03-04 07:28:41.993708-05:00,Raleigh,NC,27601
266,Walker Janitorial Group LLC,,45-3204582,7278,justin.campbell@walkerinc.com,546-412-9183,NSC_DIRECT,2023-12-03 23:36:59.354637-05:00,Atlanta,GA,30303
267,Flores Freight LLC,,94-1681849,7941,donna.hill@flores.com,650-469-6863,NSC_DIRECT,2023-01-19 08:56:31.268301-05:00,Riverside,CA,92501
268,Randolph Tax Inc,,55-1559575,,angela.whitfield@randolphco.com,946-413-1929,NSC_DIRECT,2024-01-13 02:08:52.181299-05:00,Charlotte,NC,28202
269,King Pharmacy Inc,,,6668,andrew.young@kinginc.com,442-460-7955,BAYLINE,2020-06-18 23:54:48.790282-05:00,Riverside,CA,92501
270,Huntersville Medical Billing LLC,,21 7789819,4326,emma.whitfield@huntersvillebiz.com,373-786-9728,CASCADE,2021-02-10 09:23:06.531032-05:00,Gastonia,NC,28054
271,Davidson Fitness Services LLC,Davidson Fitness Services,63-2884639,6967,michael.suggs@davidsonbiz.com,270-925-4743,CASCADE,2023-02-08 09:48:17.555924-05:00,Bakersfield,CA,93301
272,Taylor Nursery LLC,,47-8107631,3266,rebecca.adams@taylor.com,865-895-3128,NSC_DIRECT,2022-11-30 17:21:26.699017-05:00,Sacramento,CA,95814
273,Waxhaw Brothers Solutions Inc,Waxhaw Brothers Solutions,EIN 29-6182500,,robert.vasquez@waxhawco.com,278-780-4518,NSC_DIRECT,2019-06-08 00:37:14.631215-05:00,Raleigh,NC,27601
274,Cherryville Textile LLC,,699684444,2209,mark.gonzalez@cherryvilleco.com,798-275-8161,BAYLINE,2020-05-02 06:14:53.622303-05:00,Riverside,CA,92501
275,Blue Ridge Brewing Co,,53-1634326,0154,amanda.taylor@bluebiz.com,758-504-1706,NSC_DIRECT,2021-10-24 02:57:29.152464-05:00,Richmond,VA,23219
276,Beatties Ford Staffing Partners LLC,,375132916,,george.pridgen@beattiesco.com,677-466-7291,NSC_DIRECT,2023-01-11 15:22:02.435554-05:00,Riverside,CA,92501
277,Blue Ridge Physical Therapy Co,Blue Ridge Physical Therapy,33-1305296,6951,pamela.lopez@blueinc.com,544-793-9751,BAYLINE,2025-02-24 14:34:20.014348-05:00,Sacramento,CA,95814
278,Blue Ridge Paving Solutions Inc,,EIN 40-8519067,9609,joshua.lewis@bluebiz.com,(593) 596-3767,NSC_DIRECT,2019-12-26 02:19:31.063490-05:00,Columbia,SC,29201
279,Newton Works Inc,,31-4263647,7652,kimberly.whitfield@newtonbiz.com,565-972-7340,NSC_DIRECT,2019-06-29 01:42:36.464627-05:00,Rock Hill,SC,29730
280,Sunbelt Electric LLC,,405759314,5968,gregory.yarborough@sunbeltco.com,999-763-9397,CASCADE,2025-04-21 08:01:26.195959-05:00,Riverside,CA,92501
281,Concord Welding LLC,,269200000,3706,benjamin.pridgen@concord.com,616-319-0937,NSC_DIRECT,2020-10-30 11:33:51.550166-05:00,Fresno,CA,93701
282,Statesville Fitness Inc,,569205718,2498,linda.smith@statesvilleinc.com,549-610-7196,NSC_DIRECT,2024-03-27 23:11:04.741922-05:00,Riverside,CA,92501
283,Moore Landscape Partners LLC,,66-1414598,4935,elizabeth.lee@mooreinc.com,278-368-5751,NSC_DIRECT,2022-10-30 04:13:55.394251-05:00,Rock Hill,SC,29730
284,Taylor Grocery Inc,,EIN 81-2013181,0223,rebecca.rivera@taylor.com,206-220-8441,NSC_DIRECT,2019-02-16 17:58:04.571040-05:00,Riverside,CA,92501
285,Cedar Textile Co,Cedar Textile,61-8069526,,edward.hill@cedar.com,3127810068,NSC_DIRECT,2020-01-03 15:31:27.919998-05:00,Charlotte,NC,28202
286,Elizabeth Brothers LLC,,55-6199529,4299,ronald.patel@elizabethinc.com,529-374-4133,BAYLINE,2023-03-22 20:54:47.385425-05:00,Riverside,CA,92501
287,Pinehurst Brewing LLC,,85-8007446,,robert.carter@pinehurstbiz.com,863-588-3410,CASCADE,2025-12-10 04:31:42.667099-05:00,Riverside,CA,92501
288,Uwharrie Irrigation Inc,,,6648,stephen.robinson@uwharrie.com,632-952-6287,NSC_DIRECT,2022-07-11 18:03:43.961810-05:00,Gastonia,NC,28054
289,Randolph Group Group LLC,Randolph Group Group,751397429,9732,elizabeth.okafor@randolph.com,338-990-9982,NSC_DIRECT,2020-04-02 18:16:01.553966-05:00,Fresno,CA,93701
290,Tryon Logistics Services LLC,,35-0304367,8955,jessica.yarborough@tryon.com,692-697-3577,NSC_DIRECT,2023-02-15 18:58:21.486564-05:00,Asheville,NC,28801
291,Granite HVAC Partners LLC,Granite HVAC Partners,41-9598905,,stephanie.cheng@graniteco.com,265-627-8339,NSC_DIRECT,2021-05-31 16:07:38.420295-05:00,Norfolk,VA,23510
292,Steele Creek Medical Billing Co,,74-0678449,2982,sandra.wright@steeleco.com,336-733-1375,BAYLINE,2023-08-15 10:32:41.930828-05:00,Greenville,SC,29601
293,Steele Creek Partners Co,,67-8694173,4895,kenneth.hill@steeleco.com,8429788413,BAYLINE,2020-05-19 06:53:56.960520-05:00,Charlotte,NC,28204
294,Monroe Services Co,,,2270,daniel.green@monroe.com,3038298015,NSC_DIRECT,2022-01-27 23:44:19.984715-05:00,Gastonia,NC,28054
295,Newton HVAC Partners LLC,,288414570,5566,william.gonzalez@newtonbiz.com,356-819-0270,BAYLINE,2022-10-11 21:01:22.139300-05:00,Savannah,GA,31401
296,Cornelius Fitness Co,,74-7759356,0896,kathleen.hall@corneliusbiz.com,563-639-5194,NSC_DIRECT,2025-09-23 16:42:09.643532-05:00,Atlanta,GA,30303
297,Kestrel Towing Partners LLC,,66-6504562,5913,anthony.campbell@kestrel.com,346-311-3808,NSC_DIRECT,2023-04-16 12:03:58.440141-05:00,Nashville,TN,37201
298,Freedom Associates Partners LLC,Freedom Associates Partners,23-9251370,8092,barbara.miller@freedomco.com,545-489-7312,BAYLINE,2024-04-01 20:12:59.850942-05:00,Greenville,SC,29601
299,Boyd Bakery Inc,,93-4571535,7467,steven.green@boydbiz.com,(269) 403-1438,NSC_DIRECT,2020-09-20 09:20:38.423194-05:00,Riverside,CA,92501
300,Sunbelt Group Services LLC,Sunbelt Group Services,70-9433712,2880,cynthia.hernandez@sunbeltbiz.com,(406) 990-4690,NSC_DIRECT,2019-05-15 17:18:49.632154-05:00,Durham,NC,27701
301,Salisbury Associates Services LLC,,24 7590295,,shirley.mabry@salisbury.com,768-854-8552,NSC_DIRECT,2025-01-21 08:18:44.782166-05:00,Bakersfield,CA,93301
302,Piedmont Optical Solutions Inc,,492194123,6408,shirley.torres@piedmontco.com,531-310-5219,NSC_DIRECT,2025-12-08 09:57:13.179627-05:00,Norfolk,VA,23510
303,Lantern Physical Therapy Partners LLC,,50-8637545,7714,timothy.whitfield@lanterninc.com,795-691-6696,NSC_DIRECT,2023-02-26 16:44:02.701250-05:00,Richmond,VA,23219
304,Newton Auto Partners LLC,,,3559,michael.martinez@newtoninc.com,211-897-7650,BAYLINE,2022-12-10 03:48:03.521773-05:00,Concord,NC,28025
305,Steele Creek Plumbing Inc,Steele Creek Plumbing,76-5594422,2496,betty.taylor@steele.com,(557) 447632,BAYLINE,2021-09-03 22:04:56.680366-05:00,Atlanta,GA,30303
306,Mooresville Associates Solutions Inc,,380470840,,charles.blalock@mooresville.com,296-519-1983,NSC_DIRECT,2019-03-31 05:31:46.265582-05:00,Charlotte,NC,28204
307,Rowan Irrigation Co,Rowan Irrigation,32-6512009,6842,jacob.okafor@rowanbiz.com,242-976-7258,NSC_DIRECT,2019-02-25 04:30:40.192304-05:00,Knoxville,TN,37902
308,Monroe Group LLC,,,7797,andrew.cheng@monroebiz.com,606-287-8791,BAYLINE,2025-01-18 21:26:36.964779-05:00,Norfolk,VA,23510
309,Sharon Veterinary LLC,,77-6885266,3483,susan.hill@sharon.com,546-582-4778,NSC_DIRECT,2021-07-07 04:56:06.039416-05:00,Winston-Salem,NC,27101
310,Hall Print LLC,Hall Print,498794482,2000,thomas.jones@hallinc.com,311-929-4716,NSC_DIRECT,2026-01-09 08:09:05.585068-05:00,Greenville,SC,29601
311,Cherryville Supply LLC,,41-2607683,,melissa.flores@cherryvilleco.com,996-554-3321,NSC_DIRECT,2022-06-25 16:59:37.543088-05:00,Charlotte,NC,28204
312,Pinehurst and Sons LLC,,68-8748846,4390,pamela.carter@pinehurst.com,4955869088,NSC_DIRECT,2025-12-18 10:14:26.116524-05:00,Knoxville,TN,37902
313,Sunbelt Tax Co,Sunbelt Tax,325484093,6826,dorothy.vasquez@sunbelt.com,217-601-0883,NSC_DIRECT,2022-05-17 01:42:14.864406-05:00,Sacramento,CA,95814
314,Matthews Paving Services LLC,,33-4962252,8564,laura.gonzalez@matthewsbiz.com,3503966237,NSC_DIRECT,2023-10-24 12:56:29.152269-05:00,Concord,NC,28025
315,Randolph Nursery Inc,Randolph Nursery,80-0504242,5961,melissa.whitfield@randolphco.com,425-711-7791,BAYLINE,2025-11-28 16:39:51.700326-05:00,Charlotte,NC,28204
316,Mint Hill Works Group LLC,Mint Hill Works Group,24-8405078,2054,michelle.flores@mintinc.com,482-911-4579,NSC_DIRECT,2020-10-13 10:34:28.752114-05:00,Riverside,CA,92501
317,Harbor Enterprises LLC,Harbor Enterprises,226470764,4704,charles.green@harborbiz.com,823-559-6991,NSC_DIRECT,2023-10-26 22:30:59.362952-05:00,Raleigh,NC,27601
318,Hickory and Sons LLC,Hickory and Sons,,2633,richard.nelson@hickoryinc.com,351-447-0364,NSC_DIRECT,2020-02-26 05:16:38.306330-05:00,Charlotte,NC,28211
319,Randolph Cabinet Partners LLC,Randolph Cabinet Partners,99-2731417,7339,betty.lewis@randolph.com,553-605-5559,NSC_DIRECT,2019-11-22 04:21:32.889066-05:00,Riverside,CA,92501
320,Rowan Dental LLC,,,4962,susan.baker@rowan.com,340-443-9403,NSC_DIRECT,2022-08-12 23:28:31.859564-05:00,Concord,NC,28025
321,Mabry Towing Co,,633726980,4447,thomas.thompson@mabrybiz.com,405-894-0197,BAYLINE,2022-08-21 17:10:39.862849-05:00,Durham,NC,27701
322,Beatties Ford Contractors LLC,,41 7932364,1721,dorothy.okafor@beatties.com,411-254-3528,NSC_DIRECT,2020-01-05 17:15:45.850330-05:00,Knoxville,TN,37902
323,Tryon Contractors Inc,Tryon Contractors,60-7533328,3616,jacob.young@tryon.com,213-453-2971,NSC_DIRECT,2021-09-30 06:15:30.312498-05:00,Charlotte,NC,28202
324,Kannapolis Staffing LLC,,66-7749072,,edward.jackson@kannapolisinc.com,894-210-2219,NSC_DIRECT,2023-09-06 13:33:14.615026-05:00,Concord,NC,28025
325,Kestrel Roofing Services LLC,,99-8116032,5023,sharon.hall@kestrelco.com,445-806-1041,NSC_DIRECT,2020-10-16 21:07:13.432920-05:00,Winston-Salem,NC,27101
326,Pinehurst Auto Co,Pinehurst Auto,799425121,5137,steven.taylor@pinehurstco.com,853-927-4500,NSC_DIRECT,2023-11-10 22:30:44.646033-05:00,Bakersfield,CA,93301
327,Salisbury Enterprises Partners LLC,,,8197,sharon.lopez@salisburyinc.com,277-984-3866,NSC_DIRECT,2024-07-17 11:31:32.553978-05:00,Richmond,VA,23219
328,Uwharrie Works LLC,Uwharrie Works,88-1069963,1778,kenneth.walker@uwharrie.com,417-744-5405,CASCADE,2019-04-06 21:12:50.759256-05:00,Riverside,CA,92501
329,Ballantyne Optical Holdings LLC,,,0943,ryan.wilson@ballantyneco.com,230-482-7465,CASCADE,2025-11-06 00:33:28.590984-05:00,Fresno,CA,93701
330,Tryon Bakery Solutions Inc,Tryon Bakery Solutions,880277369,7349,daniel.flores@tryoninc.com,390-765-3776,BAYLINE,2021-08-05 03:13:00.225783-05:00,Bakersfield,CA,93301
331,Freedom Nursery Holdings LLC,,425324098,5659,mark.robinson@freedom.com,684-796-0511,NSC_DIRECT,2022-11-11 18:01:32.071605-05:00,Charlotte,NC,28204
332,Blue Ridge Contractors Group LLC,,692614488,0688,cynthia.carter@blue.com,646-512-9631,NSC_DIRECT,2022-03-12 22:56:11.163261-05:00,Norfolk,VA,23510
333,Johnson Staffing Services LLC,Johnson Staffing Services,,9744,timothy.moore@johnsonbiz.com,648-560-4827,NSC_DIRECT,2021-10-05 19:18:21.634422-05:00,Sacramento,CA,95814
334,Kannapolis Catering Group LLC,,84-5225140,2810,amy.campbell@kannapolis.com,766-982-0469,NSC_DIRECT,2025-08-20 21:25:56.163383-05:00,Riverside,CA,92501
335,Cherryville Landscape Services LLC,,978186502,,gary.campbell@cherryvilleinc.com,(400) 408-4887,NSC_DIRECT,2023-06-27 13:11:23.190275-05:00,Winston-Salem,NC,27101
336,Davidson Landscape LLC,Davidson Landscape,81-8469459,2051,jason.flores@davidson.com,305-913-7206,CASCADE,2019-04-20 23:01:53.435241-05:00,Bakersfield,CA,93301
337,Lincolnton Irrigation Inc,Lincolnton Irrigation,32-0185899,9749,ryan.white@lincolntoninc.com,4897716784,NSC_DIRECT,2025-03-28 11:06:01.927729-05:00,Sacramento,CA,95814
338,Rowan Flooring Inc,Rowan Flooring,62-6441220,4544,nicholas.vasquez@rowanco.com,669-369-9365,NSC_DIRECT,2021-05-21 18:54:19.380114-05:00,Bakersfield,CA,93301
339,Elizabeth Catering Holdings LLC,,76-6117863,4597,amanda.yarborough@elizabethco.com,569-669-0378,BAYLINE,2019-07-03 03:21:38.273015-05:00,Savannah,GA,31401
340,Tryon HVAC Co,,38-7286712,4186,ronald.moore@tryoninc.com,(708) 474-8423,NSC_DIRECT,2025-07-24 20:08:56.648548-05:00,Fresno,CA,93701
341,Beatties Ford Body Shop Partners LLC,Beatties Ford Body Shop Partners,56-5831363,9254,stephanie.johnson@beattiesco.com,748-624-5531,NSC_DIRECT,2023-06-06 09:22:38.115884-05:00,Knoxville,TN,37902
342,Sardis Towing LLC,,56-8685530,8435,ryan.flores@sardisinc.com,797-999-2011,BAYLINE,2019-10-25 03:19:19.605158-05:00,Gastonia,NC,28054
343,Harbor Childcare LLC,,982839318,8294,ryan.sanchez@harborbiz.com,496-758-7119,NSC_DIRECT,2021-04-19 06:46:38.135030-05:00,Columbia,SC,29201
344,Maple Freight LLC,,52-5883233,4298,sharon.thompson@mapleinc.com,494-396-6948,BAYLINE,2025-02-03 01:33:27.240687-05:00,Charlotte,NC,28204
345,Statesville Contractors LLC,,,0103,joshua.king@statesvilleco.com,641-566-7623,NSC_DIRECT,2023-09-19 20:57:25.780512-05:00,Atlanta,GA,30303
346,Salisbury Roofing Partners LLC,,93-5711668,5616,joseph.moore@salisburyco.com,231-680-1280,NSC_DIRECT,2021-07-21 06:38:49.245404-05:00,Riverside,CA,92501
347,Mallard Brothers Partners LLC,,,5913,justin.jackson@mallardbiz.com,343-260-3223,CASCADE,2020-11-01 13:09:12.379785-05:00,Richmond,VA,23219
348,Maple Irrigation Holdings LLC,,51-7211010,2823,ashley.brown@maplebiz.com,448-321-3453,BAYLINE,2019-09-25 05:06:30.380148-05:00,Richmond,VA,23219
349,Mooresville Welding Solutions Inc,,294729594,1433,brandon.lee@mooresvilleinc.com,214-334-6573,CASCADE,2026-01-24 12:31:06.377084-05:00,Bakersfield,CA,93301
350,Hickory Associates Co,Hickory Associates,596502891,1933,anna.roberts@hickorybiz.com,465-956-3947,BAYLINE,2020-02-28 17:22:27.624645-05:00,Bakersfield,CA,93301
351,Cornelius Contractors Co,,69-3713892,,michael.baker@corneliusbiz.com,602-709-7229,NSC_DIRECT,2022-05-29 03:08:56.971471-05:00,Savannah,GA,31401
352,Granite Paving Group LLC,,EIN 20-9524139,2909,jessica.campbell@graniteinc.com,590-503-3607,BAYLINE,2025-10-03 17:03:38.122765-05:00,Fresno,CA,93701
353,Beatties Ford Associates Inc,,EIN 70-2231202,3271,robert.rivera@beattiesbiz.com,609-835-3925,CASCADE,2024-10-16 08:49:27.995830-05:00,Bakersfield,CA,93301
354,Elizabeth Physical Therapy LLC,Elizabeth Physical Therapy,90-1500390,3180,brandon.flores@elizabeth.com,594-380-8840,NSC_DIRECT,2025-08-21 09:25:34.827428-05:00,Charlotte,NC,28211
355,Harris Barber Group LLC,,610942120,2050,angela.jackson@harrisco.com,702-813-7971,NSC_DIRECT,2025-11-21 18:03:04.354856-05:00,Savannah,GA,31401
356,Cornelius Enterprises LLC,,EIN 50-1705757,9810,kathleen.hall@corneliusbiz.com,284-813-8724,NSC_DIRECT,2019-08-12 17:00:06.114588-05:00,Concord,NC,28025
357,Statesville Group LLC,,42 5414616,8157,kimberly.patel@statesvilleinc.com,427-272-9612,NSC_DIRECT,2021-09-16 21:06:19.959704-05:00,Riverside,CA,92501
358,Mallard Textile LLC,,EIN 55-0625850,,steven.martin@mallard.com,560-608-2914,NSC_DIRECT,2021-05-31 13:35:58.736307-05:00,Sacramento,CA,95814
359,Catawba Associates LLC,,EIN 96-7173102,7448,benjamin.perez@catawbainc.com,9002020848,NSC_DIRECT,2019-12-05 10:42:58.054898-05:00,Gastonia,NC,28054
360,Granite Roofing LLC,,218896700,3251,rebecca.adams@granitebiz.com,754-396-8499,NSC_DIRECT,2019-10-07 13:28:40.058719-05:00,Charlotte,NC,28204
361,Harbor Contractors Inc,,579531964,,ashley.jackson@harborbiz.com,2122063689,NSC_DIRECT,2020-04-18 04:32:35.301358-05:00,Rock Hill,SC,29730
362,Statesville Welding Co,,308568766,4066,barbara.mitchell@statesvilleco.com,881-494-0560,BAYLINE,2022-07-20 08:28:06.393096-05:00,Charlotte,NC,28204
363,Shelby Partners Co,,99-7553657,0462,thomas.young@shelbybiz.com,459-885-9592,NSC_DIRECT,2021-11-24 08:44:58.431304-05:00,Charlotte,NC,28204
364,Robinson Electric LLC,,55-3955551,1202,jeffrey.martin@robinson.com,271-266-4494,NSC_DIRECT,2025-09-26 11:11:10.453634-05:00,Charlotte,NC,28204
365,Salisbury Staffing Services LLC,Salisbury Staffing Services,60 2339405,9198,steven.lee@salisburyinc.com,4947394176,NSC_DIRECT,2019-02-02 06:08:14.946509-05:00,Greenville,SC,29601
366,Harbor Grocery Solutions Inc,Harbor Grocery Solutions,486332665,9182,joshua.robinson@harbor.com,297-676-2538,NSC_DIRECT,2020-12-31 03:40:29.149842-05:00,Sacramento,CA,95814
367,Cherryville Towing Inc,Cherryville Towing,80 6968599,9564,scott.martin@cherryvilleco.com,913-893-4280,CASCADE,2021-05-07 14:15:08.457149-05:00,Sacramento,CA,95814
368,Torres Staffing Solutions Inc,,EIN 50-8197537,2604,richard.wilson@torres.com,249-775-7970,NSC_DIRECT,2021-11-23 21:57:31.124500-05:00,Charlotte,NC,28204
369,Mint Hill Services Inc,,,7228,sarah.patel@mintbiz.com,625-522-9123,BAYLINE,2025-08-29 01:08:42.895175-05:00,Riverside,CA,92501
370,Concord Supply LLC,,494599547,0269,carol.nguyen@concordbiz.com,473-403-0270,NSC_DIRECT,2020-09-22 05:39:40.757150-05:00,Winston-Salem,NC,27101
371,Sanchez Grocery LLC,,,0777,nicholas.yarborough@sanchezco.com,980-273-6846,NSC_DIRECT,2025-07-01 01:22:01.721340-05:00,Charlotte,NC,28204
372,Harbor Optical Services LLC,,83-4618968,9056,betty.whitfield@harbor.com,576-677-0784,NSC_DIRECT,2023-06-06 18:45:28.212347-05:00,Fresno,CA,93701
373,Davidson Supply Inc,,59-2390377,4004,rebecca.cheng@davidson.com,241-398-1707,NSC_DIRECT,2025-06-14 22:07:20.216929-05:00,Durham,NC,27701
374,Idlewild Partners Holdings LLC,,,,mark.campbell@idlewildinc.com,7254379229,NSC_DIRECT,2021-12-07 16:01:57.266782-05:00,Knoxville,TN,37902
375,Martinez Towing LLC,,981051485,6812,edward.vasquez@martinezco.com,331-841-7610,NSC_DIRECT,2019-09-30 15:44:14.490445-05:00,Fresno,CA,93701
376,Tuckaseegee Partners LLC,,516908698,8768,david.okafor@tuckaseegeeco.com,510-336-2564,NSC_DIRECT,2021-12-22 03:34:57.722835-05:00,Savannah,GA,31401
377,Sharon Irrigation Inc,Sharon Irrigation,96-8999992,3281,anna.lewis@sharoninc.com,399-841-0335,CASCADE,2021-05-09 10:42:52.830995-05:00,Bakersfield,CA,93301
378,Providence Welding LLC,Providence Welding,EIN 97-4199922,8547,jennifer.mabry@providenceinc.com,515-660-4264,BAYLINE,2022-12-24 01:00:08.311301-05:00,Richmond,VA,23219
379,Rivera HVAC LLC,,91-8401707,8846,ashley.robinson@riverainc.com,541-505-2681,NSC_DIRECT,2019-10-30 05:38:26.757361-05:00,Fresno,CA,93701
380,Steele Creek Dental LLC,,,3034,kenneth.hall@steeleco.com,214-377-2111,NSC_DIRECT,2021-05-14 14:29:19.230324-05:00,Sacramento,CA,95814
381,Granite Metal Partners LLC,,41-8002037,3276,dorothy.scott@granitebiz.com,828-625-0423,NSC_DIRECT,2022-11-02 13:11:29.787929-05:00,Columbia,SC,29201
382,Granite Catering LLC,,36-7639177,5984,lisa.mitchell@granitebiz.com,553-375-7942,NSC_DIRECT,2019-11-25 20:26:06.045586-05:00,Concord,NC,28025
383,Hickory Print LLC,,43-8206295,8354,kevin.hall@hickory.com,944-866-3643,NSC_DIRECT,2023-07-15 01:56:35.360532-05:00,Columbia,SC,29201
384,Piedmont Paving Co,,20-9188808,6858,larry.lewis@piedmontbiz.com,640-697-1129,NSC_DIRECT,2020-03-21 22:26:15.091518-05:00,Asheville,NC,28801
385,Pinehurst Enterprises Services LLC,,96-2054426,3176,laura.smith@pinehurstco.com,889-398-9756,NSC_DIRECT,2021-08-20 05:33:31.310176-05:00,Charlotte,NC,28202
386,Kestrel Tax LLC,,33-1739854,5328,ronald.scott@kestrelbiz.com,507-437-3832,NSC_DIRECT,2024-03-02 04:53:10.438704-05:00,Richmond,VA,23219
387,Shelby Enterprises Partners LLC,,857146105,8492,deborah.nelson@shelbyinc.com,(677) 870-9004,NSC_DIRECT,2021-04-17 08:34:45.330799-05:00,Winston-Salem,NC,27101
388,Tryon HVAC Solutions Inc,Tryon HVAC Solutions,42-8619538,4050,jason.anderson@tryonbiz.com,623-283-5161,NSC_DIRECT,2024-03-26 06:13:57.655787-05:00,Charlotte,NC,28211
389,Shelby Salon Group LLC,Shelby Salon Group,689119491,6189,joshua.williams@shelbyinc.com,239-757-7161,NSC_DIRECT,2020-08-01 16:45:21.804522-05:00,Winston-Salem,NC,27101
390,Harbor Coffee Holdings LLC,,73-5861032,5658,christopher.anderson@harborbiz.com,601-213-9175,NSC_DIRECT,2025-05-16 15:00:45.395583-05:00,Gastonia,NC,28054
391,Walker Electric Services LLC,Walker Electric Services,301726368,1376,brian.okafor@walker.com,748-668-0026,BAYLINE,2025-01-05 11:48:05.565569-05:00,Asheville,NC,28801
392,Davidson Tax LLC,,57-7259530,,samantha.martinez@davidsonbiz.com,764-870-7842,NSC_DIRECT,2021-04-20 15:10:41.050382-05:00,Bakersfield,CA,93301
393,Mallard Paving LLC,Mallard Paving,EIN 27-9159814,7886,richard.anderson@mallardco.com,893-660-1342,CASCADE,2022-07-19 07:30:33.694445-05:00,Sacramento,CA,95814
394,Piedmont Works LLC,,57-6065018,4054,stephen.allen@piedmontco.com,255-404-1377,NSC_DIRECT,2020-01-18 07:21:06.390160-05:00,Savannah,GA,31401
395,Steele Creek Works LLC,,751861553,5727,matthew.walker@steelebiz.com,673-228-3028,BAYLINE,2020-06-24 13:06:49.193499-05:00,Gastonia,NC,28054
396,Randolph Company Holdings LLC,,377799237,,shirley.hill@randolphbiz.com,451-855-6175,BAYLINE,2021-02-06 07:47:03.668256-05:00,Rock Hill,SC,29730
397,Ironwood Partners Partners LLC,Ironwood Partners Partners,38-2846969,2085,matthew.suggs@ironwood.com,4328122141,BAYLINE,2025-09-17 10:45:20.571785-05:00,Rock Hill,SC,29730
398,Adams Flooring LLC,,89-1588414,4655,eric.thompson@adams.com,650-880-0099,BAYLINE,2019-03-19 17:58:31.628947-05:00,Columbia,SC,29201
399,Granite Childcare LLC,,37-1373661,3039,angela.mitchell@graniteinc.com,943-578-2461,NSC_DIRECT,2020-11-13 08:54:16.919508-05:00,Greenville,SC,29601
400,Mint Hill Medical Billing LLC,Mint Hill Medical Billing,238077975,9142,james.patel@mintbiz.com,712-873-4560,CASCADE,2021-10-24 20:43:23.550226-05:00,Richmond,VA,23219
401,Walker Metal Co,,315872704,0085,donna.perez@walkerco.com,904-845-3719,BAYLINE,2022-12-26 18:51:42.667201-05:00,Savannah,GA,31401
402,"Corner Rise Bakery, LLC",,843921776,4417,owner@cornerrisebakery.com,7045550182,NSC_DIRECT,2024-09-03 16:22:00-05:00,Charlotte,NC,28205
403,Blue Ridge Associates Services LLC,,48-5752630,5236,david.taylor@blueinc.com,980-884-0692,NSC_DIRECT,2020-11-07 04:52:05.289391-05:00,Bakersfield,CA,93301
404,Maple Print LLC,Maple Print,,1675,melissa.whitfield@mapleco.com,293-342-1315,BAYLINE,2019-06-07 12:49:48.058197-05:00,Asheville,NC,28801
405,Waxhaw Insurance LLC,,20 4721288,3542,gregory.harris@waxhaw.com,3334204336,CASCADE,2023-06-27 02:49:18.015645-05:00,Bakersfield,CA,93301
406,Concord Print LLC,,46-2043239,1066,jennifer.thompson@concordbiz.com,859-360-3351,NSC_DIRECT,2019-04-15 16:38:17.905569-05:00,Columbia,SC,29201
407,Ironwood Roofing Solutions Inc,Ironwood Roofing Solutions,81-7262440,0130,steven.blalock@ironwood.com,688-545-6172,NSC_DIRECT,2021-12-09 00:10:07.519416-05:00,Durham,NC,27701
408,Sanchez Nursery Partners LLC,,85-0019326,,gregory.williams@sanchez.com,(454) 367-2079,NSC_DIRECT,2022-06-25 11:59:50.974060-05:00,Nashville,TN,37201
409,Hickory Brothers Inc,Hickory Brothers,24-5766684,4915,kimberly.clark@hickorybiz.com,618-227-1916,NSC_DIRECT,2019-10-12 04:12:58.450209-05:00,Nashville,TN,37201
410,Martin Grocery LLC,,54-9435167,5670,gary.thompson@martinbiz.com,955-615-2312,NSC_DIRECT,2025-10-03 09:49:34.010916-05:00,Knoxville,TN,37902
411,Newton Associates Services LLC,,23-1090504,,barbara.walker@newton.com,285-693-2079,NSC_DIRECT,2024-04-10 12:31:05.295678-05:00,Charlotte,NC,28202
412,Rowan HVAC Co,,41-9472522,,anthony.wilson@rowanco.com,682-609-0251,BAYLINE,2023-03-15 18:57:30.827533-05:00,Nashville,TN,37201
413,Pinehurst Print LLC,,40 1343194,1366,andrew.walker@pinehurstbiz.com,727-603-3637,NSC_DIRECT,2024-07-05 11:23:44.229358-05:00,Raleigh,NC,27601
414,Providence Supply Co,,712222382,0505,dorothy.moore@providence.com,940-452-5731,NSC_DIRECT,2019-10-23 01:46:01.328317-05:00,Richmond,VA,23219
415,Shelby Tax Inc,Shelby Tax,68-0332969,8774,thomas.patel@shelby.com,9645837898,BAYLINE,2020-01-25 12:41:03.565632-05:00,Winston-Salem,NC,27101
416,Providence Dental Inc,,207993913,0110,samantha.allen@providencebiz.com,837-854-1850,CASCADE,2025-08-30 08:58:20.858550-05:00,Columbia,SC,29201
417,Lincolnton Towing LLC,Lincolnton Towing,22-0015991,1910,richard.nelson@lincolnton.com,(494) 838-6344,BAYLINE,2020-12-06 01:36:53.923946-05:00,Winston-Salem,NC,27101
418,Ironwood Pest Control Solutions Inc,Ironwood Pest Control Solutions,40-9743984,7658,melissa.patel@ironwoodinc.com,673-375-8078,NSC_DIRECT,2023-04-03 04:21:26.339006-05:00,Knoxville,TN,37902
419,Statesville Plumbing LLC,,89-6064358,3541,margaret.yarborough@statesvilleco.com,412-886-4884,NSC_DIRECT,2020-01-11 13:11:55.542052-05:00,Charlotte,NC,28204
420,Mint Hill Bakery LLC,,418508188,7140,timothy.adams@mint.com,387-750-9804,NSC_DIRECT,2021-12-17 13:08:23.688263-05:00,Sacramento,CA,95814
421,Cherryville Brewing Partners LLC,,40-0750257,6695,nicole.gonzalez@cherryville.com,303-840-2900,NSC_DIRECT,2020-10-10 23:44:48.218327-05:00,Charlotte,NC,28202
422,Blue Ridge Optical Holdings LLC,,57-5720757,,ronald.nguyen@blueinc.com,937-430-0332,NSC_DIRECT,2022-11-22 20:20:45.600926-05:00,Columbia,SC,29201
423,Salisbury Tax Solutions Inc,Salisbury Tax Solutions,27 0063054,,william.boyd@salisburybiz.com,741-949-0977,NSC_DIRECT,2025-07-18 14:00:36.132865-05:00,Greenville,SC,29601
424,Cherryville Partners Holdings LLC,,638644505,4227,linda.blalock@cherryvilleinc.com,686-679-1609,CASCADE,2023-10-02 23:49:37.892920-05:00,Bakersfield,CA,93301
425,Shelby Brothers Inc,,58-7532777,1317,brenda.yarborough@shelbyco.com,882-440-5471,NSC_DIRECT,2019-12-20 07:21:47.139960-05:00,Fresno,CA,93701
426,Newton Roofing LLC,,489868660,9060,rebecca.thompson@newtonco.com,973-590-0011,BAYLINE,2022-11-27 17:26:44.626538-05:00,Knoxville,TN,37902
427,Salisbury Insurance Inc,Salisbury Insurance,89-8739341,8789,elizabeth.martin@salisburybiz.com,4696096934,CASCADE,2023-02-16 22:44:01.461230-05:00,Bakersfield,CA,93301
428,Matthews Realty LLC,,23-0112843,1466,robert.moore@matthewsco.com,229-863-3193,BAYLINE,2023-09-21 23:30:05.610785-05:00,Charlotte,NC,28204
429,Cherryville Services LLC,Cherryville Services,972950576,5228,edward.taylor@cherryville.com,570-222-1934,NSC_DIRECT,2024-08-12 22:39:32.337827-05:00,Savannah,GA,31401
430,Mooresville Works Co,,521053530,5685,karen.hall@mooresville.com,718-992-2216,NSC_DIRECT,2024-10-28 19:20:28.951729-05:00,Riverside,CA,92501
431,Tuckaseegee Group Co,,87-2169334,5052,gary.white@tuckaseegeebiz.com,(729) 976-8380,CASCADE,2020-03-24 05:27:50.541394-05:00,Bakersfield,CA,93301
432,Blue Ridge Roasters Co,,,7543,daniel.torres@blueinc.com,9058528486,NSC_DIRECT,2019-04-10 16:40:02.501004-05:00,Charlotte,NC,28211
433,Ironwood Electric LLC,Ironwood Electric,80 4465535,4215,jessica.harris@ironwood.com,630-537-8205,NSC_DIRECT,2020-07-29 15:22:43.766868-05:00,Concord,NC,28025
434,Providence Paving LLC,,52-4752941,7823,richard.hill@providence.com,213-329-5632,NSC_DIRECT,2021-09-15 11:41:05.561013-05:00,Greenville,SC,29601
435,Hall Grocery Group LLC,,23-0547436,7159,anthony.pridgen@hallco.com,6638883733,CASCADE,2021-06-05 07:52:53.605038-05:00,Riverside,CA,92501
436,Sharon Nursery LLC,,69 3949073,9666,donna.scott@sharon.com,6857931507,NSC_DIRECT,2021-08-20 23:37:58.285048-05:00,Knoxville,TN,37902
437,Tryon Medical Billing Partners LLC,,313992050,,amy.miller@tryoninc.com,701-631-6783,CASCADE,2024-01-10 20:06:00.314529-05:00,Sacramento,CA,95814
438,Waxhaw Coffee LLC,,,,robert.king@waxhawinc.com,640-889-7425,NSC_DIRECT,2022-07-08 05:29:31.314323-05:00,Charlotte,NC,28204
439,Uwharrie Security Holdings LLC,Uwharrie Security Holdings,39-3788629,0379,ashley.taylor@uwharrieinc.com,621-900-5334,NSC_DIRECT,2024-03-24 14:30:50.075048-05:00,Columbia,SC,29201
440,Randolph Physical Therapy Group LLC,,372649544,,jonathan.pridgen@randolphinc.com,535-232-3635,NSC_DIRECT,2020-03-03 01:02:18.289435-05:00,Riverside,CA,92501
441,Ironwood Paving Partners LLC,,94-0233309,0703,robert.clark@ironwood.com,653-607-0362,NSC_DIRECT,2023-04-05 19:06:38.518454-05:00,Gastonia,NC,28054
442,Elizabeth Roasters Partners LLC,Elizabeth Roasters Partners,25-5095571,8265,nancy.gonzalez@elizabethinc.com,819-420-5454,NSC_DIRECT,2020-09-01 07:57:25.840429-05:00,Columbia,SC,29201
443,Lee Flooring LLC,Lee Flooring,457945166,9021,rebecca.boyd@leebiz.com,(610) 175429,CASCADE,2024-08-29 18:16:58.428111-05:00,Sacramento,CA,95814
444,Sunbelt Pharmacy Inc,,89-6495286,8077,gary.campbell@sunbeltbiz.com,738-297-3489,NSC_DIRECT,2019-07-11 03:15:07.462573-05:00,Durham,NC,27701
445,Randolph Enterprises Co,,EIN 89-0598834,4428,barbara.boyd@randolph.com,504-810-0659,NSC_DIRECT,2021-02-03 03:31:00.705771-05:00,Norfolk,VA,23510
446,Uwharrie Janitorial Partners LLC,,55-2650005,,jennifer.blalock@uwharrieinc.com,(371) 668-9713,NSC_DIRECT,2020-03-12 01:25:50.889899-05:00,Atlanta,GA,30303
447,Elizabeth Services Group LLC,,751221272,9409,george.boyd@elizabeth.com,990-515-1011,NSC_DIRECT,2024-06-12 10:00:16.320540-05:00,Gastonia,NC,28054
448,Piedmont Pharmacy Holdings LLC,,73-6719591,,anna.johnson@piedmontinc.com,885-487-6067,NSC_DIRECT,2025-09-09 05:13:52.584549-05:00,Greenville,SC,29601
449,Hall Freight Partners LLC,,964461527,6321,eric.mitchell@hallinc.com,(869) 379-6506,NSC_DIRECT,2023-03-04 09:13:26.294778-05:00,Sacramento,CA,95814
450,Kestrel Childcare Solutions Inc,,65-5345806,7109,susan.mabry@kestrelinc.com,500-472-6407,NSC_DIRECT,2023-04-12 08:39:02.352727-05:00,Durham,NC,27701
451,Huntersville Company LLC,Huntersville Company,60-1616211,9085,karen.davis@huntersvillebiz.com,3438153255,BAYLINE,2025-08-07 20:31:53.476525-05:00,Nashville,TN,37201
452,Sharon Janitorial LLC,,231432610,3371,george.lee@sharonbiz.com,6728521005,NSC_DIRECT,2021-02-24 11:47:55.680530-05:00,Winston-Salem,NC,27101
453,Elizabeth Barber Inc,,80-3414938,9845,jacob.anderson@elizabethbiz.com,786-282-4189,BAYLINE,2023-03-26 23:19:13.743901-05:00,Knoxville,TN,37902
454,Elizabeth Company Inc,,554437038,8773,barbara.walker@elizabethinc.com,501-463-7695,CASCADE,2025-08-23 19:52:39.560103-05:00,Fresno,CA,93701
455,Statesville Body Shop LLC,,76-6560192,3369,carol.davis@statesvillebiz.com,760-552-6911,NSC_DIRECT,2020-02-16 21:31:41.550004-05:00,Rock Hill,SC,29730
456,Waxhaw Security LLC,,81-9141303,9877,david.green@waxhaw.com,9248136735,NSC_DIRECT,2021-10-25 05:25:59.685332-05:00,Greenville,SC,29601
457,Blue Ridge Partners LLC,Blue Ridge Partners,98-2251831,0525,sarah.miller@bluebiz.com,9183536754,NSC_DIRECT,2019-10-23 17:09:21.336818-05:00,Charlotte,NC,28204
458,Belmont Associates LLC,Belmont Associates,287334764,5594,donna.davis@belmontbiz.com,526-610-1257,CASCADE,2019-07-23 05:37:52.999584-05:00,Fresno,CA,93701
459,Sanchez Welding Holdings LLC,,95-4614621,4752,emma.ramirez@sanchezbiz.com,484-841-3812,NSC_DIRECT,2019-10-08 09:55:58.583793-05:00,Greenville,SC,29601
460,Sharon Pest Control LLC,,25-1512708,4370,rebecca.walker@sharon.com,513-450-8431,NSC_DIRECT,2025-02-17 13:37:30.094332-05:00,Richmond,VA,23219
461,Elizabeth Services LLC,,773550742,8242,michael.vasquez@elizabethbiz.com,647-259-1568,NSC_DIRECT,2023-03-22 10:15:16.745065-05:00,Richmond,VA,23219
462,Providence Textile LLC,,26-2165674,0525,samuel.miller@providence.com,318-966-1487,NSC_DIRECT,2022-02-02 16:14:39.787936-05:00,Columbia,SC,29201
463,Sharon Brewing Partners LLC,,83-8385312,,elizabeth.smith@sharoninc.com,223-839-4183,NSC_DIRECT,2022-06-05 07:47:10.494224-05:00,Rock Hill,SC,29730
464,Tryon Enterprises Inc,,62-5032273,,stephanie.suggs@tryoninc.com,917-800-4763,NSC_DIRECT,2023-11-01 15:39:48.481084-05:00,Riverside,CA,92501
465,Freedom Coffee Group LLC,,746859125,5458,kathleen.gonzalez@freedomco.com,492-640-7289,NSC_DIRECT,2022-07-30 11:43:35.704527-05:00,Norfolk,VA,23510
466,Robinson Machine Solutions Inc,,36-0194604,6221,timothy.carter@robinson.com,863-231-0406,NSC_DIRECT,2021-03-27 00:27:55.605399-05:00,Norfolk,VA,23510
467,Catawba Group Solutions Inc,,651192926,0980,jeffrey.garcia@catawbaco.com,489-890-2754,NSC_DIRECT,2021-08-19 03:55:37.275792-05:00,Rock Hill,SC,29730
468,Beatties Ford Supply LLC,Beatties Ford Supply,23-4411343,,matthew.nelson@beatties.com,297-696-8743,NSC_DIRECT,2025-12-22 12:19:39.515288-05:00,Gastonia,NC,28054
469,Mooresville Paving Partners LLC,,50-4598211,5815,robert.hall@mooresvilleco.com,743-657-3119,NSC_DIRECT,2020-04-16 06:20:30.748666-05:00,Charlotte,NC,28211
470,Shelby Services LLC,Shelby Services,87-6292613,0791,angela.taylor@shelbyco.com,482-714-4001,BAYLINE,2022-04-08 01:51:52.533225-05:00,Savannah,GA,31401
471,Sharon Physical Therapy Co,,95 8995215,,christopher.perez@sharonco.com,768-707-8573,NSC_DIRECT,2025-01-30 23:25:26.898487-05:00,Knoxville,TN,37902
472,Uwharrie Associates LLC,,85-5402122,3581,kevin.moore@uwharrieinc.com,653-292-3657,BAYLINE,2022-09-20 04:01:21.461159-05:00,Fresno,CA,93701
473,Baker Auto LLC,,91 5673612,5003,angela.patel@bakerinc.com,847-842-6806,BAYLINE,2020-06-07 19:21:33.661432-05:00,Atlanta,GA,30303
474,Cornelius Coffee Holdings LLC,,41-3784150,3605,william.torres@corneliusinc.com,773-707-9499,NSC_DIRECT,2022-05-27 16:55:25.004798-05:00,Rock Hill,SC,29730
475,Kestrel Roasters Group LLC,Kestrel Roasters Group,51-6359113,0751,nancy.robinson@kestrelbiz.com,632-357-6503,BAYLINE,2024-11-28 01:44:30.091740-05:00,Gastonia,NC,28054
476,Cherryville Staffing Group LLC,Cherryville Staffing Group,46-3829922,3202,jacob.taylor@cherryvilleco.com,891-845-1888,CASCADE,2022-06-11 13:51:55.468652-05:00,Bakersfield,CA,93301
477,Waxhaw Logistics Group LLC,,,4082,daniel.nguyen@waxhawbiz.com,540-381-0616,NSC_DIRECT,2021-07-16 12:01:45.983153-05:00,Winston-Salem,NC,27101
478,Lantern Auto LLC,,99-2422654,9307,carol.williams@lanternbiz.com,4337772889,NSC_DIRECT,2021-10-01 04:11:32.839032-05:00,Rock Hill,SC,29730
479,Maple Dental LLC,,442250409,8879,jessica.lopez@mapleinc.com,720-289-9770,CASCADE,2023-06-25 12:38:54.110934-05:00,Charlotte,NC,28202
480,Roberts Welding Services LLC,,79 0004325,7026,justin.perez@robertsco.com,840-615-6766,BAYLINE,2025-02-12 20:18:53.335780-05:00,Nashville,TN,37201
481,Waxhaw Roasters LLC,Waxhaw Roasters,,6822,scott.vasquez@waxhawbiz.com,(792) 430-2850,BAYLINE,2020-03-29 14:34:24.927966-05:00,Atlanta,GA,30303
482,Matthews Partners Holdings LLC,Matthews Partners Holdings,83-6584430,1361,donald.gonzalez@matthews.com,917-376-9924,BAYLINE,2021-07-10 12:28:39.922012-05:00,Fresno,CA,93701
483,Huntersville Supply Group LLC,,26-7696409,,karen.wilson@huntersvillebiz.com,788-846-4122,CASCADE,2019-07-07 14:56:14.863455-05:00,Sacramento,CA,95814
484,Matthews and Sons Partners LLC,Matthews and Sons Partners,87-3817473,1658,jason.green@matthewsbiz.com,659-726-5032,NSC_DIRECT,2025-08-30 10:40:18.104937-05:00,Charlotte,NC,28211
485,Granite Textile Holdings LLC,,,2751,brian.thompson@granitebiz.com,7844096535,NSC_DIRECT,2019-10-01 15:31:04.750239-05:00,Rock Hill,SC,29730
486,Shelby Brothers LLC,,34-5176368,6679,margaret.wilson@shelbyinc.com,606-409-6118,NSC_DIRECT,2025-07-28 16:16:33.744209-05:00,Charlotte,NC,28204
487,Sharon Realty Holdings LLC,,84-7593261,8092,maria.lewis@sharoninc.com,355-947-3859,NSC_DIRECT,2025-05-21 05:07:37.043094-05:00,Greenville,SC,29601
488,Newton Supply Inc,,47-3166120,,anthony.king@newtonco.com,3535203392,NSC_DIRECT,2023-07-30 12:22:51.178336-05:00,Richmond,VA,23219
489,Shelby Optical LLC,,98-8301014,9791,jennifer.jones@shelbyinc.com,(310) 220-6439,NSC_DIRECT,2021-01-04 17:23:12.697948-05:00,Charlotte,NC,28211
490,Ballantyne Barber LLC,,61-0727237,5996,ashley.carter@ballantyneinc.com,377-337-7797,NSC_DIRECT,2019-09-03 10:36:36.191869-05:00,Sacramento,CA,95814
491,Huntersville Catering Group LLC,,803060587,2648,amy.harris@huntersvillebiz.com,(723) 143118,NSC_DIRECT,2024-09-07 22:09:26.614732-05:00,Knoxville,TN,37902
492,Ironwood Veterinary LLC,,718868442,9705,gary.taylor@ironwoodinc.com,272-574-8839,NSC_DIRECT,2025-01-16 01:55:12.244233-05:00,Norfolk,VA,23510
493,Robinson Coffee LLC,,94-3669108,,david.white@robinsoninc.com,744-321-3704,NSC_DIRECT,2019-01-01 12:42:26.512747-05:00,Concord,NC,28025
494,Sharon Brothers Solutions Inc,Sharon Brothers Solutions,36-3730819,8690,anna.whitfield@sharoninc.com,901-947-7651,NSC_DIRECT,2024-10-29 18:10:25.524062-05:00,Sacramento,CA,95814
495,Rowan Janitorial Group LLC,Rowan Janitorial Group,35-5222747,,kenneth.walker@rowan.com,394-302-9137,NSC_DIRECT,2024-12-22 12:09:16.913558-05:00,Knoxville,TN,37902
496,Patel Security Co,,97-2155843,0804,brenda.lee@patelinc.com,489-233-4284,NSC_DIRECT,2025-08-26 22:33:47.153634-05:00,Asheville,NC,28801
497,Miller Machine Group LLC,Miller Machine Group,EIN 41-9149506,,samuel.vasquez@millerco.com,688-705-7747,NSC_DIRECT,2024-04-24 18:11:07.160400-05:00,Fresno,CA,93701
498,Dilworth Tax LLC,,66-5749196,2674,emma.lee@dilworth.com,374-403-3168,NSC_DIRECT,2025-05-10 08:51:39.489828-05:00,Richmond,VA,23219
499,Gastonia Services LLC,,33-1372736,8141,anthony.allen@gastoniaco.com,479-903-7708,NSC_DIRECT,2024-10-25 20:46:36.243304-05:00,Savannah,GA,31401
500,Tuckaseegee Body Shop LLC,,EIN 37-8440051,0760,jonathan.whitfield@tuckaseegeeinc.com,614-717-5893,CASCADE,2019-06-15 00:12:12.410767-05:00,Riverside,CA,92501
501,Lincolnton Enterprises Inc,Lincolnton Enterprises,99-3832870,8864,daniel.garcia@lincolnton.com,914-745-6082,NSC_DIRECT,2022-08-26 05:32:23.900039-05:00,Asheville,NC,28801
502,Williams Optical Holdings LLC,,65-2294938,2291,dorothy.thomas@williamsbiz.com,242-276-2175,NSC_DIRECT,2025-03-14 22:46:55.749658-05:00,Asheville,NC,28801
503,Providence Brewing Holdings LLC,,557601053,8958,joseph.garcia@providenceco.com,253-389-6134,NSC_DIRECT,2022-02-10 16:35:16.342619-05:00,Greenville,SC,29601
504,Lantern Towing Co,,31-4796245,0054,sarah.cheng@lanternbiz.com,754-957-1336,NSC_DIRECT,2024-07-12 00:10:03.162669-05:00,Norfolk,VA,23510
505,Maple Associates Inc,,36-9470724,,jessica.adams@mapleinc.com,363-762-2114,BAYLINE,2023-09-06 13:36:03.343641-05:00,Atlanta,GA,30303
506,Harbor Brothers Partners LLC,Harbor Brothers Partners,271142259,0667,laura.pridgen@harborbiz.com,942-874-5412,NSC_DIRECT,2021-05-26 11:46:54.237308-05:00,Charlotte,NC,28202
507,Matthews Towing LLC,Matthews Towing,31-3036393,0485,nicole.cheng@matthewsinc.com,803-597-1653,BAYLINE,2021-07-20 20:32:24.490903-05:00,Charlotte,NC,28211
508,Providence Brewing LLC,,33-4902222,,carol.gonzalez@providence.com,425-396-7896,CASCADE,2022-11-02 01:21:05.939740-05:00,Bakersfield,CA,93301
509,Okafor Metal LLC,,42 5292656,7731,edward.jones@okafor.com,420-896-6444,NSC_DIRECT,2023-03-29 17:14:46.954997-05:00,Charlotte,NC,28202
510,Mint Hill Contractors LLC,,62-0127093,,ashley.mitchell@mintco.com,433-668-9080,NSC_DIRECT,2021-03-13 06:58:06.387287-05:00,Bakersfield,CA,93301
511,Mint Hill Grocery Services LLC,Mint Hill Grocery Services,85-2774083,,michelle.nelson@mintco.com,295-957-5619,NSC_DIRECT,2020-07-18 19:40:52.361840-05:00,Richmond,VA,23219
512,Lantern Staffing Partners LLC,,811267540,0676,anna.nelson@lanternbiz.com,846-482-7541,CASCADE,2023-07-07 03:03:54.181085-05:00,Fresno,CA,93701
513,Randolph Partners LLC,,28-7819620,,melissa.yarborough@randolphinc.com,994-466-8552,NSC_DIRECT,2022-10-31 23:47:33.529078-05:00,Sacramento,CA,95814
514,Belmont Print LLC,Belmont Print,474287711,,nicholas.rodriguez@belmont.com,(915) 478-0231,NSC_DIRECT,2023-11-11 23:52:24.204751-05:00,Durham,NC,27701
515,Monroe Contractors Co,,63-4786747,,scott.torres@monroebiz.com,8738889441,NSC_DIRECT,2022-12-13 20:43:07.479697-05:00,Durham,NC,27701
516,Shelby Machine Holdings LLC,,924591398,,kevin.mabry@shelbyco.com,6099843448,NSC_DIRECT,2023-07-31 23:00:59.337135-05:00,Greenville,SC,29601
517,Moore Plumbing Inc,,749183311,,cynthia.allen@mooreco.com,8339444304,NSC_DIRECT,2021-12-02 08:13:43.193127-05:00,Nashville,TN,37201
518,Kestrel Staffing LLC,,28-7220777,6473,kathleen.wright@kestrelinc.com,9548691548,NSC_DIRECT,2024-03-03 17:01:40.641212-05:00,Riverside,CA,92501
519,Gastonia Dental LLC,,63-7784123,5063,gary.adams@gastoniaco.com,273-420-9701,NSC_DIRECT,2022-08-03 01:28:31.710514-05:00,Bakersfield,CA,93301
520,Shelby Salon Co,,50-4389224,2693,mark.davis@shelby.com,287-743-3185,NSC_DIRECT,2024-06-01 17:49:11.489740-05:00,Riverside,CA,92501
521,Sharon Paving Partners LLC,Sharon Paving Partners,43-4596870,4442,richard.white@sharonco.com,834-232-3154,NSC_DIRECT,2021-07-18 23:58:12.029439-05:00,Bakersfield,CA,93301
522,Providence and Sons Services LLC,,23 7388743,3751,betty.baker@providence.com,443-746-3431,BAYLINE,2020-05-23 19:55:10.201934-05:00,Gastonia,NC,28054
523,Belmont Bakery LLC,Belmont Bakery,52-2916183,2904,linda.nelson@belmontco.com,599-532-7569,NSC_DIRECT,2023-12-15 20:24:19.747433-05:00,Raleigh,NC,27601
524,Davidson Associates Solutions Inc,,68-3009707,3307,scott.harris@davidsoninc.com,287-798-0277,NSC_DIRECT,2022-01-24 20:46:55.771985-05:00,Nashville,TN,37201
525,Maple Works LLC,,82-9373788,,stephanie.hall@maplebiz.com,493-480-8263,NSC_DIRECT,2022-02-05 12:58:09.043309-05:00,Concord,NC,28025
526,Cherryville Works Co,,85-2742364,5166,shirley.baker@cherryvillebiz.com,658-774-0280,NSC_DIRECT,2024-09-02 14:11:37.050023-05:00,Riverside,CA,92501
527,Cornelius Paving Partners LLC,Cornelius Paving Partners,71-1264378,5022,timothy.rodriguez@corneliusco.com,3386572702,NSC_DIRECT,2022-11-06 17:24:50.042024-05:00,Rock Hill,SC,29730
528,Uwharrie Body Shop Inc,,97-3451700,8637,jacob.whitfield@uwharriebiz.com,6079738659,NSC_DIRECT,2025-06-02 22:53:53.646875-05:00,Norfolk,VA,23510
529,Mallard Partners Inc,Mallard Partners,51-3483111,9747,karen.clark@mallard.com,821-909-9867,NSC_DIRECT,2024-09-01 07:25:34.894058-05:00,Charlotte,NC,28211
530,Williams Brewing Group LLC,,EIN 38-1936618,2974,jennifer.boyd@williams.com,266-916-3879,NSC_DIRECT,2022-06-13 04:16:56.117342-05:00,Bakersfield,CA,93301
531,Davidson Partners LLC,,EIN 83-3826481,1702,deborah.blalock@davidsonco.com,649-292-3426,NSC_DIRECT,2019-06-05 08:10:16.117694-05:00,Asheville,NC,28801
532,Lincolnton Works LLC,,81 5183022,5991,william.thomas@lincolntonco.com,728-395-7704,NSC_DIRECT,2020-07-28 11:49:25.295722-05:00,Charlotte,NC,28204
533,Lincolnton Associates Partners LLC,,868975377,8896,ronald.garcia@lincolntoninc.com,871-601-8404,NSC_DIRECT,2025-06-28 09:55:15.426729-05:00,Charlotte,NC,28204
534,Miller Brewing LLC,,73 2171605,1107,benjamin.hill@millerco.com,680-882-4239,NSC_DIRECT,2023-03-10 23:27:03.898090-05:00,Charlotte,NC,28202
535,Whitfield Barber Co,Whitfield Barber,84-5725983,7691,andrew.lopez@whitfieldinc.com,356-702-9178,BAYLINE,2019-12-22 17:21:22.020929-05:00,Richmond,VA,23219
536,Sunbelt Roasters LLC,,55-3518610,6926,edward.boyd@sunbeltinc.com,343-936-6240,BAYLINE,2025-11-11 09:05:04.706199-05:00,Norfolk,VA,23510
537,Ballantyne Associates Group LLC,,77-4035256,6412,patricia.suggs@ballantynebiz.com,857-978-0586,NSC_DIRECT,2024-11-21 07:27:11.085636-05:00,Fresno,CA,93701
538,Maple Optical Partners LLC,,89 2472791,7079,emily.thomas@maple.com,269-591-7419,NSC_DIRECT,2025-08-13 15:13:57.233790-05:00,Raleigh,NC,27601
539,Tuckaseegee Tax Co,Tuckaseegee Tax,32-8112982,1244,jonathan.white@tuckaseegeebiz.com,745-269-3783,BAYLINE,2021-02-11 02:19:30.590510-05:00,Greenville,SC,29601
540,Salisbury Paving LLC,Salisbury Paving,906901784,2490,anna.miller@salisburybiz.com,625-786-3204,NSC_DIRECT,2020-10-07 04:15:05.653545-05:00,Asheville,NC,28801
541,Kannapolis and Sons Holdings LLC,,27-0780270,4831,robert.flores@kannapolisco.com,8256076300,BAYLINE,2025-08-11 09:52:36.189317-05:00,Greenville,SC,29601
542,Mallard Realty LLC,,30-2974657,6216,emily.rivera@mallardco.com,352-376-1805,NSC_DIRECT,2023-07-06 22:50:54.421038-05:00,Charlotte,NC,28211
543,Sardis Coffee Inc,,,1031,nancy.pridgen@sardis.com,2577126020,NSC_DIRECT,2021-12-03 20:17:57.284014-05:00,Raleigh,NC,27601
544,Cedar Insurance LLC,,75 0035937,,george.gonzalez@cedar.com,951-889-7229,NSC_DIRECT,2022-03-02 03:13:24.412596-05:00,Knoxville,TN,37902
545,Tryon Paving LLC,,334696273,9850,sharon.patel@tryon.com,501-256-0029,NSC_DIRECT,2026-01-05 04:43:03.722261-05:00,Charlotte,NC,28202
546,Gastonia Contractors Inc,,88-6467962,,mark.patel@gastoniainc.com,745-793-9605,NSC_DIRECT,2022-09-13 19:59:48.106472-05:00,Durham,NC,27701
547,Dilworth Brothers Partners LLC,,47-0026178,2616,shirley.jackson@dilworthbiz.com,337-535-5439,CASCADE,2023-05-12 22:19:19.340461-05:00,Riverside,CA,92501
548,Rowan Paving LLC,,32-7912196,,emma.baker@rowanbiz.com,975-787-0177,NSC_DIRECT,2019-03-23 23:28:42.382992-05:00,Charlotte,NC,28204
549,Dilworth Brothers Inc,,EIN 34-8518867,5614,katherine.sanchez@dilworthinc.com,611-639-5735,NSC_DIRECT,2023-03-17 19:16:28.802835-05:00,Greenville,SC,29601
550,Davidson Group Co,,38-1151197,5577,eric.adams@davidson.com,746-338-6702,NSC_DIRECT,2021-04-26 21:54:36.188646-05:00,Concord,NC,28025
551,Elizabeth Works LLC,,40-9797711,0448,linda.thompson@elizabethco.com,418-603-9391,NSC_DIRECT,2021-05-13 01:51:43.729689-05:00,Raleigh,NC,27601
552,Lewis Staffing Inc,,21-9365446,1043,jessica.jackson@lewis.com,680-348-1044,CASCADE,2023-05-20 22:47:05.061770-05:00,Fresno,CA,93701
553,Catawba Company LLC,,,,nicole.patel@catawbainc.com,988-410-7578,NSC_DIRECT,2021-03-18 13:02:50.153577-05:00,Charlotte,NC,28202
554,Mabry Irrigation LLC,,40-6835273,5807,amy.anderson@mabryinc.com,5628471250,NSC_DIRECT,2019-06-08 12:08:09.508161-05:00,Savannah,GA,31401
555,Ballantyne Bakery LLC,,32-6648361,4668,steven.perez@ballantynebiz.com,752-437-3084,NSC_DIRECT,2022-10-03 02:36:47.958823-05:00,Concord,NC,28025
556,Mallard Enterprises LLC,,50-5160649,4559,susan.carter@mallardbiz.com,5568713109,BAYLINE,2023-01-20 16:00:46.278529-05:00,Riverside,CA,92501
557,Davidson Tire Holdings LLC,,88-0556351,,david.moore@davidson.com,894-986-5827,BAYLINE,2020-05-25 18:30:57.337690-05:00,Winston-Salem,NC,27101
558,Roberts Print LLC,Roberts Print,73-6538868,1303,cynthia.hernandez@roberts.com,823-309-5009,NSC_DIRECT,2022-05-01 04:01:10.969793-05:00,Fresno,CA,93701
559,Beatties Ford Services Partners LLC,,64-9743027,9201,jacob.johnson@beattiesco.com,2374057830,NSC_DIRECT,2024-09-03 21:20:32.890488-05:00,Bakersfield,CA,93301
560,Mallard Janitorial Inc,Mallard Janitorial,458454692,3700,kevin.walker@mallardbiz.com,313-349-5859,BAYLINE,2020-12-14 10:07:38.548250-05:00,Asheville,NC,28801
561,Davidson Machine LLC,,82-8434562,5713,nicole.rivera@davidson.com,398-888-4322,NSC_DIRECT,2021-12-30 04:23:57.200736-05:00,Atlanta,GA,30303
562,Shelby Body Shop LLC,,42-0766092,1727,dorothy.suggs@shelby.com,742-267-3403,NSC_DIRECT,2023-02-22 13:14:52.717680-05:00,Knoxville,TN,37902
563,Mabry Catering Group LLC,,69-6340677,,michael.brown@mabrybiz.com,396-703-8029,BAYLINE,2022-08-12 20:03:27.195356-05:00,Knoxville,TN,37902
564,Mallard Barber LLC,,EIN 35-8506891,8415,karen.walker@mallardbiz.com,9898083215,CASCADE,2019-09-23 14:34:17.034202-05:00,Fresno,CA,93701
565,Thomas Logistics Inc,Thomas Logistics,84-0287635,8065,samantha.smith@thomasbiz.com,433-754-9747,NSC_DIRECT,2020-02-18 11:51:16.883402-05:00,Riverside,CA,92501
566,Statesville Veterinary Solutions Inc,,96-7595986,6931,pamela.king@statesvilleinc.com,3682708314,BAYLINE,2022-02-12 19:03:59.634282-05:00,Durham,NC,27701
567,Sharon Realty LLC,,52-9194091,5620,rebecca.sanchez@sharoninc.com,(344) 711-4287,NSC_DIRECT,2025-04-25 04:49:05.346901-05:00,Winston-Salem,NC,27101
568,Shelby Medical Billing Inc,Shelby Medical Billing,33-4120592,,donna.walker@shelbybiz.com,762-413-8868,NSC_DIRECT,2024-05-04 10:36:45.583753-05:00,Raleigh,NC,27601
569,Maple Towing LLC,,20-1275208,9217,robert.ramirez@mapleinc.com,733-215-9471,BAYLINE,2022-08-31 01:03:59.071781-05:00,Rock Hill,SC,29730
570,Providence Print Partners LLC,,99-1992094,8166,david.wilson@providenceco.com,294-658-9606,NSC_DIRECT,2024-03-14 15:40:41.619489-05:00,Durham,NC,27701
571,Mint Hill Roofing LLC,,521968942,,benjamin.pridgen@mint.com,(200) 287-4757,CASCADE,2025-01-22 05:51:14.655808-05:00,Sacramento,CA,95814
572,Hickory Security LLC,Hickory Security,74-1338063,5062,william.wright@hickory.com,950-205-5597,BAYLINE,2020-12-13 15:27:02.172849-05:00,Charlotte,NC,28202
573,Concord Partners LLC,Concord Partners,567722368,8371,karen.ramirez@concordinc.com,790-712-4942,NSC_DIRECT,2020-05-20 11:02:07.099372-05:00,Durham,NC,27701
574,Huntersville Enterprises Group LLC,,45-6718766,,dorothy.johnson@huntersvillebiz.com,402-521-0040,NSC_DIRECT,2024-02-06 14:55:12.484088-05:00,Nashville,TN,37201
575,Smith Physical Therapy Partners LLC,Smith Physical Therapy Partners,73-5752786,2587,susan.mitchell@smithinc.com,547-638-3302,NSC_DIRECT,2024-03-19 18:25:59.277194-05:00,Charlotte,NC,28211
576,Robinson Pharmacy Partners LLC,,60-3375920,3027,carol.whitfield@robinsoninc.com,236-494-1677,NSC_DIRECT,2023-04-07 06:43:52.351608-05:00,Riverside,CA,92501
577,Idlewild Textile Holdings LLC,,,7927,eric.martin@idlewildco.com,310-442-9474,BAYLINE,2021-08-27 16:08:37.695162-05:00,Atlanta,GA,30303
578,Young Freight Inc,,54-2669870,4334,angela.garcia@youngbiz.com,703-482-4269,NSC_DIRECT,2020-12-25 03:20:28.742693-05:00,Norfolk,VA,23510
579,Maple Enterprises LLC,,701860764,9128,nicholas.jones@maple.com,480-224-0600,NSC_DIRECT,2022-01-27 01:44:37.267762-05:00,Raleigh,NC,27601
580,Randolph Tax Holdings LLC,Randolph Tax Holdings,650650111,6305,cynthia.moore@randolphbiz.com,340-470-8269,NSC_DIRECT,2023-03-09 15:25:59.394768-05:00,Bakersfield,CA,93301
581,Gastonia Associates LLC,,22 3508911,7719,nicholas.anderson@gastoniainc.com,779-615-2648,NSC_DIRECT,2020-03-18 13:41:28.134180-05:00,Concord,NC,28025
582,Hickory Nursery Inc,,27-3623537,6759,samantha.rodriguez@hickory.com,837-502-4010,BAYLINE,2022-06-27 00:24:02.131361-05:00,Bakersfield,CA,93301
583,Statesville Associates Inc,,77-6714989,8534,ryan.green@statesvilleco.com,748-693-6512,CASCADE,2024-06-18 14:59:52.656394-05:00,Columbia,SC,29201
584,Matthews Medical Billing LLC,Matthews Medical Billing,396216174,,richard.patel@matthews.com,845-651-0907,NSC_DIRECT,2023-12-03 01:55:14.357496-05:00,Riverside,CA,92501
585,Granite Freight LLC,,74-4479935,0622,brenda.williams@graniteinc.com,678-923-2735,CASCADE,2020-02-28 20:41:18.115976-05:00,Bakersfield,CA,93301
586,Ballantyne Irrigation Co,,51-5528231,4488,jonathan.roberts@ballantyneinc.com,8388966522,BAYLINE,2021-08-07 04:30:24.524795-05:00,Charlotte,NC,28204
587,Gastonia Print Solutions Inc,,37-6804676,9465,thomas.wright@gastoniainc.com,307-503-1067,NSC_DIRECT,2023-03-30 06:09:00.691392-05:00,Savannah,GA,31401
588,Lantern Services LLC,,,2695,benjamin.nelson@lanterninc.com,643-258-6731,NSC_DIRECT,2022-07-26 18:53:13.567351-05:00,Greenville,SC,29601
589,Mooresville Paving Holdings LLC,Mooresville Paving Holdings,32-7299062,1375,jacob.lee@mooresvillebiz.com,992-370-0566,NSC_DIRECT,2024-10-14 16:12:09.940616-05:00,Asheville,NC,28801
590,Monroe Coffee Services LLC,,34-3909779,5675,brian.miller@monroe.com,617-282-6572,NSC_DIRECT,2024-08-06 19:17:23.908772-05:00,Gastonia,NC,28054
591,Concord Flooring Holdings LLC,,61-1099537,,emma.pridgen@concordco.com,650-656-7457,NSC_DIRECT,2021-07-26 04:02:41.822836-05:00,Riverside,CA,92501
592,Belmont Print Group LLC,,26-5768003,9616,anthony.lewis@belmontbiz.com,288-988-2671,NSC_DIRECT,2020-12-18 20:28:15.874780-05:00,Columbia,SC,29201
593,Tuckaseegee Flooring Co,,80-5193145,9086,joshua.okafor@tuckaseegee.com,881-377-9294,NSC_DIRECT,2024-08-28 09:55:52.549453-05:00,Charlotte,NC,28202
594,Steele Creek Works Co,,77-9869715,6327,emma.rivera@steelebiz.com,323-689-6081,NSC_DIRECT,2020-11-26 11:56:02.948727-05:00,Charlotte,NC,28204
595,Providence Landscape Co,,77-6143520,3021,justin.hall@providence.com,843-925-1413,BAYLINE,2025-10-18 11:52:06.399157-05:00,Fresno,CA,93701
596,Blue Ridge Metal LLC,Blue Ridge Metal,30 8427526,,timothy.thomas@blue.com,627-965-3324,CASCADE,2024-09-26 22:02:09.442681-05:00,Riverside,CA,92501
597,Lincolnton Staffing Solutions Inc,,679742402,4051,david.campbell@lincolntonco.com,4194587389,NSC_DIRECT,2024-09-16 01:47:03.674877-05:00,Raleigh,NC,27601
598,Kestrel Contractors Group LLC,,27-8316344,6553,maria.vasquez@kestrelinc.com,626-787-7457,BAYLINE,2020-05-05 14:56:21.367910-05:00,Concord,NC,28025
599,Maple Partners Inc,,51-3258744,8924,nicole.carter@maple.com,7058780707,NSC_DIRECT,2023-06-24 04:06:44.718579-05:00,Knoxville,TN,37902
600,Dilworth Associates Group LLC,,641290633,8212,dorothy.jackson@dilworth.com,906-236-4324,NSC_DIRECT,2020-07-14 00:08:03.120570-05:00,Nashville,TN,37201
601,Davidson HVAC LLC,Davidson HVAC,,,larry.scott@davidsoninc.com,639-884-8855,BAYLINE,2020-08-25 18:17:14.178461-05:00,Rock Hill,SC,29730
602,Cedar Medical Billing Solutions Inc,Cedar Medical Billing Solutions,42-7918912,0892,amanda.wright@cedarinc.com,202-501-1116,NSC_DIRECT,2024-04-10 01:29:47.494379-05:00,Winston-Salem,NC,27101
603,Belmont Catering Co,,311911235,,sarah.boyd@belmont.com,4463087751,NSC_DIRECT,2023-02-20 23:14:52.801124-05:00,Concord,NC,28025
604,Randolph HVAC LLC,,549194606,8241,emma.mabry@randolphco.com,273-943-0369,BAYLINE,2024-09-17 16:03:13.044440-05:00,Charlotte,NC,28211
605,Robinson Tax Holdings LLC,,78-8930076,3330,gregory.king@robinson.com,556-219-5156,CASCADE,2023-05-16 21:56:51.927747-05:00,Sacramento,CA,95814
606,Blalock Childcare LLC,,66-6837119,2748,donald.walker@blalockbiz.com,(343) 228-2280,NSC_DIRECT,2020-07-08 07:57:13.262567-05:00,Norfolk,VA,23510
607,Garcia Print Services LLC,,754726189,9377,samantha.campbell@garciainc.com,419-372-6713,NSC_DIRECT,2020-12-07 20:54:42.024441-05:00,Norfolk,VA,23510
608,Tryon Flooring Services LLC,,28-2723803,,emma.whitfield@tryon.com,469-743-9489,NSC_DIRECT,2018-12-24 15:01:34.769294-05:00,Knoxville,TN,37902
609,Ironwood Landscape Inc,Ironwood Landscape,46-4829032,9364,andrew.jones@ironwoodco.com,(455) 672-2633,NSC_DIRECT,2019-05-12 02:01:21.919875-05:00,Durham,NC,27701
610,Cherryville Contractors LLC,,24-0016690,3585,kimberly.wright@cherryvilleinc.com,269-398-2610,NSC_DIRECT,2025-04-14 18:42:49.783574-05:00,Gastonia,NC,28054
611,Harbor Services LLC,,472468104,5134,james.garcia@harborbiz.com,9529793806,CASCADE,2020-11-03 02:00:28.398777-05:00,Sacramento,CA,95814
612,Shelby Towing LLC,,511632346,,james.walker@shelby.com,6404366811,CASCADE,2020-04-22 08:48:28.633174-05:00,Sacramento,CA,95814
613,Beatties Ford Barber Inc,Beatties Ford Barber,79-9157242,2487,daniel.campbell@beattiesco.com,335-308-4310,CASCADE,2020-03-30 05:40:14.376403-05:00,Fresno,CA,93701
614,Mallard Services Solutions Inc,,46-2921970,4198,brandon.campbell@mallard.com,(803) 156071,NSC_DIRECT,2019-05-20 22:41:54.319843-05:00,Norfolk,VA,23510
615,Cherryville Print Inc,,34-2647485,9332,ashley.mabry@cherryvilleinc.com,504-669-2507,CASCADE,2023-12-23 20:23:29.339218-05:00,Sacramento,CA,95814
616,Lopez Brewing Group LLC,Lopez Brewing Group,29-0122737,7974,benjamin.smith@lopezco.com,395-283-3300,NSC_DIRECT,2023-09-13 09:50:13.916052-05:00,Charlotte,NC,28211
617,Harbor Partners Co,,24-7670862,5738,lisa.jones@harborbiz.com,838-584-3618,NSC_DIRECT,2020-05-20 07:27:08.548293-05:00,Savannah,GA,31401
618,Dilworth Coffee Group LLC,,29-8449108,6830,amanda.ramirez@dilworthinc.com,413-720-9643,NSC_DIRECT,2019-10-28 21:29:37.701126-05:00,Winston-Salem,NC,27101
619,Dilworth Associates LLC,,40-4072154,6260,betty.jones@dilworthinc.com,993-497-1223,NSC_DIRECT,2020-09-01 16:01:58.910479-05:00,Raleigh,NC,27601
620,Davidson and Sons Group LLC,,901378479,2838,timothy.rivera@davidson.com,618-817-1507,NSC_DIRECT,2019-10-28 09:04:30.954921-05:00,Richmond,VA,23219
621,Cherryville Group Inc,Cherryville Group,666239640,2097,jacob.ramirez@cherryvilleco.com,724-893-8035,BAYLINE,2024-01-08 20:07:02.130599-05:00,Gastonia,NC,28054
622,Shelby Welding Partners LLC,Shelby Welding Partners,,6373,steven.robinson@shelbybiz.com,636-220-5275,NSC_DIRECT,2021-06-29 05:17:11.395508-05:00,Winston-Salem,NC,27101
623,Dilworth Textile Solutions Inc,,72-0668783,2292,melissa.jones@dilworthco.com,9399696591,BAYLINE,2024-11-16 09:31:12.381058-05:00,Norfolk,VA,23510
624,Idlewild Brothers Co,,86-8351847,2025,ashley.allen@idlewild.com,299-675-9855,BAYLINE,2021-07-11 17:14:22.110520-05:00,Raleigh,NC,27601
625,Lincolnton Services LLC,,606353830,2508,joseph.mabry@lincolntonco.com,4095815620,BAYLINE,2019-09-02 13:25:48.685594-05:00,Asheville,NC,28801
626,Sharon Medical Billing LLC,,623042325,0844,mark.martin@sharoninc.com,567-854-6774,BAYLINE,2019-06-22 06:04:32.770779-05:00,Savannah,GA,31401
627,Martinez Salon Holdings LLC,,88-4370768,8079,melissa.sanchez@martinez.com,492-261-4976,NSC_DIRECT,2020-07-24 03:33:14.336594-05:00,Durham,NC,27701
628,Davidson Textile Holdings LLC,,343294094,3656,kevin.whitfield@davidson.com,989-235-4782,BAYLINE,2021-05-25 01:30:10.980686-05:00,Nashville,TN,37201
629,Lincolnton Associates Inc,,65-6856091,7992,sandra.garcia@lincolntoninc.com,722-722-6112,NSC_DIRECT,2021-08-16 13:58:13.855417-05:00,Columbia,SC,29201
630,Kannapolis Metal Holdings LLC,,962111299,2780,edward.yarborough@kannapolisinc.com,245-987-0019,NSC_DIRECT,2025-09-24 09:09:50.089354-05:00,Knoxville,TN,37902
631,Allen Electric Inc,Allen Electric,782202213,3127,nicole.mabry@allenbiz.com,308-654-7426,NSC_DIRECT,2019-12-21 11:57:28.020188-05:00,Columbia,SC,29201
632,Salisbury Grocery Inc,,60-4025025,3556,ronald.scott@salisburyinc.com,506-566-8944,BAYLINE,2024-08-18 07:10:13.417910-05:00,Charlotte,NC,28202
633,Cedar Company Group LLC,,48-7898773,2704,richard.torres@cedar.com,863-909-9888,BAYLINE,2024-11-13 04:40:48.578297-05:00,Bakersfield,CA,93301
634,Sharon Group Inc,Sharon Group,316267085,,joshua.clark@sharon.com,(289) 671-3310,BAYLINE,2024-08-05 01:12:24.541568-05:00,Nashville,TN,37201
635,Kestrel Auto Inc,Kestrel Auto,92-0069900,2087,timothy.cheng@kestrelbiz.com,934-708-8591,NSC_DIRECT,2021-07-18 09:54:19.834221-05:00,Richmond,VA,23219
636,Gastonia Janitorial Partners LLC,,749986273,4324,mark.ramirez@gastoniabiz.com,951-216-6623,NSC_DIRECT,2020-11-10 10:04:45.385661-05:00,Raleigh,NC,27601
637,Lantern Flooring Holdings LLC,,,,stephanie.sanchez@lantern.com,544-875-2786,BAYLINE,2020-02-21 15:24:29.602186-05:00,Durham,NC,27701
638,Cheng Barber Partners LLC,,213213063,7222,michael.patel@chengbiz.com,237-265-7761,NSC_DIRECT,2023-11-13 05:54:38.400427-05:00,Greenville,SC,29601
639,Concord Welding Solutions Inc,,922704410,3917,jeffrey.roberts@concordbiz.com,788-550-0853,NSC_DIRECT,2019-01-23 12:22:03.455973-05:00,Durham,NC,27701
640,Idlewild Contractors Services LLC,Idlewild Contractors Services,803295469,5615,betty.lewis@idlewildbiz.com,(566) 519-4106,NSC_DIRECT,2025-09-19 02:36:49.840049-05:00,Charlotte,NC,28202
641,Waxhaw Company LLC,,53-5492285,2282,dorothy.robinson@waxhawbiz.com,4257726157,NSC_DIRECT,2024-06-01 00:24:42.166449-05:00,Greenville,SC,29601
642,Randolph Grocery LLC,Randolph Grocery,732843907,8581,michelle.smith@randolph.com,669-706-8655,NSC_DIRECT,2021-01-06 14:47:57.809223-05:00,Richmond,VA,23219
643,Cornelius Medical Billing Services LLC,,56-0661091,,george.thompson@cornelius.com,544-346-5531,NSC_DIRECT,2022-01-25 17:39:43.341547-05:00,Atlanta,GA,30303
644,Tuckaseegee Logistics Partners LLC,Tuckaseegee Logistics Partners,55-7924652,7525,jeffrey.ramirez@tuckaseegeeinc.com,639-381-4460,BAYLINE,2025-08-24 19:44:13.581134-05:00,Sacramento,CA,95814
645,Sharon Supply Partners LLC,Sharon Supply Partners,64-6554506,,gregory.adams@sharonco.com,687-229-4893,NSC_DIRECT,2025-06-13 10:54:21.759234-05:00,Sacramento,CA,95814
646,Maple Landscape LLC,,750902396,7353,andrew.boyd@maplebiz.com,367-853-4258,NSC_DIRECT,2020-04-08 08:20:36.158921-05:00,Concord,NC,28025
647,Kestrel Partners Co,,228450393,1003,brenda.wilson@kestrel.com,2282053867,NSC_DIRECT,2022-10-08 15:03:05.461937-05:00,Greenville,SC,29601
648,Statesville Associates Co,,95-5873309,8449,nancy.king@statesvilleinc.com,201-939-2712,BAYLINE,2024-02-17 19:42:30.166857-05:00,Knoxville,TN,37902
649,Moore HVAC Group LLC,,EIN 84-6754752,4705,brian.harris@mooreco.com,959-748-4074,NSC_DIRECT,2021-02-26 15:24:27.666903-05:00,Charlotte,NC,28204
650,Idlewild Auto LLC,,EIN 43-5410084,8161,timothy.hill@idlewild.com,5398396225,NSC_DIRECT,2025-11-11 13:25:45.374410-05:00,Nashville,TN,37201
651,Rivera Body Shop Inc,,950141444,0096,michael.roberts@riverabiz.com,(402) 561849,NSC_DIRECT,2019-03-15 05:22:39.250867-05:00,Charlotte,NC,28204
652,Maple Services Group LLC,,44-6907814,3983,anthony.carter@mapleinc.com,850-317-4695,NSC_DIRECT,2026-01-20 00:09:31.555704-05:00,Richmond,VA,23219
653,Providence Salon Group LLC,,657311509,1287,ashley.white@providenceco.com,491-716-8239,BAYLINE,2020-03-30 02:04:33.222086-05:00,Concord,NC,28025
654,Davidson Flooring LLC,,33-7367299,3841,justin.williams@davidsonbiz.com,287-401-7286,NSC_DIRECT,2025-02-13 14:03:31.737115-05:00,Asheville,NC,28801
655,Waxhaw Dental Services LLC,Waxhaw Dental Services,30-9244882,6769,samuel.sanchez@waxhawco.com,853-952-1606,NSC_DIRECT,2020-05-10 15:38:14.076898-05:00,Asheville,NC,28801
656,Green Brewing Co,,84-8317763,0380,laura.martinez@greenco.com,559-922-4610,NSC_DIRECT,2021-04-23 07:43:14.879753-05:00,Norfolk,VA,23510
657,Tuckaseegee Company Group LLC,,50-4741522,8640,kathleen.scott@tuckaseegeeco.com,757-444-6863,NSC_DIRECT,2020-01-10 03:49:30.913130-05:00,Charlotte,NC,28211
658,Martin Textile Co,,57-8741358,,barbara.perez@martin.com,849-935-1602,NSC_DIRECT,2025-07-02 12:40:31.105804-05:00,Fresno,CA,93701
659,Cherryville Tire Inc,Cherryville Tire,510944255,9035,eric.perez@cherryvilleinc.com,(728) 256-1629,NSC_DIRECT,2023-06-16 10:37:55.260923-05:00,Bakersfield,CA,93301
660,Monroe Freight LLC,Monroe Freight,EIN 48-7343430,7048,barbara.rivera@monroebiz.com,336-686-8103,NSC_DIRECT,2021-10-16 06:53:06.854291-05:00,Gastonia,NC,28054
661,Piedmont and Sons Group LLC,,335058415,1336,steven.okafor@piedmontco.com,682-891-2232,NSC_DIRECT,2019-12-12 23:30:55.550367-05:00,Winston-Salem,NC,27101
662,Maple Partners LLC,Maple Partners,47-4173696,6407,jeffrey.nguyen@mapleinc.com,8658251790,NSC_DIRECT,2022-05-19 05:08:33.125853-05:00,Columbia,SC,29201
663,Newton Roasters LLC,,82-0274759,5224,thomas.allen@newton.com,704-844-9756,NSC_DIRECT,2025-10-24 22:26:20.281016-05:00,Fresno,CA,93701
664,Ramirez Janitorial Co,,30-9280603,,george.boyd@ramirezinc.com,656-911-1034,BAYLINE,2022-01-30 00:06:56.915187-05:00,Riverside,CA,92501
665,Miller Veterinary Services LLC,,21-1586619,6770,brandon.suggs@miller.com,595-919-3949,BAYLINE,2019-07-31 15:57:32.903474-05:00,Charlotte,NC,28202
666,Providence Associates LLC,,97-8358052,,edward.perez@providenceinc.com,5898622269,BAYLINE,2020-08-15 15:41:05.845603-05:00,Riverside,CA,92501
667,Sanchez Paving LLC,,34-9400154,,stephanie.mitchell@sanchezco.com,984-447-6367,NSC_DIRECT,2025-04-19 15:10:15.497648-05:00,Riverside,CA,92501
668,Huntersville Textile Inc,,EIN 62-9043287,3269,dorothy.flores@huntersville.com,884-990-3035,NSC_DIRECT,2022-07-09 01:33:07.774774-05:00,Knoxville,TN,37902
669,Uwharrie Contractors Holdings LLC,,38-6027500,6852,brandon.brown@uwharrieco.com,202-965-1677,NSC_DIRECT,2019-09-23 14:43:03.174537-05:00,Fresno,CA,93701
670,Davidson Print Holdings LLC,,780999506,,nancy.walker@davidsonbiz.com,(751) 443334,CASCADE,2018-12-22 05:08:41.623191-05:00,Gastonia,NC,28054
671,Tryon Company Inc,,347702185,4948,margaret.okafor@tryoninc.com,226-532-5115,CASCADE,2021-12-08 19:06:00.955869-05:00,Sacramento,CA,95814
672,Monroe Services Partners LLC,,26-6717152,3968,jessica.jones@monroeinc.com,467-956-4913,BAYLINE,2024-12-03 11:18:12.965585-05:00,Norfolk,VA,23510
673,Belmont Supply Group LLC,Belmont Supply Group,80-1477365,7544,gary.smith@belmontbiz.com,(252) 945-6309,NSC_DIRECT,2025-02-07 09:22:39.954407-05:00,Columbia,SC,29201
674,Shelby Enterprises Group LLC,Shelby Enterprises Group,94-2824132,1762,patricia.vasquez@shelbybiz.com,762-242-5024,CASCADE,2024-07-31 05:36:13.981973-05:00,Sacramento,CA,95814
675,Wright Irrigation LLC,,,7001,joshua.thomas@wright.com,641-843-6383,BAYLINE,2022-07-02 03:52:31.597815-05:00,Knoxville,TN,37902
676,Piedmont Partners Holdings LLC,,588083548,,jonathan.lewis@piedmont.com,352-239-4408,NSC_DIRECT,2024-10-26 20:26:37.987086-05:00,Atlanta,GA,30303
677,Tryon Dental Holdings LLC,,67-6809250,8453,gary.garcia@tryoninc.com,957-673-6352,NSC_DIRECT,2020-03-11 14:31:19.030084-05:00,Bakersfield,CA,93301
678,Davidson Staffing Inc,,359758317,5146,brandon.garcia@davidson.com,681-248-1429,BAYLINE,2023-06-27 16:40:02.995311-05:00,Riverside,CA,92501
679,Sharon Salon Co,,,1657,emily.green@sharoninc.com,782-814-4007,NSC_DIRECT,2020-09-04 14:58:42.562669-05:00,Bakersfield,CA,93301
680,Steele Creek and Sons Services LLC,Steele Creek and Sons Services,,2012,charles.moore@steelebiz.com,935-257-4772,NSC_DIRECT,2024-09-14 13:45:15.349687-05:00,Rock Hill,SC,29730
681,Waxhaw and Sons LLC,,605445646,4623,nancy.cheng@waxhawco.com,812-744-6233,NSC_DIRECT,2019-06-20 16:37:48.186094-05:00,Charlotte,NC,28211
682,Mooresville Optical LLC,,24-9801820,6748,carol.lewis@mooresville.com,287-954-8770,NSC_DIRECT,2020-12-28 16:13:24.736635-05:00,Greenville,SC,29601
683,Sunbelt Group Partners LLC,,81-0286640,,melissa.torres@sunbeltbiz.com,4999300061,NSC_DIRECT,2022-06-09 08:04:39.292166-05:00,Raleigh,NC,27601
684,Statesville and Sons LLC,,EIN 94-2599464,3679,samantha.vasquez@statesvilleinc.com,442-220-2064,BAYLINE,2022-10-28 16:51:25.555379-05:00,Fresno,CA,93701
685,Hickory Roasters LLC,,335340252,,nicholas.ramirez@hickoryinc.com,278-793-5607,NSC_DIRECT,2022-04-14 02:06:16.176517-05:00,Norfolk,VA,23510
686,Ironwood Enterprises Co,Ironwood Enterprises,49-2786856,2474,richard.yarborough@ironwood.com,805-578-5382,BAYLINE,2025-07-22 04:32:03.807932-05:00,Atlanta,GA,30303
687,Mooresville Associates Services LLC,,57-3557301,2642,anthony.boyd@mooresvilleco.com,604-371-8370,NSC_DIRECT,2025-06-11 05:12:10.333788-05:00,Raleigh,NC,27601
688,Cornerrise Bakery LLC,,84-3921767,4417,accounting@cornerrisebakery.com,(704) 555-0182,NSC_DIRECT,2025-06-27 09:05:00-05:00,Charlotte,NC,28205
689,Rowan and Sons Co,,226789894,7659,sandra.walker@rowan.com,248-826-1548,NSC_DIRECT,2019-06-23 16:33:49.235833-05:00,Concord,NC,28025
690,Sunbelt Associates Inc,,96-3596663,7419,edward.torres@sunbelt.com,653-216-0915,CASCADE,2025-11-05 14:43:54.497934-05:00,Atlanta,GA,30303
691,Pinehurst HVAC Inc,Pinehurst HVAC,544500671,1499,gary.hall@pinehurstinc.com,337-248-2752,NSC_DIRECT,2022-08-15 04:45:02.339467-05:00,Gastonia,NC,28054
692,Granite Textile Partners LLC,Granite Textile Partners,,2753,kathleen.martinez@granitebiz.com,996-648-6172,NSC_DIRECT,2023-11-10 02:26:51.047021-05:00,Knoxville,TN,37902
693,Matthews Group Holdings LLC,,77-6767178,,gregory.baker@matthewsco.com,561-815-2305,NSC_DIRECT,2019-07-15 09:10:30.497613-05:00,Charlotte,NC,28211
694,Salisbury Body Shop Co,,57-3869156,,emily.suggs@salisbury.com,344-377-0489,NSC_DIRECT,2020-08-25 17:45:40.769023-05:00,Charlotte,NC,28204
695,Dilworth Roasters LLC,,58-8734277,5535,patricia.williams@dilworthbiz.com,211-522-7702,BAYLINE,2020-01-23 06:21:46.603921-05:00,Greenville,SC,29601
696,Cornelius Coffee Inc,,59-5574945,1678,thomas.allen@corneliusbiz.com,782-502-5840,NSC_DIRECT,2024-08-01 03:29:27.315834-05:00,Raleigh,NC,27601
697,Hill Barber Holdings LLC,Hill Barber Holdings,72-6653459,,jessica.pridgen@hillco.com,988-834-4008,NSC_DIRECT,2025-12-04 05:11:48.009289-05:00,Charlotte,NC,28204
698,Beatties Ford Veterinary Inc,,30-9813404,3236,andrew.whitfield@beattiesbiz.com,(481) 661-1771,NSC_DIRECT,2023-03-09 04:25:06.070819-05:00,Charlotte,NC,28202
699,Uwharrie Machine Group LLC,,20-3055277,0536,cynthia.adams@uwharrieinc.com,270-658-6561,NSC_DIRECT,2023-12-15 18:07:38.481423-05:00,Knoxville,TN,37902
700,Concord Metal LLC,Concord Metal,36-9708546,8668,carol.carter@concordbiz.com,5045198603,NSC_DIRECT,2022-12-31 06:04:17.192189-05:00,Charlotte,NC,28211
701,Shelby Metal Partners LLC,,880569798,9534,stephanie.allen@shelby.com,668-435-4656,NSC_DIRECT,2019-05-14 23:09:27.794942-05:00,Bakersfield,CA,93301
702,Statesville Veterinary Co,,65-2303351,,samuel.sanchez@statesvillebiz.com,374-708-1617,BAYLINE,2021-03-03 12:45:57.009726-05:00,Charlotte,NC,28202
703,Monroe Tire Co,,90-8482818,8946,sarah.mitchell@monroeinc.com,221-486-5769,NSC_DIRECT,2019-07-05 00:28:22.024956-05:00,Durham,NC,27701
704,Martin HVAC Partners LLC,,203898550,9276,joshua.jones@martin.com,858-317-6234,NSC_DIRECT,2024-09-12 17:14:02.883922-05:00,Riverside,CA,92501
705,Ironwood Insurance Inc,,,7511,angela.young@ironwoodbiz.com,568-695-4997,NSC_DIRECT,2024-06-06 11:18:13.334761-05:00,Rock Hill,SC,29730
706,King Fitness Holdings LLC,,29-2940855,1479,andrew.perez@king.com,882-546-4370,NSC_DIRECT,2025-12-10 00:43:32.767096-05:00,Knoxville,TN,37902
707,Hickory and Sons Co,,41-9000784,2661,shirley.cheng@hickorybiz.com,548-217-1241,NSC_DIRECT,2025-05-09 15:43:33.105980-05:00,Nashville,TN,37201
708,Lee Nursery Holdings LLC,,95-6674995,4687,michelle.martinez@leeinc.com,432-286-4149,NSC_DIRECT,2023-12-14 03:50:29.120846-05:00,Charlotte,NC,28204
709,Ballantyne Partners Holdings LLC,,515904339,2010,larry.clark@ballantyneco.com,275-500-2271,NSC_DIRECT,2022-03-15 11:55:05.228876-05:00,Rock Hill,SC,29730
710,Beatties Ford Supply Solutions Inc,Beatties Ford Supply Solutions,22-7362354,,betty.roberts@beattiesco.com,(268) 782-0056,NSC_DIRECT,2024-02-05 21:56:52.730163-05:00,Fresno,CA,93701
711,Garcia Security Solutions Inc,,,8794,benjamin.campbell@garcia.com,804-866-1479,NSC_DIRECT,2021-10-23 22:42:01.356398-05:00,Bakersfield,CA,93301
712,Sharon Roofing LLC,,54 9321329,2792,betty.yarborough@sharonco.com,385-981-6551,NSC_DIRECT,2019-06-04 03:24:52.153134-05:00,Atlanta,GA,30303
713,Tryon Optical LLC,Tryon Optical,42 6084470,2407,daniel.carter@tryoninc.com,6148527344,NSC_DIRECT,2019-02-11 23:34:00.828174-05:00,Concord,NC,28025
714,Mooresville Childcare Holdings LLC,,26-8733308,4997,elizabeth.harris@mooresvilleinc.com,3588166331,CASCADE,2023-01-14 06:33:19.117506-05:00,Bakersfield,CA,93301
715,Tryon Contractors LLC,Tryon Contractors,97-1882778,,jason.davis@tryonbiz.com,297-798-5916,CASCADE,2025-03-31 05:51:19.145122-05:00,Sacramento,CA,95814
716,Harbor Enterprises Inc,,85-0505874,4840,kevin.moore@harborco.com,7918285542,NSC_DIRECT,2025-04-22 21:10:54.200717-05:00,Concord,NC,28025
717,Sharon Staffing Holdings LLC,Sharon Staffing Holdings,565346930,6903,gary.green@sharon.com,616-742-2508,NSC_DIRECT,2022-02-23 05:31:23.488218-05:00,Bakersfield,CA,93301
718,Uwharrie Veterinary LLC,,482329792,1892,timothy.white@uwharrieco.com,817-338-1715,NSC_DIRECT,2023-06-06 07:20:56.380425-05:00,Greenville,SC,29601
719,Granite Childcare Solutions Inc,,571278652,2841,donald.johnson@graniteco.com,262-503-0266,CASCADE,2023-04-26 00:02:00.306483-05:00,Bakersfield,CA,93301
720,Mooresville Company Co,,69-9413615,,richard.scott@mooresvilleinc.com,748-446-5225,NSC_DIRECT,2024-11-25 15:13:15.540188-05:00,Durham,NC,27701
721,Statesville Optical Inc,,96-1797138,3198,susan.hall@statesvillebiz.com,857-638-5516,NSC_DIRECT,2020-06-18 16:46:11.192580-05:00,Charlotte,NC,28204
722,Randolph Associates Solutions Inc,,218028591,2043,richard.carter@randolphbiz.com,567-567-9423,NSC_DIRECT,2023-10-21 14:11:36.257036-05:00,Sacramento,CA,95814
723,Martinez Staffing Co,,355169694,,kathleen.boyd@martinezco.com,5776699658,NSC_DIRECT,2021-10-20 02:21:28.712851-05:00,Charlotte,NC,28202
724,Beatties Ford Plumbing LLC,,,,christopher.vasquez@beattiesinc.com,232-363-3893,NSC_DIRECT,2021-09-14 18:40:12.329147-05:00,Knoxville,TN,37902
725,Vasquez Welding LLC,,643797054,0889,amanda.rodriguez@vasquezco.com,(895) 210-4797,NSC_DIRECT,2024-04-14 03:05:38.582546-05:00,Savannah,GA,31401
726,Elizabeth Security LLC,,27-6652148,3155,timothy.sanchez@elizabethbiz.com,4228745307,NSC_DIRECT,2022-10-23 21:53:54.063468-05:00,Sacramento,CA,95814
727,Mitchell Cabinet LLC,,43-8951374,,stephanie.baker@mitchellinc.com,7778544910,NSC_DIRECT,2020-09-29 12:23:19.218569-05:00,Fresno,CA,93701
728,Randolph Pharmacy LLC,Randolph Pharmacy,59-4560748,0546,matthew.baker@randolph.com,242-398-0770,NSC_DIRECT,2024-09-02 01:42:48.874570-05:00,Knoxville,TN,37902
729,Salisbury Partners Inc,,363932223,6074,emily.wilson@salisburybiz.com,200-548-4556,NSC_DIRECT,2024-02-18 12:34:10.623672-05:00,Raleigh,NC,27601
730,Huntersville Brothers LLC,Huntersville Brothers,993541102,6876,michelle.jackson@huntersvilleinc.com,952-708-5050,NSC_DIRECT,2023-03-18 07:11:40.845485-05:00,Greenville,SC,29601
731,Idlewild Brothers LLC,,68-6982664,,david.garcia@idlewild.com,474-275-0468,NSC_DIRECT,2020-01-07 17:02:21.851093-05:00,Raleigh,NC,27601
732,Kestrel Salon Inc,,69-5885785,4363,christopher.martinez@kestrelco.com,5708144860,NSC_DIRECT,2020-09-14 06:42:52.247651-05:00,Columbia,SC,29201
733,Mallard Freight LLC,,335617189,3707,stephen.patel@mallardinc.com,256-837-1519,NSC_DIRECT,2020-03-12 07:47:28.374628-05:00,Durham,NC,27701
734,Rowan Enterprises Group LLC,Rowan Enterprises Group,56-3306251,9888,deborah.mitchell@rowan.com,5296199765,NSC_DIRECT,2021-03-13 19:36:29.086103-05:00,Charlotte,NC,28202
735,Cornelius Nursery Services LLC,Cornelius Nursery Services,36-4644599,1059,jason.roberts@corneliusbiz.com,612-803-5141,NSC_DIRECT,2020-08-16 22:59:57.437277-05:00,Sacramento,CA,95814
736,Sharon and Sons Co,Sharon and Sons,31-3107449,3789,amy.torres@sharonbiz.com,529-361-3870,NSC_DIRECT,2021-11-08 22:44:04.910915-05:00,Charlotte,NC,28202
737,Gastonia Freight Services LLC,,69 2306233,,brenda.blalock@gastonia.com,661-875-5550,BAYLINE,2020-02-28 18:58:48.779532-05:00,Columbia,SC,29201
738,Rivera Machine LLC,,96-8226325,3031,david.thomas@riverainc.com,532-837-9774,NSC_DIRECT,2022-06-20 05:46:55.035699-05:00,Charlotte,NC,28211
739,Rowan Roasters Holdings LLC,,47-9462273,8250,ashley.miller@rowaninc.com,836-705-5823,NSC_DIRECT,2024-01-09 19:55:06.543710-05:00,Greenville,SC,29601
740,Uwharrie Body Shop LLC,,301084731,,jessica.adams@uwharrieinc.com,6772011455,NSC_DIRECT,2024-08-26 03:47:21.827213-05:00,Greenville,SC,29601
741,Monroe Group Group LLC,,39-8692907,7692,david.martinez@monroe.com,848-541-9037,NSC_DIRECT,2024-11-05 05:16:15.059157-05:00,Gastonia,NC,28054
742,Cherryville Print LLC,Cherryville Print,36-0576159,2979,sandra.boyd@cherryvilleco.com,(441) 561-4160,NSC_DIRECT,2024-09-30 12:04:37.756530-05:00,Sacramento,CA,95814
743,Statesville Janitorial Group LLC,,EIN 58-3489647,9239,patricia.torres@statesvilleco.com,865-598-4340,NSC_DIRECT,2025-07-24 03:45:29.938474-05:00,Richmond,VA,23219
744,Steele Creek Contractors Partners LLC,,,3647,andrew.pridgen@steelebiz.com,777-499-0194,BAYLINE,2021-09-04 12:52:24.672834-05:00,Winston-Salem,NC,27101
745,Allen Fitness Group LLC,,956162979,7417,patricia.lee@allenbiz.com,513-965-5177,NSC_DIRECT,2022-11-08 18:26:54.192103-05:00,Charlotte,NC,28204
746,Tuckaseegee Company Solutions Inc,,297249706,7810,pamela.campbell@tuckaseegeeco.com,952-272-5112,NSC_DIRECT,2020-07-25 20:14:15.068773-05:00,Richmond,VA,23219
747,Sunbelt Staffing Solutions Inc,Sunbelt Staffing Solutions,616829466,,david.sanchez@sunbelt.com,393-607-1766,NSC_DIRECT,2022-03-09 19:19:45.602110-05:00,Concord,NC,28025
748,Huntersville Paving Group LLC,,39-9342743,8163,dorothy.davis@huntersvillebiz.com,420-981-0214,NSC_DIRECT,2025-02-22 05:23:33.345345-05:00,Columbia,SC,29201
749,Salisbury Roasters Holdings LLC,,48-2833765,0433,patricia.rivera@salisbury.com,(464) 461-4596,NSC_DIRECT,2019-08-23 16:51:57.641000-05:00,Asheville,NC,28801
750,Granite Machine LLC,,31 0716950,0337,amy.wright@granite.com,400-750-8389,NSC_DIRECT,2022-10-24 07:19:41.913949-05:00,Asheville,NC,28801
751,Sardis Brothers Co,,570630458,,michael.ramirez@sardisco.com,(753) 644-3698,NSC_DIRECT,2020-01-22 14:57:08.980209-05:00,Fresno,CA,93701
752,Mooresville Company LLC,Mooresville Company,58 8756017,1933,brian.perez@mooresville.com,2866800548,BAYLINE,2019-08-24 12:13:52.846146-05:00,Asheville,NC,28801
753,Shelby Group Partners LLC,,62-8477566,,samantha.roberts@shelby.com,4899495929,NSC_DIRECT,2025-09-16 05:15:54.945432-05:00,Durham,NC,27701
754,Cornelius Pharmacy Inc,,51-1322856,,emily.garcia@corneliusinc.com,676-252-9322,NSC_DIRECT,2023-01-22 10:32:36.877882-05:00,Knoxville,TN,37902
755,Davis Dental Co,,63-8175703,2374,thomas.miller@davis.com,2026860935,CASCADE,2025-09-16 00:22:26.187545-05:00,Riverside,CA,92501
756,Statesville Flooring Solutions Inc,,595416200,,timothy.scott@statesvilleinc.com,608-216-8247,BAYLINE,2021-01-26 22:40:23.469464-05:00,Charlotte,NC,28204
757,Pinehurst Roasters Solutions Inc,,52-3784188,9227,gregory.jones@pinehurstinc.com,823-521-1570,BAYLINE,2025-11-30 00:54:02.684670-05:00,Gastonia,NC,28054
758,Huntersville Pest Control LLC,,,,jonathan.nelson@huntersvilleinc.com,295-917-3108,NSC_DIRECT,2024-11-09 15:58:38.938885-05:00,Savannah,GA,31401
759,Elizabeth Machine Co,,311990415,7984,amanda.williams@elizabeth.com,236-289-8408,NSC_DIRECT,2021-05-14 11:37:08.860567-05:00,Atlanta,GA,30303
760,Monroe Tire Partners LLC,Monroe Tire Partners,32-2135657,5911,mark.davis@monroeco.com,894-393-5669,CASCADE,2023-04-22 05:09:04.281115-05:00,Riverside,CA,92501
761,Dilworth Physical Therapy Services LLC,Dilworth Physical Therapy Services,534283360,3760,larry.ramirez@dilworthinc.com,752-872-2722,BAYLINE,2019-10-08 22:35:53.241248-05:00,Greenville,SC,29601
762,Sunbelt Catering LLC,,904429194,4187,pamela.jackson@sunbelt.com,686-255-3731,CASCADE,2025-03-01 19:01:39.531307-05:00,Bakersfield,CA,93301
763,Monroe Medical Billing Co,,49-8578341,0788,anna.johnson@monroeco.com,538-953-7910,NSC_DIRECT,2024-11-23 19:09:41.039996-05:00,Nashville,TN,37201
764,Blue Ridge Machine Services LLC,,33 9001593,,jonathan.boyd@blueinc.com,(329) 427-7730,NSC_DIRECT,2018-12-21 15:24:21.160929-05:00,Charlotte,NC,28202
765,Blalock Janitorial Inc,Blalock Janitorial,,1994,benjamin.nelson@blalockinc.com,860-992-9548,BAYLINE,2024-07-02 12:48:57.468183-05:00,Columbia,SC,29201
766,Gastonia Realty Solutions Inc,,,6545,lisa.taylor@gastoniabiz.com,878-444-7992,BAYLINE,2021-01-06 23:44:16.165031-05:00,Gastonia,NC,28054
767,Ironwood Machine Inc,,49-1305441,2317,brian.nelson@ironwood.com,637-961-3433,NSC_DIRECT,2023-08-25 08:36:29.646820-05:00,Charlotte,NC,28211
768,Lantern Realty Solutions Inc,,232337753,9966,betty.pridgen@lanternbiz.com,519-948-8747,NSC_DIRECT,2022-03-30 18:46:02.330800-05:00,Columbia,SC,29201
769,Granite Roasters Services LLC,Granite Roasters Services,84-9820356,2252,joshua.taylor@granite.com,7322023785,NSC_DIRECT,2021-01-12 20:04:20.906056-05:00,Atlanta,GA,30303
770,Ironwood Brewing Co,,,,donna.lee@ironwoodco.com,493-473-9218,NSC_DIRECT,2021-08-19 14:17:13.223935-05:00,Richmond,VA,23219
771,Belmont Supply Holdings LLC,Belmont Supply Holdings,57-4668022,0142,brenda.rivera@belmontbiz.com,934-884-8438,CASCADE,2021-07-30 07:28:15.080342-05:00,Bakersfield,CA,93301
772,Idlewild Enterprises Group LLC,,40-4016211,7303,eric.mitchell@idlewildbiz.com,532-859-5160,NSC_DIRECT,2020-09-10 14:18:41.094460-05:00,Asheville,NC,28801
773,Cherryville Metal Group LLC,,30-2945490,9711,stephanie.flores@cherryvilleinc.com,878-451-6945,CASCADE,2020-01-12 03:50:09.955948-05:00,Savannah,GA,31401
774,Tuckaseegee Contractors Solutions Inc,,28-5171248,6431,joshua.boyd@tuckaseegeeco.com,545-220-9709,NSC_DIRECT,2023-09-18 03:43:20.888667-05:00,Richmond,VA,23219
775,Ballantyne Pharmacy Group LLC,,,7017,andrew.sanchez@ballantyne.com,582-841-4774,CASCADE,2026-01-05 18:54:19.263078-05:00,Sacramento,CA,95814
776,Monroe Bakery Co,,41-8863956,4582,eric.martinez@monroebiz.com,3072660635,NSC_DIRECT,2023-10-06 16:48:37.684133-05:00,Winston-Salem,NC,27101
777,Wilson Salon Inc,,36-1237230,9889,sharon.lopez@wilson.com,328-491-0147,NSC_DIRECT,2025-01-27 01:35:23.910034-05:00,Fresno,CA,93701
778,Ironwood Dental Holdings LLC,Ironwood Dental Holdings,80-8424566,2673,christopher.flores@ironwoodinc.com,514-693-0777,NSC_DIRECT,2021-09-04 12:06:28.514456-05:00,Norfolk,VA,23510
779,Sharon Barber Solutions Inc,,84-3804086,,jonathan.davis@sharonco.com,695-994-2668,NSC_DIRECT,2022-09-22 11:52:24.457952-05:00,Durham,NC,27701
780,Hickory Optical LLC,,86-5752203,5181,jonathan.cheng@hickoryinc.com,573-387-2554,NSC_DIRECT,2025-03-05 14:52:38.370951-05:00,Savannah,GA,31401
781,Flores Body Shop Services LLC,,240808366,,steven.green@floresinc.com,3874855528,NSC_DIRECT,2021-03-02 23:44:32.491666-05:00,Concord,NC,28025
782,Beatties Ford Print Solutions Inc,Beatties Ford Print Solutions,557766729,3379,samantha.hill@beatties.com,868-803-7894,NSC_DIRECT,2020-09-15 23:34:48.457946-05:00,Richmond,VA,23219
783,Elizabeth Coffee Services LLC,,232921140,0816,david.mitchell@elizabethco.com,717-302-3584,NSC_DIRECT,2020-10-09 00:59:30.506614-05:00,Columbia,SC,29201
784,Gastonia HVAC Holdings LLC,,86-1518575,6402,james.mitchell@gastoniabiz.com,544-927-6137,NSC_DIRECT,2020-08-17 20:29:28.935407-05:00,Riverside,CA,92501
785,Sunbelt Physical Therapy Inc,,49 2793678,6001,jacob.adams@sunbeltco.com,789-817-5357,BAYLINE,2023-01-15 06:52:02.705954-05:00,Riverside,CA,92501
786,Cheng Paving Holdings LLC,Cheng Paving Holdings,57-7985289,2224,amy.moore@chenginc.com,5794781557,NSC_DIRECT,2024-10-12 10:47:25.353818-05:00,Riverside,CA,92501
787,Providence Irrigation Inc,,640323759,7099,jason.ramirez@providenceco.com,338-354-2839,NSC_DIRECT,2023-12-02 08:27:40.819596-05:00,Charlotte,NC,28202
788,Kannapolis Salon LLC,,EIN 69-0149168,2494,scott.wright@kannapolisbiz.com,826-425-1243,NSC_DIRECT,2022-09-27 12:36:16.959748-05:00,Fresno,CA,93701
789,Ironwood Irrigation LLC,,96-6517116,3953,sharon.yarborough@ironwoodinc.com,8618874193,NSC_DIRECT,2019-11-30 02:46:28.310557-05:00,Raleigh,NC,27601
790,Sunbelt Pest Control Holdings LLC,,39-7905887,,matthew.thomas@sunbeltinc.com,394-228-0466,NSC_DIRECT,2024-02-16 18:35:37.794964-05:00,Columbia,SC,29201
791,Campbell Flooring Solutions Inc,Campbell Flooring Solutions,208435430,8853,carol.garcia@campbellco.com,8928542461,CASCADE,2019-03-06 11:28:44.139792-05:00,Sacramento,CA,95814
792,Dilworth Pest Control LLC,,75-3684841,,scott.lopez@dilworth.com,868-702-4472,NSC_DIRECT,2019-07-13 13:49:02.204372-05:00,Savannah,GA,31401
793,Belmont Print Co,Belmont Print,56-4040725,9550,david.moore@belmont.com,7749619800,NSC_DIRECT,2023-04-10 09:30:55.719007-05:00,Asheville,NC,28801
794,Kestrel Bakery Co,,44 1054611,2482,ryan.pridgen@kestrelbiz.com,8579235514,NSC_DIRECT,2019-07-19 14:52:05.270666-05:00,Atlanta,GA,30303
795,Cedar Textile Holdings LLC,,503235167,4790,william.vasquez@cedarinc.com,627-219-1733,NSC_DIRECT,2021-11-01 00:59:23.924989-05:00,Charlotte,NC,28211
796,Harbor Partners Group LLC,,99-5829513,,james.wright@harbor.com,994-799-3922,NSC_DIRECT,2019-11-24 00:42:30.498087-05:00,Asheville,NC,28801
797,Ballantyne Enterprises LLC,,623488255,,joshua.perez@ballantyneco.com,433-909-0366,NSC_DIRECT,2019-10-31 11:57:40.393303-05:00,Columbia,SC,29201
798,Freedom Contractors Partners LLC,,71-1599557,0253,sharon.king@freedom.com,811-508-1250,NSC_DIRECT,2025-01-25 09:04:36.307332-05:00,Nashville,TN,37201
799,Ironwood Enterprises Services LLC,Ironwood Enterprises Services,703393454,1630,michelle.perez@ironwoodbiz.com,234-211-0550,NSC_DIRECT,2025-12-05 00:53:13.075773-05:00,Atlanta,GA,30303
800,Robinson Nursery Inc,,93-3175335,,donald.hernandez@robinsonbiz.com,763-952-9765,CASCADE,2020-09-16 15:41:09.108929-05:00,Sacramento,CA,95814
801,Mitchell Coffee LLC,Mitchell Coffee,42-0436047,,william.smith@mitchellco.com,863-433-4711,CASCADE,2024-05-29 21:36:58.482970-05:00,Fresno,CA,93701
802,Dilworth Welding Inc,,,,michelle.harris@dilworth.com,671-744-8215,NSC_DIRECT,2025-07-06 10:25:20.934569-05:00,Charlotte,NC,28211
803,Idlewild Metal Partners LLC,,399739496,4607,gary.whitfield@idlewildco.com,244-289-6164,NSC_DIRECT,2020-11-16 08:28:11.646427-05:00,Atlanta,GA,30303
804,Huntersville Contractors Holdings LLC,,30-5398705,8027,emma.thompson@huntersvilleinc.com,9345642415,NSC_DIRECT,2022-05-16 04:23:24.686585-05:00,Winston-Salem,NC,27101
805,Elizabeth Print Partners LLC,,55 4392662,3521,kenneth.vasquez@elizabethco.com,219-682-2422,NSC_DIRECT,2020-10-26 22:01:48.370956-05:00,Fresno,CA,93701
806,Mint Hill Veterinary LLC,,87-9716198,9661,sharon.hernandez@mint.com,244-387-6067,NSC_DIRECT,2022-08-23 08:18:42.972140-05:00,Charlotte,NC,28202
807,Cherryville Towing Group LLC,,,,amy.thomas@cherryvillebiz.com,636-539-6912,NSC_DIRECT,2023-06-30 03:52:50.383571-05:00,Charlotte,NC,28211
808,Cedar Works Group LLC,Cedar Works Group,639284257,2436,shirley.lewis@cedar.com,8149362463,NSC_DIRECT,2022-06-13 07:52:44.158380-05:00,Charlotte,NC,28211
809,Lincolnton Pest Control LLC,,54-4279735,9908,deborah.brown@lincolntonco.com,866-566-5280,NSC_DIRECT,2019-01-18 01:54:25.866356-05:00,Riverside,CA,92501
810,Salisbury Landscape LLC,,94-8893354,1492,elizabeth.lewis@salisbury.com,225-507-7130,NSC_DIRECT,2022-10-12 07:03:23.580067-05:00,Gastonia,NC,28054
811,Granite Medical Billing Inc,,EIN 62-0250015,0839,kenneth.allen@graniteinc.com,297-825-5958,CASCADE,2019-01-31 20:54:24.172862-05:00,Sacramento,CA,95814
812,Statesville Partners LLC,,47-3059659,5804,david.roberts@statesville.com,526-740-4976,NSC_DIRECT,2021-07-28 00:08:46.140702-05:00,Charlotte,NC,28204
813,Lincolnton Veterinary Partners LLC,Lincolnton Veterinary Partners,64-2447407,,george.white@lincolntonco.com,684-306-9171,NSC_DIRECT,2019-11-14 15:28:13.004181-05:00,Riverside,CA,92501
814,Statesville Dental LLC,Statesville Dental,50-6616867,0724,stephanie.nguyen@statesvilleco.com,475-849-1235,NSC_DIRECT,2020-06-26 05:52:37.181352-05:00,Norfolk,VA,23510
815,Maple Pest Control Group LLC,,46-5324970,7315,joshua.hill@mapleinc.com,602-391-9902,NSC_DIRECT,2021-08-22 04:23:50.145649-05:00,Concord,NC,28025
816,Williams Machine Holdings LLC,,254037226,0612,gary.thompson@williamsinc.com,910-664-8203,NSC_DIRECT,2021-01-05 15:08:08.219240-05:00,Rock Hill,SC,29730
817,Ramirez Machine LLC,,903873375,7031,scott.garcia@ramirezco.com,687-266-9062,BAYLINE,2025-03-25 08:20:46.987672-05:00,Richmond,VA,23219
818,Tryon Physical Therapy Holdings LLC,,96-5085187,2724,kathleen.lopez@tryon.com,678-279-2469,CASCADE,2021-12-14 19:37:55.923225-05:00,Riverside,CA,92501
819,Sunbelt Services Inc,,,7499,jessica.johnson@sunbelt.com,337-413-6320,NSC_DIRECT,2019-10-28 22:25:11.241182-05:00,Atlanta,GA,30303
820,Idlewild Insurance LLC,,31-7257668,1020,andrew.torres@idlewild.com,2599220008,NSC_DIRECT,2023-08-21 18:25:49.781018-05:00,Sacramento,CA,95814
821,Ironwood Childcare Co,Ironwood Childcare,37-0842422,2916,rebecca.vasquez@ironwoodco.com,7065334056,BAYLINE,2019-07-15 08:42:03.310464-05:00,Gastonia,NC,28054
822,Salisbury Metal Partners LLC,,93-7784619,6989,kathleen.baker@salisburyco.com,2689458713,NSC_DIRECT,2022-07-16 23:37:20.412611-05:00,Norfolk,VA,23510
823,Belmont Brothers LLC,,77-2087385,,anthony.boyd@belmont.com,6196929950,CASCADE,2023-04-07 04:07:47.120529-05:00,Fresno,CA,93701
824,Mallard Bakery Solutions Inc,,EIN 95-2461853,0097,jennifer.rodriguez@mallardco.com,794-360-1220,NSC_DIRECT,2020-11-19 17:46:09.625075-05:00,Charlotte,NC,28204
825,Sardis HVAC LLC,Sardis HVAC,63-2207531,6810,kevin.scott@sardisbiz.com,689-927-5070,BAYLINE,2019-12-23 08:13:25.299684-05:00,Norfolk,VA,23510
826,Sardis Freight Services LLC,Sardis Freight Services,52 5683028,9470,samantha.green@sardisco.com,294-227-7632,NSC_DIRECT,2023-06-06 08:43:55.848904-05:00,Norfolk,VA,23510
827,Freedom Plumbing Solutions Inc,Freedom Plumbing Solutions,700261134,0692,anna.rivera@freedomco.com,599-963-7934,NSC_DIRECT,2024-07-12 04:23:46.220718-05:00,Asheville,NC,28801
828,Ironwood Textile Co,,33-6815054,8285,ashley.taylor@ironwoodco.com,816-812-6922,NSC_DIRECT,2019-05-07 23:37:15.230472-05:00,Winston-Salem,NC,27101
829,Mallard Logistics LLC,,80-2290235,4141,gary.lopez@mallard.com,480-397-6727,NSC_DIRECT,2025-06-08 04:58:35.994596-05:00,Bakersfield,CA,93301
830,Tuckaseegee Tax Group LLC,,31-1178802,,shirley.adams@tuckaseegeeco.com,861-822-4852,NSC_DIRECT,2022-04-15 09:05:31.525066-05:00,Fresno,CA,93701
831,Cornelius Machine Services LLC,,38-9518668,2706,ronald.miller@corneliusbiz.com,516-554-5056,BAYLINE,2022-05-01 11:23:44.455945-05:00,Norfolk,VA,23510
832,Piedmont Supply Solutions Inc,Piedmont Supply Solutions,,1334,karen.torres@piedmont.com,407-701-6056,NSC_DIRECT,2025-05-28 08:00:45.565680-05:00,Rock Hill,SC,29730
833,Randolph Contractors Co,,62-7383700,0481,linda.sanchez@randolph.com,687-811-2654,NSC_DIRECT,2024-03-17 21:29:31.443638-05:00,Norfolk,VA,23510
834,Yarborough Landscape LLC,,39 4956194,4720,patricia.young@yarboroughco.com,397-855-9471,NSC_DIRECT,2025-04-07 12:33:46.782181-05:00,Bakersfield,CA,93301
835,Statesville Staffing Solutions Inc,,78-3614090,,betty.suggs@statesvillebiz.com,940-304-3087,BAYLINE,2025-11-20 22:41:31.090987-05:00,Charlotte,NC,28202
836,Blue Ridge Optical LLC,,82-5631666,6167,brenda.ramirez@blueinc.com,985-464-4048,NSC_DIRECT,2023-02-02 17:51:35.344126-05:00,Sacramento,CA,95814
837,Campbell Barber Holdings LLC,,EIN 36-9098368,7809,maria.king@campbellbiz.com,339-942-8150,NSC_DIRECT,2021-01-25 07:00:09.902542-05:00,Rock Hill,SC,29730
838,Newton Brothers LLC,,24-2936140,8654,cynthia.adams@newton.com,458-386-9440,BAYLINE,2025-08-22 11:48:22.061975-05:00,Rock Hill,SC,29730
839,Wilson Metal Holdings LLC,,,6792,nancy.white@wilson.com,481-206-2312,BAYLINE,2023-06-09 08:21:11.396672-05:00,Charlotte,NC,28204
840,Rowan Pest Control Services LLC,,65-2745636,7238,charles.hall@rowaninc.com,205-477-8387,NSC_DIRECT,2020-11-17 19:25:22.297420-05:00,Richmond,VA,23219
841,Davidson Group Group LLC,Davidson Group Group,52-4222794,4619,thomas.martinez@davidsonco.com,550-936-2150,NSC_DIRECT,2025-10-20 14:00:49.798130-05:00,Charlotte,NC,28211
842,Idlewild Janitorial Group LLC,,733313617,0080,donald.vasquez@idlewildco.com,259-326-1092,NSC_DIRECT,2023-11-07 02:06:11.807748-05:00,Charlotte,NC,28211
843,Lantern Body Shop Services LLC,Lantern Body Shop Services,46-8743007,0792,patricia.lee@lanternco.com,349-325-9358,CASCADE,2020-09-20 19:05:21.406480-05:00,Riverside,CA,92501
844,Uwharrie Company LLC,,801629863,7179,gary.hill@uwharrieinc.com,924-442-9619,CASCADE,2023-03-27 23:58:38.939488-05:00,Norfolk,VA,23510
845,Cornelius Enterprises Partners LLC,,30-8745354,8332,nicole.hall@cornelius.com,857-381-4346,CASCADE,2025-09-21 07:35:30.172256-05:00,Charlotte,NC,28211
846,Rowan Print Group LLC,,82-6702125,2874,donna.allen@rowanbiz.com,(554) 387-9470,NSC_DIRECT,2019-05-28 03:43:40.729992-05:00,Atlanta,GA,30303
847,Rowan Machine Holdings LLC,Rowan Machine Holdings,969715548,0968,emily.jones@rowaninc.com,961-715-1542,NSC_DIRECT,2022-06-11 06:27:17.308946-05:00,Atlanta,GA,30303
848,Tuckaseegee Tax Solutions Inc,,97-3613979,6269,donald.campbell@tuckaseegee.com,223-512-7650,NSC_DIRECT,2020-03-15 11:50:28.965047-05:00,Durham,NC,27701
849,Sharon Cabinet LLC,,23-0781156,,scott.campbell@sharoninc.com,270-468-9475,NSC_DIRECT,2024-07-19 20:16:04.213920-05:00,Concord,NC,28025
850,Elizabeth Tax Partners LLC,,EIN 42-3115808,,christopher.cheng@elizabeth.com,671-670-1423,NSC_DIRECT,2020-11-11 14:19:35.158583-05:00,Atlanta,GA,30303
851,Blue Ridge Auto Solutions Inc,,99-1306559,1425,karen.gonzalez@bluebiz.com,466-236-6538,CASCADE,2025-03-09 18:02:11.053694-05:00,Fresno,CA,93701
852,Tryon Tax Co,,,,charles.rodriguez@tryoninc.com,6924797342,NSC_DIRECT,2025-08-03 02:16:20.934949-05:00,Greenville,SC,29601
853,Matthews Supply Partners LLC,Matthews Supply Partners,21-2262259,,benjamin.mitchell@matthewsbiz.com,516-692-0400,NSC_DIRECT,2020-12-11 15:54:39.863110-05:00,Winston-Salem,NC,27101
854,Rowan Staffing Services LLC,Rowan Staffing Services,EIN 34-7495252,1300,gregory.miller@rowan.com,897-810-4312,CASCADE,2023-01-13 21:35:38.492780-05:00,Bakersfield,CA,93301
855,Dilworth Contractors LLC,,59-8669392,1233,christopher.martinez@dilworthinc.com,938-452-7687,NSC_DIRECT,2023-07-11 22:34:54.895173-05:00,Atlanta,GA,30303
856,Dilworth Freight Services LLC,,55-9632000,2902,pamela.thompson@dilworth.com,686-879-8831,BAYLINE,2019-05-21 15:49:49.647256-05:00,Gastonia,NC,28054
857,Granite Tire Co,Granite Tire,35-7727088,3664,emily.nelson@graniteinc.com,619-908-1661,BAYLINE,2025-03-17 13:15:45.968074-05:00,Winston-Salem,NC,27101
858,Lantern Physical Therapy LLC,,56-2433909,1542,margaret.cheng@lanternco.com,481-334-1280,NSC_DIRECT,2020-11-15 11:13:55.523535-05:00,Greenville,SC,29601
859,Mint Hill Flooring LLC,,56-0963429,5569,dorothy.flores@mintco.com,(987) 088607,NSC_DIRECT,2022-01-29 08:04:31.602675-05:00,Nashville,TN,37201
860,Maple Company LLC,,80-7443113,8302,laura.walker@maplebiz.com,624-475-6148,NSC_DIRECT,2020-06-25 09:17:06.984762-05:00,Columbia,SC,29201
861,Concord Works Holdings LLC,,390701231,9670,james.sanchez@concordbiz.com,709-942-4222,NSC_DIRECT,2019-06-09 12:41:09.745747-05:00,Atlanta,GA,30303
862,Mallard Company Co,,74-4830594,,joseph.thompson@mallardbiz.com,495-577-0174,NSC_DIRECT,2021-02-05 16:55:23.081889-05:00,Winston-Salem,NC,27101
863,Hickory Coffee LLC,Hickory Coffee,74-3900882,1126,michelle.mabry@hickoryco.com,555-839-9655,NSC_DIRECT,2022-09-28 08:30:09.720149-05:00,Gastonia,NC,28054
864,Concord Associates Inc,,76 2280672,8890,joseph.sanchez@concordbiz.com,624-998-7270,CASCADE,2022-01-30 15:23:01.663387-05:00,Riverside,CA,92501
865,Suggs Irrigation Group LLC,,EIN 62-9986811,9882,benjamin.yarborough@suggsco.com,663-464-9944,CASCADE,2022-11-23 06:31:28.544492-05:00,Fresno,CA,93701
866,Cornelius Flooring Holdings LLC,,75-9935016,3698,brenda.lopez@cornelius.com,508-889-1480,NSC_DIRECT,2025-07-09 08:05:04.517584-05:00,Charlotte,NC,28204
867,Newton HVAC Holdings LLC,,311572629,,george.roberts@newtoninc.com,6138967465,CASCADE,2021-05-25 15:25:18.770158-05:00,Fresno,CA,93701
868,Huntersville Roofing Holdings LLC,,,1052,sarah.harris@huntersvillebiz.com,437-650-0579,NSC_DIRECT,2021-07-18 13:10:28.410178-05:00,Bakersfield,CA,93301
869,Ballantyne Bakery Inc,,57-4635182,5430,samantha.martin@ballantyne.com,613-996-7818,NSC_DIRECT,2021-09-09 08:22:55.966631-05:00,Asheville,NC,28801
870,Concord Supply Holdings LLC,Concord Supply Holdings,83-1303221,8568,amy.brown@concordbiz.com,602-474-9260,NSC_DIRECT,2019-07-03 07:20:09.173429-05:00,Savannah,GA,31401
871,Kestrel Machine Co,,25-8535865,4487,gregory.davis@kestrelbiz.com,262-822-5160,NSC_DIRECT,2019-02-07 20:31:03.520966-05:00,Concord,NC,28025
872,Lincolnton Pharmacy LLC,,587377447,2877,christopher.moore@lincolnton.com,516-658-2658,NSC_DIRECT,2025-10-17 05:42:40.152228-05:00,Columbia,SC,29201
873,Cornelius Brothers Holdings LLC,,80-2206581,8120,shirley.ramirez@corneliusco.com,407-640-1763,NSC_DIRECT,2023-10-17 22:35:25.264402-05:00,Columbia,SC,29201
874,Cherryville and Sons LLC,,,9728,melissa.lee@cherryvilleinc.com,754-775-2852,NSC_DIRECT,2023-07-02 06:24:47.280476-05:00,Riverside,CA,92501
875,Dilworth Tire Group LLC,,25-5082259,7810,william.brown@dilworthbiz.com,749-654-8150,NSC_DIRECT,2020-03-28 17:37:42.996067-05:00,Bakersfield,CA,93301
876,Cherryville Salon Inc,,,1935,kimberly.campbell@cherryvillebiz.com,981-780-0775,NSC_DIRECT,2025-02-11 02:34:41.220727-05:00,Winston-Salem,NC,27101
877,Shelby Roofing Inc,,46-7867302,9808,michael.young@shelby.com,850-632-6220,NSC_DIRECT,2024-04-17 18:53:44.208168-05:00,Norfolk,VA,23510
878,Rowan Security Solutions Inc,Rowan Security Solutions,,0163,elizabeth.king@rowaninc.com,573-727-8962,NSC_DIRECT,2019-07-05 05:36:52.224972-05:00,Winston-Salem,NC,27101
879,Boyd Childcare Partners LLC,,57-1392922,3801,melissa.boyd@boyd.com,(693) 322-6054,NSC_DIRECT,2024-08-14 03:43:22.682638-05:00,Sacramento,CA,95814
880,Dilworth Paving Group LLC,,98-0910350,4634,ashley.scott@dilworthinc.com,937-998-8197,BAYLINE,2023-07-14 20:12:42.732178-05:00,Riverside,CA,92501
881,Beatties Ford Irrigation Group LLC,,,1730,donna.yarborough@beattiesinc.com,224-351-3905,NSC_DIRECT,2022-03-13 20:03:00.966725-05:00,Sacramento,CA,95814
882,Lewis Cabinet Group LLC,,91-7466182,,donna.hill@lewisinc.com,611-851-1074,NSC_DIRECT,2020-06-22 16:16:46.627282-05:00,Richmond,VA,23219
883,Pinehurst Physical Therapy Holdings LLC,,55-4142393,0584,kathleen.suggs@pinehurstbiz.com,348-349-5114,NSC_DIRECT,2022-10-04 18:40:39.777486-05:00,Columbia,SC,29201
884,Beatties Ford Enterprises Solutions Inc,Beatties Ford Enterprises Solutions,98-1672613,8608,carol.carter@beattiesbiz.com,3038518929,NSC_DIRECT,2023-11-14 15:41:55.674576-05:00,Charlotte,NC,28204
885,Garcia Welding LLC,,47-5867229,1851,angela.lee@garcia.com,282-509-2172,NSC_DIRECT,2023-04-04 01:17:44.282140-05:00,Fresno,CA,93701
886,Hickory Partners Services LLC,Hickory Partners Services,97-9132725,2075,benjamin.hall@hickoryinc.com,(373) 856803,NSC_DIRECT,2021-06-03 22:32:22.964586-05:00,Norfolk,VA,23510
887,Matthews Machine Solutions Inc,,39-8376004,4720,nancy.brown@matthewsco.com,(916) 355-4673,NSC_DIRECT,2019-10-12 07:52:50.547437-05:00,Charlotte,NC,28202
888,Tuckaseegee Contractors Co,,84-1440596,4765,dorothy.suggs@tuckaseegeebiz.com,9925324975,NSC_DIRECT,2024-01-11 07:46:27.163031-05:00,Riverside,CA,92501
889,Elizabeth and Sons LLC,,46-0278904,6250,carol.torres@elizabethinc.com,756-837-6431,NSC_DIRECT,2023-04-09 16:09:24.661992-05:00,Sacramento,CA,95814
890,Randolph Brewing Group LLC,,87-1555166,2414,sarah.martin@randolphco.com,264-269-9007,NSC_DIRECT,2024-04-28 16:42:11.214926-05:00,Gastonia,NC,28054
891,Salisbury Security Holdings LLC,,98-9471644,,jennifer.walker@salisburybiz.com,424-888-1122,NSC_DIRECT,2025-03-01 08:48:23.190106-05:00,Asheville,NC,28801
892,Matthews Grocery Solutions Inc,,EIN 27-8024547,1601,angela.jackson@matthewsco.com,610-250-3147,NSC_DIRECT,2023-10-01 05:32:43.340153-05:00,Norfolk,VA,23510
893,Yarborough Welding Co,Yarborough Welding,853729410,4056,linda.sanchez@yarboroughbiz.com,336-900-1739,NSC_DIRECT,2026-01-04 14:05:34.260774-05:00,Durham,NC,27701
894,Ironwood Company Inc,,97 7630628,0598,pamela.patel@ironwoodinc.com,700-347-9434,NSC_DIRECT,2019-04-18 08:09:12.707928-05:00,Atlanta,GA,30303
895,Nguyen Grocery Co,,,,ronald.torres@nguyeninc.com,655-641-6089,CASCADE,2024-03-18 17:26:47.571692-05:00,Raleigh,NC,27601
896,Tuckaseegee Bakery LLC,,,8720,benjamin.anderson@tuckaseegeebiz.com,915-298-2175,NSC_DIRECT,2026-01-01 22:06:14.018815-05:00,Asheville,NC,28801
897,Brown Electric Inc,Brown Electric,,,margaret.suggs@brownbiz.com,(458) 251-3580,NSC_DIRECT,2024-01-13 13:24:38.061159-05:00,Charlotte,NC,28211
898,Vasquez Barber Partners LLC,,44-3274910,1959,justin.suggs@vasquezco.com,790-200-0891,NSC_DIRECT,2025-06-25 01:14:45.021703-05:00,Rock Hill,SC,29730
899,Piedmont Brothers Partners LLC,,,9681,emily.perez@piedmontbiz.com,601-465-1743,NSC_DIRECT,2019-12-04 09:46:20.602364-05:00,Richmond,VA,23219
900,Elizabeth Fitness Co,,,4793,sandra.mitchell@elizabethco.com,922-835-7194,NSC_DIRECT,2025-01-29 03:43:34.905212-05:00,Asheville,NC,28801
901,Maple Roofing LLC,,25-3905687,4943,matthew.perez@mapleco.com,307-709-6147,NSC_DIRECT,2024-12-22 03:53:06.865383-05:00,Rock Hill,SC,29730
902,Williams Medical Billing LLC,,89-8941416,4725,emily.adams@williams.com,7018870765,NSC_DIRECT,2022-10-29 16:18:26.883252-05:00,Gastonia,NC,28054
903,Cornelius Staffing LLC,,55-7637892,,gregory.davis@cornelius.com,499-710-2136,BAYLINE,2020-01-10 02:08:36.529479-05:00,Asheville,NC,28801
904,Mooresville Nursery LLC,,40-4137811,6211,amy.nguyen@mooresvilleco.com,8805160745,NSC_DIRECT,2021-01-09 01:13:19.270978-05:00,Columbia,SC,29201
905,Mooresville Body Shop Inc,,634535738,6011,george.hill@mooresvilleco.com,243-934-0273,NSC_DIRECT,2022-06-12 09:27:56.160013-05:00,Winston-Salem,NC,27101
906,Lewis Body Shop LLC,,30-3856886,9918,stephen.nelson@lewisbiz.com,794-472-7449,NSC_DIRECT,2023-06-25 08:31:19.728209-05:00,Rock Hill,SC,29730
907,Mint Hill Bakery Services LLC,,29-1414154,5981,dorothy.lopez@mintbiz.com,515-945-1195,NSC_DIRECT,2020-05-16 13:29:41.675716-05:00,Savannah,GA,31401
908,Blue Ridge and Sons LLC,,460964083,,nicholas.okafor@blueco.com,(735) 298-9527,NSC_DIRECT,2020-01-09 00:32:28.839232-05:00,Winston-Salem,NC,27101
909,Elizabeth Bakery Inc,,884498987,3146,samantha.johnson@elizabethco.com,631-455-4633,NSC_DIRECT,2022-03-17 16:08:17.712038-05:00,Savannah,GA,31401
910,Ballantyne Optical LLC,,465702919,5139,nicole.walker@ballantyne.com,850-793-1533,CASCADE,2022-05-10 18:20:16.262861-05:00,Columbia,SC,29201
911,Pinehurst Company LLC,,69-5829493,5011,emma.rodriguez@pinehurstbiz.com,344-263-1525,NSC_DIRECT,2024-12-03 04:09:40.009587-05:00,Bakersfield,CA,93301
912,Newton Janitorial Partners LLC,,591680036,8033,gregory.green@newton.com,480-720-4226,NSC_DIRECT,2025-05-25 15:09:49.720918-05:00,Sacramento,CA,95814
913,Sardis Company Inc,,,7929,william.perez@sardis.com,556-256-0490,CASCADE,2020-11-07 04:06:27.311222-05:00,Fresno,CA,93701
914,Mooresville Grocery Inc,Mooresville Grocery,720430320,9118,nancy.torres@mooresvilleco.com,9054000820,NSC_DIRECT,2025-08-19 12:27:53.240822-05:00,Atlanta,GA,30303
915,Boyd Print LLC,Boyd Print,,2460,maria.lee@boydinc.com,369-633-2362,NSC_DIRECT,2025-01-04 02:59:59.046615-05:00,Winston-Salem,NC,27101
916,Shelby Bakery Holdings LLC,,398287292,1147,david.brown@shelbyinc.com,941-530-8797,NSC_DIRECT,2021-04-14 13:27:44.979190-05:00,Columbia,SC,29201
917,Shelby Supply Inc,,889409492,6679,linda.roberts@shelby.com,(604) 825-0834,NSC_DIRECT,2023-02-28 19:57:19.710246-05:00,Winston-Salem,NC,27101
918,Hickory Paving LLC,,,3410,timothy.green@hickoryinc.com,361-303-7246,NSC_DIRECT,2023-11-27 06:03:58.453245-05:00,Asheville,NC,28801
919,Smith HVAC Partners LLC,,442284818,2990,sandra.lee@smith.com,260-345-6129,NSC_DIRECT,2025-07-11 09:44:01.088420-05:00,Fresno,CA,93701
920,Salisbury Dental Services LLC,,29-5733230,1979,maria.carter@salisburyinc.com,210-491-1322,NSC_DIRECT,2024-03-22 15:12:50.363927-05:00,Durham,NC,27701
921,Cedar Body Shop Services LLC,,,,william.garcia@cedarinc.com,6905934372,NSC_DIRECT,2024-02-25 12:56:41.905775-05:00,Charlotte,NC,28204
922,Hickory Tax Group LLC,Hickory Tax Group,81-7669838,4723,nicole.miller@hickoryco.com,499-635-8238,NSC_DIRECT,2022-04-19 00:55:13.913045-05:00,Riverside,CA,92501
923,Monroe Tire LLC,Monroe Tire,237823396,9853,maria.thomas@monroeco.com,(295) 063721,NSC_DIRECT,2023-02-18 08:03:41.177512-05:00,Sacramento,CA,95814
924,Belmont Partners LLC,Belmont Partners,593587822,8263,laura.suggs@belmont.com,525-878-2724,NSC_DIRECT,2025-08-21 01:39:29.011902-05:00,Charlotte,NC,28204
925,Gastonia Associates Partners LLC,,86 9945502,9452,linda.king@gastoniabiz.com,7349917932,NSC_DIRECT,2022-11-07 14:25:12.989918-05:00,Fresno,CA,93701
926,Lincolnton Enterprises LLC,Lincolnton Enterprises,42-7845152,3767,timothy.adams@lincolntonco.com,9766057593,NSC_DIRECT,2023-03-04 05:54:56.521411-05:00,Gastonia,NC,28054
927,Lantern Optical Solutions Inc,Lantern Optical Solutions,87-3982958,8051,andrew.king@lanternco.com,744-425-8110,NSC_DIRECT,2020-07-02 06:41:57.951467-05:00,Rock Hill,SC,29730
928,Rowan Childcare Services LLC,Rowan Childcare Services,38-6307107,0711,stephen.mitchell@rowanbiz.com,(208) 936-6996,NSC_DIRECT,2021-12-19 11:55:57.168119-05:00,Savannah,GA,31401
929,Providence Grocery LLC,,79-7253395,,kimberly.hill@providenceco.com,433-818-8855,BAYLINE,2020-09-25 18:56:09.059884-05:00,Winston-Salem,NC,27101
930,Okafor Fitness Group LLC,Okafor Fitness Group,636858882,7591,jeffrey.hall@okaforco.com,909-933-6680,NSC_DIRECT,2025-08-21 07:42:58.940145-05:00,Winston-Salem,NC,27101
931,Tuckaseegee Machine Services LLC,,38-8652655,4396,elizabeth.thomas@tuckaseegee.com,793-270-3851,NSC_DIRECT,2020-11-23 11:24:55.945713-05:00,Charlotte,NC,28204
932,Green Childcare Solutions Inc,,33-0500991,0867,eric.pridgen@greenbiz.com,447-252-8245,NSC_DIRECT,2019-05-15 14:10:41.122302-05:00,Charlotte,NC,28204
933,Uwharrie Staffing LLC,,241921015,1040,benjamin.nguyen@uwharrieinc.com,637-585-5649,BAYLINE,2022-01-09 23:29:29.912513-05:00,Durham,NC,27701
934,Salisbury Physical Therapy LLC,,86 2028683,2927,deborah.taylor@salisburyinc.com,(240) 550-4471,NSC_DIRECT,2019-08-22 00:56:50.582495-05:00,Nashville,TN,37201
935,Davidson Brothers LLC,,57 0739370,2938,christopher.lopez@davidsonco.com,8276751695,NSC_DIRECT,2023-12-07 04:30:02.110062-05:00,Riverside,CA,92501
936,Belmont Company Group LLC,,,8751,nicole.hill@belmontco.com,666-342-9670,NSC_DIRECT,2021-06-04 09:43:51.071204-05:00,Charlotte,NC,28204
937,Piedmont Print Solutions Inc,,77-5835867,0905,scott.blalock@piedmont.com,474-238-5904,NSC_DIRECT,2025-01-03 15:15:28.098990-05:00,Greenville,SC,29601
938,Ironwood Fitness Inc,,29-8903549,3223,angela.brown@ironwoodinc.com,5997957212,NSC_DIRECT,2023-02-16 05:54:15.017583-05:00,Columbia,SC,29201
939,Cedar Medical Billing LLC,,26-3174264,5905,lisa.cheng@cedar.com,325-310-4457,NSC_DIRECT,2022-05-19 14:11:30.849878-05:00,Charlotte,NC,28204
940,Hickory Plumbing Inc,,63-5627116,4756,anna.young@hickorybiz.com,624-742-9105,NSC_DIRECT,2022-04-27 16:29:31.835921-05:00,Durham,NC,27701
941,Mooresville Landscape LLC,,22-2877676,9921,jason.mitchell@mooresvillebiz.com,(641) 987-6651,NSC_DIRECT,2022-10-12 01:53:10.645956-05:00,Savannah,GA,31401
942,Lincolnton Company LLC,Lincolnton Company,226404087,1286,jonathan.young@lincolntonbiz.com,900-520-5981,NSC_DIRECT,2023-11-30 13:19:01.109070-05:00,Atlanta,GA,30303
943,Adams Freight LLC,,672000124,9362,laura.white@adamsinc.com,415-356-7388,NSC_DIRECT,2023-09-07 02:04:06.790764-05:00,Riverside,CA,92501
944,Lincolnton Flooring Partners LLC,,32-3443036,1186,nicole.walker@lincolntoninc.com,740-686-9330,NSC_DIRECT,2021-05-12 12:04:14.329574-05:00,Atlanta,GA,30303
945,Waxhaw and Sons Services LLC,,43-7326732,1070,anthony.wilson@waxhawbiz.com,261-350-8591,NSC_DIRECT,2021-03-06 16:19:26.934868-05:00,Raleigh,NC,27601
946,Freedom and Sons LLC,,29-0846665,7940,gary.thompson@freedominc.com,690-507-4995,NSC_DIRECT,2021-04-25 14:54:39.800201-05:00,Charlotte,NC,28204
947,Huntersville and Sons Group LLC,,737198320,7515,sandra.adams@huntersvilleco.com,974-321-9302,NSC_DIRECT,2024-04-29 07:37:49.501997-05:00,Concord,NC,28025
948,Mooresville Coffee LLC,Mooresville Coffee,,1651,george.king@mooresvilleco.com,563-372-3822,BAYLINE,2020-10-26 16:59:52.688109-05:00,Columbia,SC,29201
949,Pinehurst Security Services LLC,,85-4035252,3434,dorothy.patel@pinehurstco.com,536-834-1556,NSC_DIRECT,2025-04-19 22:55:45.235932-05:00,Savannah,GA,31401
950,Waxhaw Pest Control Services LLC,,215456320,,kenneth.whitfield@waxhawinc.com,766-633-4726,BAYLINE,2019-09-28 07:39:39.254489-05:00,Greenville,SC,29601
951,Cornelius Towing Inc,,38-3261354,5473,nicole.gonzalez@corneliusco.com,271-874-5207,CASCADE,2021-04-06 08:37:35.539674-05:00,Knoxville,TN,37902
952,Randolph Staffing LLC,,28-6645198,1760,brenda.campbell@randolphinc.com,850-831-7380,NSC_DIRECT,2024-10-14 08:01:37.082983-05:00,Riverside,CA,92501
953,Steele Creek and Sons Partners LLC,,47-9465308,1549,richard.thompson@steele.com,673-395-7472,NSC_DIRECT,2025-02-24 22:11:50.457185-05:00,Bakersfield,CA,93301
954,Blue Ridge Flooring Group LLC,,365338348,2293,joseph.smith@bluebiz.com,640-723-0210,BAYLINE,2023-03-05 04:36:21.983390-05:00,Asheville,NC,28801
955,Huntersville Cabinet Group LLC,,44-9631963,6259,sandra.blalock@huntersville.com,209-205-5476,NSC_DIRECT,2023-01-17 03:59:26.522457-05:00,Concord,NC,28025
956,Catawba Grocery Partners LLC,,97-9702506,8851,justin.suggs@catawbaco.com,2963728257,BAYLINE,2020-10-29 01:17:01.969985-05:00,Rock Hill,SC,29730
957,Shelby Brothers Co,,,,elizabeth.taylor@shelbybiz.com,767-817-4508,NSC_DIRECT,2021-08-22 02:42:51.163910-05:00,Richmond,VA,23219
958,Blue Ridge Associates LLC,,,6218,scott.patel@blueco.com,782-536-6445,CASCADE,2020-06-19 10:58:58.464739-05:00,Fresno,CA,93701
959,Wilson Welding LLC,,546475982,6519,brandon.williams@wilsoninc.com,459-313-8424,NSC_DIRECT,2022-05-09 04:32:25.056674-05:00,Norfolk,VA,23510
960,Sardis Medical Billing Services LLC,,,3528,shirley.lopez@sardisco.com,209-708-8050,NSC_DIRECT,2022-07-11 02:17:14.303441-05:00,Gastonia,NC,28054
961,Shelby Brothers Solutions Inc,,57-5062537,0021,sandra.green@shelbyinc.com,9833257850,BAYLINE,2019-12-22 17:44:55.851593-05:00,Fresno,CA,93701
962,Thompson Salon Inc,Thompson Salon,801181357,9852,edward.vasquez@thompson.com,623-643-5401,NSC_DIRECT,2024-09-21 11:51:35.837532-05:00,Bakersfield,CA,93301
963,Matthews Cabinet LLC,,33-5290729,,emily.white@matthewsco.com,450-271-0098,CASCADE,2023-11-17 02:06:01.320657-05:00,Riverside,CA,92501
964,Granite Brewing LLC,,36-8803604,2107,barbara.johnson@graniteco.com,7443123205,BAYLINE,2019-05-29 14:05:01.847999-05:00,Riverside,CA,92501
965,Hickory Supply Holdings LLC,,38-4789866,6042,emma.jones@hickorybiz.com,715-682-0988,NSC_DIRECT,2021-08-18 15:57:17.442038-05:00,Nashville,TN,37201
966,Lincolnton Realty LLC,,32-0513704,9291,michelle.clark@lincolntonbiz.com,(748) 528-8316,BAYLINE,2024-05-19 13:05:55.087380-05:00,Norfolk,VA,23510
967,Ballantyne Irrigation Holdings LLC,,41-9133238,1481,daniel.davis@ballantyne.com,757-391-5307,NSC_DIRECT,2019-07-19 18:31:24.920997-05:00,Sacramento,CA,95814
968,Robinson Print Co,,,9644,shirley.rivera@robinsonco.com,412-594-3634,CASCADE,2025-02-06 15:19:25.809295-05:00,Bakersfield,CA,93301
969,Idlewild Supply LLC,,84-2598797,5833,kevin.moore@idlewildbiz.com,607-551-4377,NSC_DIRECT,2022-01-15 15:55:10.029123-05:00,Bakersfield,CA,93301
970,Concord Coffee Inc,,82-2281913,8053,stephen.martin@concordinc.com,494-204-6411,NSC_DIRECT,2024-11-12 10:06:20.279121-05:00,Rock Hill,SC,29730
971,Sardis Electric Inc,Sardis Electric,27-4308646,8795,anna.lopez@sardisinc.com,(282) 710-0826,NSC_DIRECT,2020-03-30 20:53:25.857050-05:00,Riverside,CA,92501
972,Monroe Supply Solutions Inc,,,7752,michelle.cheng@monroebiz.com,5872158570,CASCADE,2021-01-21 04:46:30.356185-05:00,Fresno,CA,93701
973,Allen Catering LLC,,29-8654758,,jacob.suggs@allen.com,622-575-3925,NSC_DIRECT,2022-09-11 17:35:36.706916-05:00,Charlotte,NC,28211
974,Brown Tax Solutions Inc,Brown Tax Solutions,90-7217962,7610,samantha.lewis@brownbiz.com,970-544-6835,NSC_DIRECT,2019-01-19 15:19:51.005598-05:00,Richmond,VA,23219
975,Lewis Dental Inc,,EIN 70-3260226,1219,susan.rivera@lewisbiz.com,695-202-9895,NSC_DIRECT,2022-04-02 21:49:24.217927-05:00,Concord,NC,28025
976,Matthews Veterinary Solutions Inc,,206273481,8475,mark.taylor@matthewsbiz.com,236-903-4706,NSC_DIRECT,2024-09-30 20:58:55.705066-05:00,Gastonia,NC,28054
977,Piedmont Bakery Inc,,37-9955938,0561,charles.roberts@piedmont.com,3218172857,NSC_DIRECT,2026-01-26 17:45:13.072611-05:00,Savannah,GA,31401
978,Harbor Logistics Partners LLC,Harbor Logistics Partners,55-4888318,5819,robert.cheng@harborbiz.com,7256369747,BAYLINE,2020-01-01 10:57:04.286726-05:00,Riverside,CA,92501
979,Gastonia Catering Services LLC,,63-6454269,0414,robert.miller@gastoniaco.com,929-851-6356,NSC_DIRECT,2022-12-07 07:21:25.789420-05:00,Raleigh,NC,27601
980,Anderson Freight Solutions Inc,,531382145,7179,charles.moore@andersonbiz.com,590-774-6419,NSC_DIRECT,2023-11-25 01:00:06.442516-05:00,Greenville,SC,29601
981,Idlewild Company LLC,,35-4376323,0085,gregory.davis@idlewildinc.com,506-932-6153,BAYLINE,2023-01-31 08:48:03.969842-05:00,Concord,NC,28025
982,Freedom Realty LLC,,852950617,,stephen.lopez@freedomco.com,303-376-7805,NSC_DIRECT,2023-08-29 11:09:01.990202-05:00,Savannah,GA,31401
983,Piedmont Coffee Group LLC,,637862531,7166,jonathan.walker@piedmont.com,296-326-7578,NSC_DIRECT,2023-10-03 18:38:24.012019-05:00,Savannah,GA,31401
984,Rowan and Sons Holdings LLC,,79 4253604,3445,kimberly.davis@rowaninc.com,621-205-5727,NSC_DIRECT,2021-01-14 05:06:45.897317-05:00,Concord,NC,28025
985,Randolph Coffee LLC,,EIN 82-5318248,0108,samuel.blalock@randolphco.com,643-680-7649,NSC_DIRECT,2021-09-22 15:32:44.354190-05:00,Fresno,CA,93701
986,Tuckaseegee Coffee Co,,89-5523282,0970,richard.martin@tuckaseegeeco.com,3456574597,NSC_DIRECT,2025-05-15 06:33:45.691336-05:00,Knoxville,TN,37902
987,Gastonia Janitorial Inc,,471222088,7971,angela.rodriguez@gastoniaco.com,302-387-5325,NSC_DIRECT,2021-07-01 21:56:59.922644-05:00,Charlotte,NC,28202
988,Smith Towing Services LLC,,66-2097067,7712,emily.wilson@smithbiz.com,827-250-3458,NSC_DIRECT,2024-12-23 02:51:10.738591-05:00,Greenville,SC,29601
989,Green Logistics Group LLC,Green Logistics Group,49-6338532,3092,emily.roberts@greeninc.com,487-232-9083,NSC_DIRECT,2023-01-26 15:29:29.957647-05:00,Richmond,VA,23219
990,Clark Optical LLC,,,4081,jennifer.adams@clarkco.com,485-246-9793,NSC_DIRECT,2021-12-19 21:23:14.736737-05:00,Raleigh,NC,27601
991,CRB Holdings LLC,Corner Rise Bakery,84-3921776,4417,j.mabry@cornerrisebakery.com,704-555-0182,BAYLINE,2025-11-14 14:09:00-05:00,Charlotte,NC,28205
992,Uwharrie Enterprises LLC,,802894299,9388,patricia.hall@uwharriebiz.com,960-368-0578,NSC_DIRECT,2024-10-06 07:29:00.651632-05:00,Gastonia,NC,28054
993,Kestrel Optical Solutions Inc,Kestrel Optical Solutions,877014413,2190,pamela.nguyen@kestrel.com,355-324-8482,BAYLINE,2020-10-16 01:16:49.975233-05:00,Bakersfield,CA,93301
994,Harbor Catering Holdings LLC,,429004542,3388,emma.rivera@harbor.com,732-581-0288,NSC_DIRECT,2020-10-11 19:51:34.087761-05:00,Savannah,GA,31401
995,Providence Medical Billing Partners LLC,,422157889,,ronald.white@providencebiz.com,907-478-5975,CASCADE,2019-09-22 18:32:39.906353-05:00,Sacramento,CA,95814
996,Mallard Insurance Partners LLC,,60-0976777,7576,andrew.wright@mallardinc.com,304-957-8791,NSC_DIRECT,2024-07-05 18:07:56.172617-05:00,Charlotte,NC,28204
997,Sunbelt Medical Billing Solutions Inc,,80 2978475,6409,nancy.lopez@sunbeltbiz.com,8533554307,NSC_DIRECT,2024-06-03 06:44:05.085134-05:00,Durham,NC,27701
998,Ballantyne Pharmacy Partners LLC,Ballantyne Pharmacy Partners,,6965,brian.robinson@ballantyneco.com,940-958-1804,NSC_DIRECT,2025-10-19 18:06:49.861449-05:00,Charlotte,NC,28211
999,Rowan Group LLC,Rowan Group,718628555,9464,jeffrey.roberts@rowan.com,923-269-6000,BAYLINE,2021-12-06 17:01:37.386250-05:00,Charlotte,NC,28204
1000,Cherryville Group LLC,,49-9216031,3848,brian.wright@cherryvilleco.com,954-328-5072,NSC_DIRECT,2020-05-09 01:21:11.942932-05:00,Charlotte,NC,28211
1001,Blue Ridge Partners Partners LLC,,47-9682320,4675,sandra.gonzalez@blueinc.com,203-527-2525,NSC_DIRECT,2024-10-13 02:15:39.602404-05:00,Winston-Salem,NC,27101
1002,Shelby Tax Co,,72-1356536,7252,ryan.lewis@shelbyco.com,873-278-0125,NSC_DIRECT,2019-02-19 09:22:44.061570-05:00,Asheville,NC,28801
1003,Kestrel Company Inc,,615963907,,joseph.roberts@kestrel.com,(369) 662365,NSC_DIRECT,2025-08-16 14:19:53.175535-05:00,Nashville,TN,37201
1004,Harbor Roasters LLC,Harbor Roasters,747067611,2981,jessica.allen@harborco.com,(962) 726-9949,BAYLINE,2020-04-30 16:08:21.274208-05:00,Concord,NC,28025
1005,Gastonia Associates Services LLC,,49-0153311,0758,thomas.carter@gastonia.com,410-571-8101,NSC_DIRECT,2023-07-29 16:08:36.669928-05:00,Charlotte,NC,28202
1006,Randolph Works Services LLC,,83-9338142,8868,carol.lee@randolphbiz.com,654-751-4560,NSC_DIRECT,2021-03-06 04:23:38.652729-05:00,Charlotte,NC,28211
1007,Belmont Security Solutions Inc,,793567384,9859,george.king@belmont.com,206-791-2198,NSC_DIRECT,2022-05-04 16:16:46.080377-05:00,Raleigh,NC,27601
1008,Kannapolis Body Shop LLC,Kannapolis Body Shop,69 0892505,2873,amy.wright@kannapolis.com,(903) 862-9525,CASCADE,2025-09-22 23:51:38.545890-05:00,Fresno,CA,93701
1009,Shelby Tire LLC,,74-1167245,2408,scott.martinez@shelby.com,(553) 275-3166,CASCADE,2022-03-09 07:44:33.796893-05:00,Bakersfield,CA,93301
1010,Sardis Childcare Solutions Inc,,28-4888644,0317,joshua.rodriguez@sardisinc.com,809-576-2394,NSC_DIRECT,2020-06-20 23:44:18.930306-05:00,Gastonia,NC,28054
1011,Elizabeth Nursery Holdings LLC,Elizabeth Nursery Holdings,59-2817962,3919,ronald.okafor@elizabethbiz.com,731-861-6013,NSC_DIRECT,2019-11-12 14:45:01.340222-05:00,Bakersfield,CA,93301
1012,Monroe Fitness Inc,,,7835,angela.sanchez@monroebiz.com,233-617-1388,NSC_DIRECT,2020-07-29 09:01:48.699029-05:00,Nashville,TN,37201
1013,Robinson Metal Group LLC,,35-8085635,3193,betty.taylor@robinsonbiz.com,804-966-5423,CASCADE,2026-01-13 09:23:10.055546-05:00,Riverside,CA,92501
1014,Kannapolis Brewing LLC,,901790049,5561,david.wright@kannapolisbiz.com,(423) 313-0981,NSC_DIRECT,2019-11-14 15:18:01.906514-05:00,Bakersfield,CA,93301
1015,Statesville Towing LLC,,53-5656419,7517,donald.jackson@statesville.com,317-587-6206,NSC_DIRECT,2023-08-07 14:00:03.922489-05:00,Asheville,NC,28801
1016,Elizabeth Fitness Services LLC,,54-0483234,,andrew.martin@elizabethbiz.com,504-916-1171,BAYLINE,2019-02-07 22:11:10.122883-05:00,Sacramento,CA,95814
1017,Providence Logistics LLC,,24-2574164,3458,sharon.garcia@providence.com,515-321-1597,NSC_DIRECT,2024-05-14 09:19:52.242468-05:00,Charlotte,NC,28204
1018,Sunbelt Contractors Group LLC,,36-3104261,4310,robert.robinson@sunbeltbiz.com,319-517-8805,NSC_DIRECT,2019-07-15 13:39:06.816276-05:00,Greenville,SC,29601
1019,Lantern Landscape LLC,,59-9714678,9491,maria.roberts@lanternbiz.com,652-203-3964,NSC_DIRECT,2024-05-15 23:08:37.590742-05:00,Greenville,SC,29601
1020,Cornelius Paving LLC,,45-3998515,8335,matthew.hernandez@corneliusco.com,7005210201,NSC_DIRECT,2023-02-11 12:24:24.109492-05:00,Bakersfield,CA,93301
1021,Beatties Ford Machine Co,,56-1510124,9650,kenneth.davis@beattiesco.com,477-607-2166,CASCADE,2023-02-11 06:40:36.337033-05:00,Norfolk,VA,23510
1022,Shelby Landscape Co,,36-0904140,5532,amanda.patel@shelbyinc.com,991-626-5077,NSC_DIRECT,2025-06-19 23:57:57.268033-05:00,Winston-Salem,NC,27101
1023,Steele Creek Partners Inc,,,5307,ryan.yarborough@steeleinc.com,478-944-0673,CASCADE,2022-07-31 17:05:31.543109-05:00,Riverside,CA,92501
1024,Green Metal Solutions Inc,,778568713,5432,susan.rodriguez@greenco.com,740-847-5071,NSC_DIRECT,2024-06-22 09:02:29.999134-05:00,Charlotte,NC,28211
1025,Kestrel Textile Inc,,57 4204245,6457,barbara.johnson@kestrelinc.com,835-307-0090,CASCADE,2021-06-24 10:29:43.923789-05:00,Fresno,CA,93701
1026,Allen Pest Control Co,,605196528,9798,jeffrey.vasquez@allen.com,203-904-1537,CASCADE,2022-04-02 00:33:08.024787-05:00,Gastonia,NC,28054
1027,Salisbury and Sons Group LLC,,26-2047239,1143,justin.blalock@salisbury.com,488-686-7919,CASCADE,2025-04-06 11:00:37.436389-05:00,Bakersfield,CA,93301
1028,Harbor Brothers Services LLC,,446375296,4859,cynthia.martin@harborco.com,756-256-2793,BAYLINE,2023-06-01 17:51:02.392986-05:00,Durham,NC,27701
1029,Young Metal Group LLC,,31-6753273,5190,stephanie.wright@younginc.com,890-707-2973,NSC_DIRECT,2019-03-25 20:56:44.407296-05:00,Asheville,NC,28801
1030,Dilworth Services Partners LLC,,61-4276910,0606,donna.adams@dilworthbiz.com,(509) 294-5725,NSC_DIRECT,2023-09-13 02:49:28.135163-05:00,Charlotte,NC,28202
1031,Harbor Brothers LLC,,47-4974237,1729,linda.nguyen@harborbiz.com,891-224-2398,NSC_DIRECT,2025-03-24 07:22:11.963571-05:00,Riverside,CA,92501
1032,Gastonia Supply LLC,Gastonia Supply,EIN 28-9697443,0638,barbara.pridgen@gastoniainc.com,588-982-6146,NSC_DIRECT,2020-08-25 08:13:50.877290-05:00,Rock Hill,SC,29730
1033,Lincolnton Cabinet Group LLC,,73-3404290,3932,jessica.wright@lincolntonco.com,850-214-9325,NSC_DIRECT,2023-02-27 23:01:17.401338-05:00,Sacramento,CA,95814
1034,Mallard Print LLC,,73-5165579,9489,michael.white@mallardinc.com,796-794-7525,NSC_DIRECT,2023-03-23 19:21:33.528042-05:00,Riverside,CA,92501
1035,Sunbelt Realty Co,,41-7297121,1436,rebecca.brown@sunbeltinc.com,420-562-4265,CASCADE,2021-06-15 16:28:59.808774-05:00,Fresno,CA,93701
1036,Kannapolis Logistics LLC,,445840289,7644,steven.martin@kannapolisbiz.com,287-512-4012,NSC_DIRECT,2020-11-25 06:06:41.767086-05:00,Columbia,SC,29201
1037,Piedmont Nursery LLC,Piedmont Nursery,54-0250205,7791,justin.patel@piedmontinc.com,(557) 949-4976,BAYLINE,2022-08-27 16:25:34.742650-05:00,Columbia,SC,29201
1038,Uwharrie Services Inc,,35 9384425,8607,deborah.king@uwharrieco.com,485-258-0712,BAYLINE,2022-05-23 08:35:03.177793-05:00,Bakersfield,CA,93301
1039,Elizabeth Janitorial Co,,,6489,robert.thompson@elizabeth.com,654-785-9959,BAYLINE,2022-09-14 05:49:47.463718-05:00,Bakersfield,CA,93301
1040,Adams Medical Billing Co,,72-4122967,3899,angela.ramirez@adamsinc.com,(291) 311433,BAYLINE,2024-06-22 23:41:05.960131-05:00,Durham,NC,27701
1041,Ballantyne Flooring LLC,,20 2237512,2711,george.white@ballantynebiz.com,884-894-0691,NSC_DIRECT,2021-06-22 08:35:21.427620-05:00,Winston-Salem,NC,27101
1042,Hickory Irrigation Co,,28-7707830,9243,anna.mitchell@hickoryco.com,241-260-8201,NSC_DIRECT,2019-07-25 21:28:21.655920-05:00,Charlotte,NC,28211
1043,Uwharrie Machine LLC,,51-6239815,3035,benjamin.campbell@uwharriebiz.com,(747) 964-6973,BAYLINE,2021-03-06 17:04:28.435977-05:00,Nashville,TN,37201
1044,Harbor and Vine Provisions LLC,Harbor & Vine,56-2288104,0057,ap@harborandvine.com,512-868-8592,NSC_DIRECT,2024-12-07 12:42:49.243974-05:00,Charlotte,NC,28203
1045,Maple Metal Services LLC,Maple Metal Services,698705610,,donald.okafor@maplebiz.com,(626) 820-5896,NSC_DIRECT,2020-10-07 19:20:19.676149-05:00,Gastonia,NC,28054
1046,Waxhaw Brewing LLC,,74-6457020,6695,timothy.nguyen@waxhaw.com,616-831-8964,NSC_DIRECT,2019-01-26 16:09:52.611636-05:00,Charlotte,NC,28202
1047,Green Print Inc,,71-1446424,5664,jason.whitfield@green.com,226-909-9704,NSC_DIRECT,2020-10-04 06:06:48.073990-05:00,Columbia,SC,29201
1048,Miller Salon LLC,Miller Salon,80-1807465,4953,linda.lopez@millerbiz.com,965-564-5885,NSC_DIRECT,2021-08-06 10:15:34.284304-05:00,Bakersfield,CA,93301
1049,Elizabeth Group LLC,,21-2145029,0191,emma.torres@elizabeth.com,807-757-6180,NSC_DIRECT,2021-02-27 15:16:09.777646-05:00,Charlotte,NC,28204
1050,Gastonia Welding LLC,,86-0374797,2182,joseph.cheng@gastoniabiz.com,597-529-4266,CASCADE,2021-08-21 09:52:33.839937-05:00,Fresno,CA,93701
1051,Granite Services LLC,,21-6387519,3680,jonathan.davis@graniteinc.com,548-434-4995,NSC_DIRECT,2022-12-03 21:18:39.136418-05:00,Asheville,NC,28801
1052,Statesville Fitness LLC,Statesville Fitness,640995124,1288,jessica.yarborough@statesville.com,864-574-5368,NSC_DIRECT,2020-09-18 04:09:57.567125-05:00,Nashville,TN,37201
1053,Adams Staffing Co,,63-0317221,,ronald.flores@adamsinc.com,346-306-6708,NSC_DIRECT,2022-02-04 20:15:05.978749-05:00,Charlotte,NC,28202
1054,Jones Coffee Holdings LLC,,64-8994145,6803,sarah.carter@jonesco.com,942-618-0843,NSC_DIRECT,2024-10-31 22:01:28.901574-05:00,Concord,NC,28025
1055,Davidson Associates Co,,91 7956817,,lisa.nguyen@davidson.com,8954570921,NSC_DIRECT,2023-12-12 09:18:09.706100-05:00,Sacramento,CA,95814
1056,Sunbelt Supply LLC,Sunbelt Supply,49-2712282,6739,deborah.wright@sunbeltinc.com,918-491-6746,NSC_DIRECT,2023-09-08 14:42:10.892847-05:00,Fresno,CA,93701
1057,Lantern Works LLC,,49 0681970,,maria.cheng@lanternbiz.com,660-809-5996,BAYLINE,2021-10-19 13:38:50.559219-05:00,Winston-Salem,NC,27101
1058,Yarborough Welding Group LLC,,33-0419019,0669,steven.hill@yarboroughbiz.com,(645) 511164,BAYLINE,2023-05-11 11:16:29.433576-05:00,Greenville,SC,29601
1059,Salisbury Group Inc,,36-4528148,9481,joshua.lee@salisburyco.com,806-876-0516,NSC_DIRECT,2021-04-22 15:20:32.709170-05:00,Gastonia,NC,28054
1060,Smith Machine Partners LLC,Smith Machine Partners,32-0523145,3461,carol.suggs@smith.com,490-232-9267,CASCADE,2019-06-30 04:27:03.435413-05:00,Riverside,CA,92501
1061,Statesville Fitness Holdings LLC,,EIN 21-7894544,4857,richard.pridgen@statesville.com,439-239-2241,NSC_DIRECT,2019-02-09 05:35:59.491732-05:00,Durham,NC,27701
1062,Dilworth Flooring Inc,,EIN 27-6726536,,sharon.lee@dilworthbiz.com,359-600-1300,NSC_DIRECT,2023-03-26 00:45:39.317286-05:00,Fresno,CA,93701
1063,Tuckaseegee Services Co,Tuckaseegee Services,88-6594909,8366,brandon.mitchell@tuckaseegeeco.com,299-222-2222,NSC_DIRECT,2019-04-30 16:49:46.576643-05:00,Sacramento,CA,95814
1064,Providence Textile Co,,95-4328543,6479,betty.vasquez@providenceco.com,704-246-6475,NSC_DIRECT,2023-05-23 19:56:24.808307-05:00,Richmond,VA,23219
1065,Newton Print LLC,,88-6465577,1964,mark.miller@newtonbiz.com,9758480430,NSC_DIRECT,2019-04-25 13:41:55.466630-05:00,Richmond,VA,23219
1066,Mitchell Auto LLC,Mitchell Auto,63-2044784,5178,joshua.white@mitchellinc.com,948-498-2528,NSC_DIRECT,2025-03-02 19:20:14.331575-05:00,Richmond,VA,23219
1067,Ballantyne Pest Control Solutions Inc,,,1350,cynthia.whitfield@ballantyneco.com,757-732-8870,NSC_DIRECT,2021-11-14 15:25:47.594071-05:00,Atlanta,GA,30303
1068,Hernandez Staffing LLC,,94 5969930,1783,richard.baker@hernandez.com,262-764-3229,CASCADE,2020-01-23 03:44:13.016166-05:00,Fresno,CA,93701
1069,Maple Cabinet LLC,,880741630,9398,eric.flores@mapleco.com,601-494-2195,NSC_DIRECT,2021-10-19 19:54:04.599907-05:00,Charlotte,NC,28204
1070,Mooresville Insurance LLC,,83 6545083,,margaret.thomas@mooresville.com,548-864-0550,CASCADE,2019-11-04 01:32:18.617624-05:00,Sacramento,CA,95814
1071,Providence Coffee Holdings LLC,,719956686,,richard.thompson@providence.com,969-969-4992,NSC_DIRECT,2024-03-17 12:44:53.106223-05:00,Fresno,CA,93701
1072,Cornelius Salon LLC,,22 0429693,,joshua.okafor@corneliusbiz.com,630-977-6802,NSC_DIRECT,2020-05-19 19:13:37.324215-05:00,Savannah,GA,31401
1073,Cedar Tax Group LLC,,624155541,9555,nicole.anderson@cedarco.com,716-846-5909,CASCADE,2025-11-25 20:33:30.764204-05:00,Atlanta,GA,30303
1074,Shelby Medical Billing Solutions Inc,,EIN 62-1831936,,angela.harris@shelbyco.com,456-901-7766,BAYLINE,2023-08-13 09:11:52.982302-05:00,Savannah,GA,31401
1075,Statesville Dental Services LLC,,423944799,3075,matthew.pridgen@statesvillebiz.com,580-957-5268,BAYLINE,2019-02-08 20:41:27.578299-05:00,Raleigh,NC,27601
1076,Mallard Physical Therapy Inc,Mallard Physical Therapy,41-2016305,6682,lisa.sanchez@mallard.com,6133175658,NSC_DIRECT,2022-08-20 23:23:03.521665-05:00,Charlotte,NC,28204
1077,Cornelius Paving Holdings LLC,,72-5994704,,laura.martin@corneliusinc.com,2524629706,NSC_DIRECT,2023-12-10 12:35:37.020367-05:00,Savannah,GA,31401
1078,Dilworth Electric Group LLC,Dilworth Electric Group,47-0648019,8300,anna.ramirez@dilworthbiz.com,203-483-1890,NSC_DIRECT,2020-01-26 01:27:19.688669-05:00,Bakersfield,CA,93301
1079,Randolph Irrigation Inc,,55-6219046,3037,gary.flores@randolph.com,390-343-2286,NSC_DIRECT,2021-02-16 15:39:16.109068-05:00,Charlotte,NC,28204
1080,Gastonia Roofing Partners LLC,,33-4874322,5991,brandon.ramirez@gastoniaco.com,824-932-7935,NSC_DIRECT,2025-10-01 08:26:21.268477-05:00,Norfolk,VA,23510
1081,Elizabeth Bakery Solutions Inc,Elizabeth Bakery Solutions,96-5181870,8300,george.blalock@elizabethinc.com,396-422-3502,NSC_DIRECT,2019-10-08 16:39:39.809568-05:00,Charlotte,NC,28211
1082,Concord Textile Holdings LLC,,86-9327643,8408,brian.adams@concordco.com,589-617-9937,CASCADE,2025-04-16 15:36:48.439264-05:00,Sacramento,CA,95814
1083,Belmont Welding LLC,Belmont Welding,,5338,samantha.hill@belmontinc.com,313-758-9029,BAYLINE,2021-01-28 14:21:03.707365-05:00,Winston-Salem,NC,27101
1084,Monroe Company Group LLC,Monroe Company Group,57-3921007,6135,gregory.harris@monroe.com,699-518-1942,NSC_DIRECT,2023-05-07 11:23:37.129719-05:00,Durham,NC,27701
1085,Campbell Welding Services LLC,,91-2192581,4381,michael.adams@campbellbiz.com,(566) 797-7176,NSC_DIRECT,2020-06-23 16:29:01.445790-05:00,Nashville,TN,37201
1086,Yarborough Dental Holdings LLC,,50-6869305,,benjamin.mabry@yarboroughinc.com,573-844-1262,NSC_DIRECT,2022-03-20 16:29:59.796974-05:00,Knoxville,TN,37902
1087,Piedmont Company LLC,,34-3307250,0384,pamela.wright@piedmontco.com,503-451-3413,NSC_DIRECT,2022-03-18 22:50:06.541340-05:00,Columbia,SC,29201
1088,Tryon Roofing Inc,,72-1631782,6431,justin.harris@tryon.com,(338) 327-9863,NSC_DIRECT,2022-03-11 07:54:02.089584-05:00,Winston-Salem,NC,27101
1089,Pinehurst Tax LLC,Pinehurst Tax,64-9710809,6409,linda.thompson@pinehurst.com,342-891-0515,NSC_DIRECT,2021-10-14 17:19:46.616359-05:00,Atlanta,GA,30303
1090,Ironwood Paving Inc,,68-3604076,9956,ryan.okafor@ironwood.com,860-835-0824,NSC_DIRECT,2023-11-28 12:12:04.680507-05:00,Concord,NC,28025
1091,Mint Hill Roasters Holdings LLC,Mint Hill Roasters Holdings,26-4701435,6435,sharon.lewis@mintinc.com,476-845-4767,NSC_DIRECT,2020-08-07 21:04:55.643139-05:00,Bakersfield,CA,93301
1092,Thomas Paving Co,,49-5107695,9635,charles.walker@thomasbiz.com,3616899774,BAYLINE,2022-09-22 16:26:11.648098-05:00,Sacramento,CA,95814
1093,Steele Creek Machine Inc,,821758867,0914,stephanie.carter@steele.com,491-546-9771,NSC_DIRECT,2022-02-07 07:04:27.761528-05:00,Sacramento,CA,95814
1094,Randolph Insurance LLC,,613799804,9663,brandon.williams@randolphbiz.com,645-291-5272,NSC_DIRECT,2021-09-05 00:23:21.415061-05:00,Winston-Salem,NC,27101
1095,Idlewild Contractors LLC,,20-1018012,0032,susan.mitchell@idlewild.com,342-871-4848,BAYLINE,2020-01-15 10:58:31.197464-05:00,Savannah,GA,31401
1096,Cornelius Electric Inc,,43-5177386,4354,larry.walker@cornelius.com,786-436-3808,NSC_DIRECT,2024-05-14 05:32:32.943933-05:00,Norfolk,VA,23510
1097,Pinehurst Partners Services LLC,Pinehurst Partners Services,25-0492547,8396,george.nguyen@pinehurstbiz.com,740-965-7780,NSC_DIRECT,2019-12-12 03:47:15.438309-05:00,Winston-Salem,NC,27101
1098,Miller Plumbing Services LLC,,43-7866270,0692,richard.carter@millerbiz.com,481-617-0467,CASCADE,2022-07-15 20:20:44.153029-05:00,Fresno,CA,93701
1099,Harbor Partners Inc,,,4527,eric.gonzalez@harborbiz.com,552-326-7315,NSC_DIRECT,2026-01-21 01:28:53.873413-05:00,Asheville,NC,28801
1100,Nelson Flooring LLC,Nelson Flooring,96-6443154,1831,kenneth.okafor@nelsonbiz.com,546-723-3654,NSC_DIRECT,2022-09-25 12:13:22.657120-05:00,Durham,NC,27701
1101,Ramirez Textile LLC,,57-0436894,8384,cynthia.yarborough@ramirezbiz.com,820-666-3921,NSC_DIRECT,2019-11-30 14:33:20.438947-05:00,Nashville,TN,37201
1102,Piedmont Welding Co,,41-2270367,3788,jennifer.hall@piedmont.com,7566580019,NSC_DIRECT,2025-05-24 01:12:59.585165-05:00,Concord,NC,28025
1103,Campbell Paving LLC,,24-0195481,4349,nancy.hill@campbellco.com,215-796-4669,NSC_DIRECT,2023-07-31 23:37:13.269585-05:00,Rock Hill,SC,29730
1104,Providence Group Inc,,284819625,3754,michelle.moore@providencebiz.com,419-403-2325,NSC_DIRECT,2025-03-27 15:04:29.436726-05:00,Savannah,GA,31401
1105,Allen Tax LLC,Allen Tax,61-6106297,7532,katherine.johnson@allen.com,555-694-4978,BAYLINE,2021-08-25 19:36:37.025659-05:00,Fresno,CA,93701
1106,Concord Welding Services LLC,Concord Welding Services,51-6933807,1045,kevin.nguyen@concordbiz.com,315-510-7309,NSC_DIRECT,2020-04-30 07:28:19.511853-05:00,Raleigh,NC,27601
1107,Sardis Irrigation LLC,,,4325,christopher.gonzalez@sardis.com,741-901-2500,NSC_DIRECT,2025-12-07 06:05:59.036223-05:00,Charlotte,NC,28211
1108,Cedar Tax LLC,Cedar Tax,62-4496383,4849,karen.green@cedarbiz.com,673-898-0645,NSC_DIRECT,2025-03-22 15:47:02.121736-05:00,Rock Hill,SC,29730
1109,Pinehurst Tire LLC,,84 4570707,3294,shirley.wilson@pinehurstbiz.com,747-406-4379,CASCADE,2025-01-01 20:11:10.893546-05:00,Raleigh,NC,27601
1110,Matthews Works LLC,,31-4197307,8694,cynthia.adams@matthewsbiz.com,349-801-0796,NSC_DIRECT,2022-07-21 16:24:22.273996-05:00,Durham,NC,27701
1111,Piedmont Auto Solutions Inc,,47-9721234,5068,karen.hall@piedmontco.com,646-874-9355,NSC_DIRECT,2026-01-23 23:15:57.814417-05:00,Raleigh,NC,27601
1112,Cornelius Catering Co,Cornelius Catering,EIN 29-9146948,1235,stephen.johnson@corneliusinc.com,5849662345,NSC_DIRECT,2021-06-24 19:31:45.755939-05:00,Knoxville,TN,37902
1113,Waxhaw and Sons Solutions Inc,,94-5056227,7835,emily.ramirez@waxhawinc.com,784-353-6770,NSC_DIRECT,2024-07-07 01:03:33.423796-05:00,Fresno,CA,93701
1114,White Janitorial LLC,,82-3938299,7968,jason.moore@white.com,257-981-4031,NSC_DIRECT,2022-03-03 12:15:17.153671-05:00,Raleigh,NC,27601
1115,Cherryville Plumbing LLC,Cherryville Plumbing,62-1655251,3958,dorothy.ramirez@cherryvillebiz.com,964-813-6376,CASCADE,2025-07-23 19:23:51.911034-05:00,Columbia,SC,29201
1116,Shelby Flooring LLC,,29-8237398,8651,william.scott@shelby.com,793-772-3251,NSC_DIRECT,2023-08-18 01:57:13.057072-05:00,Bakersfield,CA,93301
1117,Cherryville Body Shop Inc,Cherryville Body Shop,527678106,3216,kenneth.brown@cherryvillebiz.com,2563597268,CASCADE,2020-11-20 18:47:14.881216-05:00,Fresno,CA,93701
1118,Ironwood Works LLC,,53-6020934,7655,barbara.yarborough@ironwoodbiz.com,333-538-7078,NSC_DIRECT,2024-01-23 09:41:45.442555-05:00,Durham,NC,27701
1119,Rowan Nursery LLC,,897572391,4146,margaret.mitchell@rowaninc.com,923-450-9406,NSC_DIRECT,2021-10-25 01:02:46.351786-05:00,Atlanta,GA,30303
1120,Salisbury Coffee Co,Salisbury Coffee,84-2528270,9759,donald.pridgen@salisbury.com,284-455-8875,CASCADE,2022-12-25 12:29:31.501179-05:00,Charlotte,NC,28202
1121,Cornelius Print Inc,,,,richard.nelson@corneliusinc.com,561-530-2333,NSC_DIRECT,2021-03-30 15:10:09.810419-05:00,Savannah,GA,31401
1122,Huntersville Logistics LLC,,35-8206806,3698,samuel.hernandez@huntersvillebiz.com,3803578982,BAYLINE,2021-06-22 09:54:48.581997-05:00,Charlotte,NC,28211
1123,Flores Veterinary Solutions Inc,,29-1317879,,benjamin.young@floresinc.com,6858436047,NSC_DIRECT,2022-05-31 22:26:50.423078-05:00,Rock Hill,SC,29730
1124,Ironwood Plumbing Group LLC,,76-4682610,8268,robert.harris@ironwood.com,388-957-4224,BAYLINE,2024-08-19 11:10:17.912504-05:00,Norfolk,VA,23510
1125,King Physical Therapy Inc,King Physical Therapy,77-3771451,2899,patricia.ramirez@kinginc.com,783-652-4739,NSC_DIRECT,2022-11-13 01:14:37.511293-05:00,Durham,NC,27701
1126,Okafor Coffee Inc,,885423302,,rebecca.okafor@okaforco.com,511-422-8084,BAYLINE,2022-08-24 11:58:54.851026-05:00,Charlotte,NC,28202
1127,Brown Janitorial Services LLC,,87-2362052,2480,daniel.jackson@brownbiz.com,564-936-2255,BAYLINE,2024-05-27 13:39:01.017930-05:00,Rock Hill,SC,29730
1128,Harbor Enterprises Services LLC,Harbor Enterprises Services,85-5211719,,jonathan.sanchez@harborbiz.com,7713785060,NSC_DIRECT,2020-06-24 21:39:05.594402-05:00,Norfolk,VA,23510
1129,Randolph Janitorial LLC,,56-0349112,2029,kimberly.perez@randolphbiz.com,675-261-3913,NSC_DIRECT,2020-01-06 23:36:10.299948-05:00,Greenville,SC,29601
1130,Vasquez Body Shop Partners LLC,Vasquez Body Shop Partners,,5322,william.adams@vasquezco.com,397-378-1809,CASCADE,2024-06-01 19:16:44.678654-05:00,Sacramento,CA,95814
1131,Hickory Staffing LLC,,511765614,2798,joshua.jones@hickoryco.com,318-624-8315,NSC_DIRECT,2025-02-28 14:28:14.136021-05:00,Fresno,CA,93701
1132,Carter Realty Solutions Inc,,,0244,lisa.young@carter.com,(344) 995-0805,NSC_DIRECT,2023-02-20 05:32:45.191676-05:00,Savannah,GA,31401
1133,Providence Freight Solutions Inc,Providence Freight Solutions,59-4854602,0362,emily.baker@providenceinc.com,381-419-3278,BAYLINE,2019-06-02 05:21:27.019471-05:00,Rock Hill,SC,29730
1134,Hall Staffing LLC,,21 7332856,1090,emily.harris@hallco.com,258-923-9424,NSC_DIRECT,2020-03-25 03:08:42.764625-05:00,Nashville,TN,37201
1135,Sunbelt Cabinet Co,,868281345,,eric.johnson@sunbeltbiz.com,955-698-2073,CASCADE,2025-10-16 15:35:38.057830-05:00,Riverside,CA,92501
1136,Randolph Pest Control Inc,,27-7711682,6203,justin.martinez@randolphinc.com,8539973780,BAYLINE,2020-06-04 09:46:19.462796-05:00,Asheville,NC,28801
1137,Waxhaw Grocery Solutions Inc,,77-4701563,1467,eric.suggs@waxhaw.com,414-858-6443,NSC_DIRECT,2020-05-29 08:18:05.495248-05:00,Charlotte,NC,28202
1138,Uwharrie Services LLC,Uwharrie Services,64-1067220,6869,dorothy.lewis@uwharrie.com,581-843-3553,BAYLINE,2025-01-09 10:51:07.561207-05:00,Fresno,CA,93701
1139,Steele Creek Brothers LLC,,79-0780529,0994,margaret.thompson@steelebiz.com,785-330-4284,NSC_DIRECT,2020-07-09 21:49:25.378655-05:00,Fresno,CA,93701
1140,Kestrel Tire Inc,,,2969,kenneth.moore@kestrelbiz.com,299-503-0563,NSC_DIRECT,2022-05-05 15:58:35.421363-05:00,Sacramento,CA,95814
1141,Newton Veterinary LLC,,45-1082423,0962,jonathan.brown@newtoninc.com,408-928-7656,NSC_DIRECT,2022-03-07 11:19:16.724360-05:00,Fresno,CA,93701
1142,Pinehurst Veterinary Group LLC,Pinehurst Veterinary Group,951747873,2917,samantha.nelson@pinehurstbiz.com,578-894-6746,NSC_DIRECT,2019-05-17 23:29:56.327804-05:00,Riverside,CA,92501
1143,Statesville Coffee Holdings LLC,,82-0143164,9600,christopher.allen@statesvilleinc.com,676-526-6126,NSC_DIRECT,2023-12-03 14:11:05.895501-05:00,Riverside,CA,92501
1144,Sanchez Metal Solutions Inc,,53-4191681,0525,james.davis@sanchezco.com,537-905-1906,CASCADE,2022-03-03 04:10:17.265477-05:00,Concord,NC,28025
1145,Mint Hill Staffing LLC,,,3116,nancy.hernandez@mintbiz.com,9537807935,NSC_DIRECT,2024-12-23 21:14:16.423414-05:00,Riverside,CA,92501
1146,Lantern Print Partners LLC,,,5668,justin.martin@lanterninc.com,5838741978,NSC_DIRECT,2022-12-12 11:04:43.078687-05:00,Greenville,SC,29601
1147,Mallard and Sons Holdings LLC,,62-0088849,8871,samuel.brown@mallard.com,965-368-9840,BAYLINE,2024-08-25 22:48:06.132806-05:00,Atlanta,GA,30303
1148,Newton Supply LLC,,966532507,,steven.roberts@newton.com,552-384-9226,BAYLINE,2021-03-18 03:50:48.922407-05:00,Sacramento,CA,95814
1149,Salisbury Body Shop LLC,,23-6319969,7806,dorothy.thompson@salisbury.com,680-348-9589,NSC_DIRECT,2021-12-14 19:11:41.268879-05:00,Fresno,CA,93701
1150,Providence HVAC Solutions Inc,,51-5116684,4741,thomas.walker@providence.com,727-824-5745,CASCADE,2023-11-03 05:09:35.942670-05:00,Sacramento,CA,95814
1151,Lantern and Sons LLC,,92-9267757,4699,jessica.campbell@lantern.com,259-846-2108,BAYLINE,2019-03-19 06:18:18.110524-05:00,Atlanta,GA,30303
1152,Sunbelt Towing Partners LLC,,86-5943055,,samantha.scott@sunbeltinc.com,834-490-9792,NSC_DIRECT,2024-09-19 04:09:34.625789-05:00,Nashville,TN,37201
1153,Cherryville Towing LLC,,,1422,kenneth.perez@cherryville.com,909-487-7831,CASCADE,2025-05-21 04:26:48.111578-05:00,Atlanta,GA,30303
1154,Steele Creek Enterprises Inc,,38-4813728,2446,jessica.young@steelebiz.com,277-314-5750,NSC_DIRECT,2023-11-26 12:38:18.051167-05:00,Greenville,SC,29601
1155,Anderson Irrigation Solutions Inc,,22-9902507,,gregory.hall@andersonbiz.com,733-993-4212,NSC_DIRECT,2023-03-10 07:40:29.243531-05:00,Richmond,VA,23219
1156,Rivera Salon Holdings LLC,,76-0507157,5213,edward.roberts@riveraco.com,4804287422,NSC_DIRECT,2022-11-16 16:49:16.686943-05:00,Gastonia,NC,28054
1157,Rowan Print Holdings LLC,,700005048,7260,steven.hall@rowanbiz.com,833-531-9785,NSC_DIRECT,2019-01-02 09:27:14.952682-05:00,Charlotte,NC,28202
1158,Freedom Works Inc,Freedom Works,75-9543592,3808,jennifer.ramirez@freedombiz.com,3198070030,NSC_DIRECT,2024-03-23 16:10:49.791146-05:00,Concord,NC,28025
1159,Shelby Janitorial LLC,,87-7940353,5761,gregory.hill@shelbyinc.com,330-941-5986,NSC_DIRECT,2022-12-28 21:31:01.056508-05:00,Concord,NC,28025
1160,Ironwood Contractors Group LLC,,EIN 53-6578366,4977,jennifer.blalock@ironwoodco.com,961-433-8132,NSC_DIRECT,2024-05-01 13:58:51.512262-05:00,Savannah,GA,31401
1161,Piedmont Electric Solutions Inc,Piedmont Electric Solutions,459699239,6415,stephanie.patel@piedmontinc.com,683-974-2288,NSC_DIRECT,2020-07-23 02:31:51.869871-05:00,Columbia,SC,29201
1162,Cherryville Medical Billing Group LLC,Cherryville Medical Billing Group,79-6564940,,emma.carter@cherryvilleco.com,279-307-8023,NSC_DIRECT,2023-09-19 12:04:28.788769-05:00,Asheville,NC,28801
1163,Monroe Plumbing Group LLC,,25-1082495,9405,sandra.king@monroeinc.com,7007771359,NSC_DIRECT,2025-04-27 06:21:36.428457-05:00,Charlotte,NC,28202
1164,Lantern Enterprises Holdings LLC,,222418899,4366,brenda.scott@lanternbiz.com,727-489-1966,CASCADE,2024-05-01 17:12:26.924449-05:00,Riverside,CA,92501
1165,Davidson Freight LLC,,33-1657204,5070,ronald.scott@davidsoninc.com,(898) 927-8579,NSC_DIRECT,2024-10-14 16:21:19.790157-05:00,Norfolk,VA,23510
1166,Blue Ridge Brothers Solutions Inc,,66-0903033,0789,kevin.sanchez@blueinc.com,246-870-1905,NSC_DIRECT,2024-10-23 05:30:11.575245-05:00,Savannah,GA,31401
1167,Hill Machine Services LLC,,51-1293741,3882,jonathan.wilson@hillinc.com,466-642-9249,NSC_DIRECT,2022-10-16 21:48:39.999744-05:00,Savannah,GA,31401
1168,Catawba Contractors Partners LLC,Catawba Contractors Partners,,8424,sandra.vasquez@catawbabiz.com,(902) 469-8690,BAYLINE,2021-04-10 12:13:49.775402-05:00,Raleigh,NC,27601
1169,Kestrel Childcare Inc,Kestrel Childcare,63-0193777,3060,sandra.rivera@kestrelinc.com,645-270-4702,NSC_DIRECT,2022-09-26 03:53:10.121611-05:00,Charlotte,NC,28202
1170,Piedmont Contractors Holdings LLC,,773771821,1246,matthew.jones@piedmontco.com,8118426020,BAYLINE,2019-06-07 14:33:24.161587-05:00,Nashville,TN,37201
1171,Matthews Security Co,,70-0876027,2900,edward.robinson@matthews.com,904-483-1415,NSC_DIRECT,2021-12-14 12:29:41.723876-05:00,Sacramento,CA,95814
1172,Mallard Dental Solutions Inc,,598616662,2667,steven.taylor@mallard.com,211-466-6730,NSC_DIRECT,2024-03-09 06:15:51.237237-05:00,Charlotte,NC,28204
1173,Idlewild Body Shop Solutions Inc,Idlewild Body Shop Solutions,43-2904301,0529,nicholas.carter@idlewildbiz.com,987-708-5142,NSC_DIRECT,2021-12-04 16:07:59.887198-05:00,Savannah,GA,31401
1174,Cornelius Insurance Inc,,56-7302637,1576,karen.flores@cornelius.com,890-264-3790,NSC_DIRECT,2024-07-14 22:16:17.501957-05:00,Nashville,TN,37201
1175,Rowan Veterinary Inc,Rowan Veterinary,269979069,1573,mark.gonzalez@rowaninc.com,8566651658,NSC_DIRECT,2025-01-10 21:17:44.361232-05:00,Raleigh,NC,27601
1176,Newton Dental Group LLC,,623883498,6327,brenda.smith@newton.com,466-857-0813,NSC_DIRECT,2023-08-21 08:12:00.886733-05:00,Fresno,CA,93701
1177,Harbor Cabinet LLC,,43-9429303,9817,richard.campbell@harbor.com,390-733-1009,NSC_DIRECT,2024-09-27 16:49:27.409979-05:00,Raleigh,NC,27601
1178,Granite Insurance LLC,,60-4606810,,charles.white@granitebiz.com,469-343-7656,NSC_DIRECT,2022-12-17 15:25:51.989849-05:00,Gastonia,NC,28054
1179,Blue Ridge Associates Holdings LLC,Blue Ridge Associates Holdings,62-0612038,4103,linda.suggs@blue.com,376-626-3819,BAYLINE,2025-08-12 00:15:27.299528-05:00,Norfolk,VA,23510
1180,Sharon Roasters Partners LLC,,89 8402511,5141,karen.wright@sharoninc.com,638-841-1182,CASCADE,2021-06-22 18:26:57.161111-05:00,Riverside,CA,92501
1181,Elizabeth and Sons Inc,Elizabeth and Sons,93-0039798,1453,gregory.white@elizabethbiz.com,3425711210,NSC_DIRECT,2025-08-31 10:34:42.417709-05:00,Nashville,TN,37201
1182,Gastonia Childcare Partners LLC,Gastonia Childcare Partners,66-4668272,1337,kevin.davis@gastonia.com,(537) 821-1163,NSC_DIRECT,2023-12-20 00:32:06.549871-05:00,Greenville,SC,29601
1183,Rowan Logistics Group LLC,,92-3045448,5813,elizabeth.jones@rowanbiz.com,611-731-4494,NSC_DIRECT,2020-08-06 18:44:27.334484-05:00,Rock Hill,SC,29730
1184,Anderson Insurance Holdings LLC,,,,amanda.thomas@andersonbiz.com,600-602-2145,NSC_DIRECT,2023-08-04 08:51:56.245146-05:00,Asheville,NC,28801
1185,Rowan Childcare LLC,,54 4955906,8663,shirley.king@rowan.com,247-596-0485,BAYLINE,2022-07-25 13:43:04.878069-05:00,Charlotte,NC,28202
1186,Idlewild Staffing Inc,,23-3698856,0112,betty.hall@idlewildco.com,732-216-9556,BAYLINE,2025-09-07 12:01:10.876166-05:00,Sacramento,CA,95814
1187,Idlewild Company Inc,,,5186,anthony.brown@idlewildbiz.com,4016057500,NSC_DIRECT,2020-12-26 16:40:40.346549-05:00,Riverside,CA,92501
1188,Ballantyne Veterinary Services LLC,,583026555,3687,amy.cheng@ballantyneco.com,560-782-6055,NSC_DIRECT,2020-11-14 17:26:50.668924-05:00,Raleigh,NC,27601
1189,Ironwood Enterprises Partners LLC,,71-7502494,5397,lisa.campbell@ironwoodbiz.com,590-481-9774,BAYLINE,2025-08-09 00:41:41.770356-05:00,Norfolk,VA,23510
1190,Dilworth Pharmacy Services LLC,,59-1382724,8966,nicole.campbell@dilworthco.com,299-503-8440,NSC_DIRECT,2022-12-09 02:52:47.276392-05:00,Savannah,GA,31401
1191,Tuckaseegee Pharmacy LLC,,54-6894330,3694,matthew.harris@tuckaseegee.com,760-319-0250,NSC_DIRECT,2025-01-07 16:25:57.548061-05:00,Asheville,NC,28801
1192,Waxhaw Salon Inc,,36-8630031,2924,daniel.taylor@waxhaw.com,4727469833,NSC_DIRECT,2019-02-27 22:41:18.325992-05:00,Winston-Salem,NC,27101
1193,Waxhaw Cabinet Services LLC,,EIN 59-7661990,5470,ashley.jackson@waxhawbiz.com,(995) 350-7807,NSC_DIRECT,2024-06-18 13:52:54.781791-05:00,Charlotte,NC,28204
1194,Waxhaw Group Services LLC,,23-7443667,5010,george.hernandez@waxhawbiz.com,810-523-2728,NSC_DIRECT,2024-01-25 17:34:02.218369-05:00,Fresno,CA,93701
1195,Kestrel Realty Co,Kestrel Realty,61-3275342,1337,david.gonzalez@kestrelco.com,925-636-6732,BAYLINE,2022-10-21 01:37:28.764940-05:00,Knoxville,TN,37902
1196,Brown Fitness Group LLC,,,6794,emily.lewis@brownco.com,813-799-0972,CASCADE,2024-11-21 07:52:55.451079-05:00,Riverside,CA,92501
1197,Pinehurst Logistics Inc,,20-4431952,5983,cynthia.lopez@pinehurstco.com,966-835-7066,NSC_DIRECT,2025-11-20 13:56:21.190129-05:00,Gastonia,NC,28054
1198,Hickory Flooring Inc,,86-1724461,,dorothy.white@hickoryco.com,917-295-6964,CASCADE,2019-07-25 19:10:54.181067-05:00,Sacramento,CA,95814
1199,Freedom Textile LLC,,46-2492896,7198,benjamin.harris@freedom.com,627-220-0214,NSC_DIRECT,2025-09-09 18:01:49.228967-05:00,Greenville,SC,29601
1200,Tuckaseegee Medical Billing LLC,,48-6021642,1575,kevin.miller@tuckaseegeeco.com,370-242-9300,NSC_DIRECT,2023-11-28 00:19:22.300349-05:00,Greenville,SC,29601
