application_id,applicant_id,product,amount_requested,status,submitted_at,decided_at,customer_id,created_at,updated_at
1,1,SBA_7A,225000.00,PENDING_INFO,2026-02-02 06:17:20.061227-05:00,,bayline,2026-02-01 23:26:05.196429-05:00,2026-02-18 07:43:08.040233-05:00
2,2,TERM_LOAN,70000.00,FUNDED,2026-02-02 06:38:29.937881-05:00,2026-02-08 02:11:26.211919-05:00,CASCADE-FUNDING,2026-02-02 01:25:22.744104-05:00,2026-02-10 12:29:27.311205-05:00
3,3,EQUIPMENT,200000.00,FUNDED,2026-02-02 07:29:40.338549-05:00,2026-03-13 02:43:30.027933-05:00,,2026-02-01 14:14:41.172166-05:00,2026-03-15 09:24:57.036123-05:00
4,4,LOC,76000.00,FUNDED,2026-02-02 07:35:13.054712-05:00,2026-02-09 02:37:08.284193-05:00,CASCADE-FUNDING,2026-01-30 23:58:22.535552-05:00,2026-02-16 00:31:18.454887-05:00
5,5,TERM_LOAN,590000.00,APPROVED,2026-02-02 08:26:56.960622-05:00,2026-02-17 23:45:19.203725-05:00,,2026-02-01 17:11:07.651559-05:00,2026-02-17 21:57:24.650446-05:00
6,6,EQUIPMENT,54000.00,DOCS_REQUESTED,2026-02-02 07:47:57.692013-05:00,,CSC,2026-02-01 12:02:02.426538-05:00,2026-02-02 10:05:03.733667-05:00
7,7,EQUIPMENT,40000.00,DOCS_REQUESTED,2026-02-02 08:16:03.219533-05:00,,NSC-DIRECT,2026-02-01 12:07:52.754818-05:00,2026-02-02 11:11:52.730552-05:00
8,8,EQUIPMENT,620000.00,FUNDED,2026-02-02 06:42:31.353012-05:00,2026-02-09 16:57:22.316167-05:00,NSC-DIRECT,2026-01-28 05:22:38.507180-05:00,2026-02-11 15:29:02.493478-05:00
9,9,EQUIPMENT,120000.00,FUNDED,2026-02-02 08:48:35.616153-05:00,2026-02-04 02:31:44.921505-05:00,,2026-02-01 22:22:53.958376-05:00,2026-02-05 22:50:03.515750-05:00
10,10,TERM_LOAN,86000.00,FUNDED,2026-02-02 09:00:56.714603-05:00,2026-02-14 02:16:53.706869-05:00,,2026-02-02 04:55:14.728818-05:00,2026-02-17 22:35:14.895722-05:00
11,11,TERM_LOAN,145000.00,DECLINED,2026-02-03 02:10:00.109392-05:00,2026-02-05 10:38:13.551005-05:00,3,2026-02-01 10:49:53.601450-05:00,2026-02-05 10:33:10.137056-05:00
12,12,TERM_LOAN,53000.00,FUNDED,2026-02-02 09:49:28.063799-05:00,,,2026-02-02 02:19:20.328667-05:00,2026-02-22 15:15:13.779975-05:00
13,13,TERM_LOAN,72000.00,FUNDED,2026-02-02 09:57:42.701851-05:00,2026-02-23 02:14:34.554264-05:00,,2026-01-30 21:17:32.604435-05:00,2026-02-26 06:05:19.572060-05:00
14,14,LOC,150000.00,WITHDRAWN,2026-02-02 10:11:55.287336-05:00,,,2026-02-02 05:46:46.273844-05:00,2026-03-07 01:46:41.466954-05:00
15,15,TERM_LOAN,63000.00,DECLINED,2026-02-02 10:24:12.151949-05:00,2026-02-07 02:41:44.452280-05:00,,2026-02-01 15:33:53.648289-05:00,2026-02-06 21:59:03.208775-05:00
16,16,EQUIPMENT,420000.00,DECLINED,,2026-02-19 02:29:13.503420-05:00,CASCADE-FUNDING,2026-01-29 04:00:57.965700-05:00,2026-02-18 17:46:33.441084-05:00
17,17,TERM_LOAN,105000.00,DECLINED,2026-02-02 10:33:45.223783-05:00,2026-03-24 10:41:04.361898-05:00,NSC-DIRECT,2026-01-28 07:00:17.488879-05:00,2026-03-24 08:14:37.689696-05:00
18,18,EQUIPMENT,510000.00,FUNDED,2026-02-03 02:10:00.928439-05:00,,,2026-02-01 15:57:33.289156-05:00,2026-02-05 23:57:16.721735-05:00
19,19,SBA_7A,445000.00,FUNDED,2026-02-02 10:58:56.324376-05:00,2026-02-10 02:18:45.355898-05:00,,2026-01-08 14:35:00.704291-05:00,2026-02-12 18:21:12.738050-05:00
20,20,TERM_LOAN,60000.00,DECLINED,2026-02-03 02:10:00.447233-05:00,2026-02-15 02:25:52.869460-05:00,NSC-DIRECT,2026-02-02 06:21:49.532966-05:00,2026-02-14 12:44:43.268555-05:00
21,21,LOC,68000.00,FUNDED,2026-02-02 11:13:10.188736-05:00,2026-02-13 23:38:31.030591-05:00,,2026-01-31 17:47:56.402536-05:00,2026-03-28 17:04:12.485637-05:00
22,22,TERM_LOAN,98000.00,DECLINED,2026-02-02 11:27:05.302171-05:00,2026-02-18 18:30:04.388466-05:00,2,2026-01-27 17:12:50.822797-05:00,2026-02-18 16:30:47.701793-05:00
23,23,TERM_LOAN,390000.00,DECLINED,2026-02-02 11:15:35.751920-05:00,2026-02-19 03:34:48.197253-05:00,,2026-02-01 18:25:46.954886-05:00,2026-02-19 02:01:58.273455-05:00
24,24,TERM_LOAN,190000.00,DECLINED,2026-02-02 11:04:41.851989-05:00,2026-02-07 02:13:15.186219-05:00,,2026-01-17 08:38:51.838382-05:00,2026-02-06 20:57:35.665779-05:00
25,25,SBA_7A,165000.00,FUNDED,2026-02-02 11:46:08.899364-05:00,2026-02-12 02:39:16.824290-05:00,bayline,2026-01-30 06:28:39.506186-05:00,2026-02-12 21:22:01.424754-05:00
26,26,TERM_LOAN,600000.00,DECLINED,2026-02-02 12:05:17.154206-05:00,2026-02-11 07:29:26.507228-05:00,CASCADE-FUNDING,2026-02-02 03:32:34.445344-05:00,2026-02-11 06:40:42.304659-05:00
27,27,SBA_7A,170000.00,DECLINED,2026-02-02 11:50:43.274565-05:00,2026-03-05 00:54:25.872280-05:00,3,2026-02-02 00:04:25.437911-05:00,2026-03-04 23:45:54.803222-05:00
28,28,TERM_LOAN,520000.00,DECLINED,,2026-03-06 02:48:23.393216-05:00,,2026-01-31 23:59:26.068723-05:00,2026-03-05 21:37:06.972665-05:00
29,29,TERM_LOAN,145000.00,FUNDED,2026-02-02 12:31:34.274304-05:00,2026-02-11 08:40:00.278952-05:00,BAY,2026-01-28 12:42:18.220041-05:00,2026-02-17 18:59:02.918898-05:00
30,30,TERM_LOAN,125000.00,FUNDED,2026-02-02 11:28:49.044295-05:00,2026-02-05 23:36:47.124882-05:00,,2026-02-01 09:14:56.964913-05:00,2026-02-07 03:09:51.898493-05:00
31,31,LOC,76000.00,APPROVED,2026-02-02 12:09:23.968403-05:00,,1,2026-01-30 06:34:18.913686-05:00,2026-03-04 19:56:02.908789-05:00
32,32,EQUIPMENT,535000.00,FUNDED,2026-02-02 12:54:29.726359-05:00,2026-02-06 02:31:22.275454-05:00,,2026-01-31 15:57:13.601978-05:00,2026-02-08 16:50:35.759698-05:00
33,33,TERM_LOAN,255000.00,FUNDED,2026-02-02 12:45:09.185804-05:00,2026-02-15 12:13:50.043969-05:00,NSC-DIRECT,2026-02-01 18:38:42.247028-05:00,2026-02-19 20:46:21.213641-05:00
34,34,TERM_LOAN,155000.00,PENDING_INFO,2026-02-02 12:18:46.778997-05:00,,,2026-02-01 15:41:26.721902-05:00,2026-02-05 13:23:20.899506-05:00
35,35,TERM_LOAN,95000.00,DECLINED,2026-02-02 13:11:50.171181-05:00,2026-02-27 02:36:59.713570-05:00,,2026-02-01 16:02:16.063789-05:00,2026-02-26 14:01:44.291192-05:00
36,36,LOC,345000.00,DOCS_REQUESTED,2026-02-02 12:48:45.186345-05:00,,,2026-02-02 09:04:16.679578-05:00,2026-02-02 17:45:48.929060-05:00
37,37,EQUIPMENT,88000.00,WITHDRAWN,2026-02-02 13:09:31.548914-05:00,,,2026-01-24 04:48:30.375522-05:00,2026-02-11 15:08:20.302619-05:00
38,38,TERM_LOAN,89000.00,FUNDED,2026-02-02 13:08:07.321729-05:00,2026-02-08 02:27:12.789964-05:00,,2026-02-01 19:23:55.517145-05:00,2026-02-10 14:52:52.824332-05:00
39,39,LOC,28000.00,FUNDED,2026-02-02 13:30:12.384719-05:00,2026-02-07 02:23:45.977518-05:00,,2026-02-01 05:11:07.679366-05:00,2026-02-09 21:21:58.211092-05:00
40,40,SBA_7A,910000.00,APPROVED,2026-02-02 13:47:31.798578-05:00,2026-02-05 16:51:14.935895-05:00,NSC-DIRECT,2026-02-01 22:03:46.541794-05:00,2026-02-05 17:01:58.998335-05:00
41,41,LOC,295000.00,DECLINED,2026-02-02 13:22:41.550876-05:00,2026-02-24 03:14:33.025370-05:00,1,2026-02-01 14:46:19.050701-05:00,2026-02-24 00:10:19.200041-05:00
42,42,SBA_7A,250000.00,FUNDED,2026-02-02 13:59:50.209717-05:00,2026-02-10 02:33:21.839379-05:00,NSC-DIRECT,2026-02-02 04:44:31.081055-05:00,2026-02-17 23:42:39.184363-05:00
43,43,LOC,38000.00,DECLINED,2026-02-02 14:19:47.677492-05:00,2026-02-09 02:18:59.480801-05:00,,2026-01-30 17:48:15.813097-05:00,2026-02-08 16:54:05.741408-05:00
44,44,EQUIPMENT,61000.00,DOCS_REQUESTED,2026-02-01 19:55:48.934186-05:00,,NSC-DIRECT,2026-02-02 00:24:52.570782-05:00,2026-02-02 17:44:53.943243-05:00
45,45,TERM_LOAN,285000.00,APPROVED,2026-02-02 14:23:09.369377-05:00,2026-02-10 12:52:18.941544-05:00,NSC-DIRECT,2026-02-01 03:02:12.639685-05:00,2026-02-10 11:07:59.420749-05:00
46,46,LOC,26000.00,DOCS_REQUESTED,2026-02-02 14:51:11.064885-05:00,,CSC,2026-02-01 15:53:55.156862-05:00,2026-02-02 15:34:40.886121-05:00
47,47,TERM_LOAN,725000.00,FUNDED,2026-02-02 13:56:38.224672-05:00,2026-02-11 02:14:58.508772-05:00,,2026-01-28 20:33:56.816373-05:00,2026-02-15 05:52:47.718580-05:00
48,48,TERM_LOAN,245000.00,FUNDED,2026-02-02 13:35:40.383504-05:00,2026-02-20 11:48:03.214929-05:00,1,2026-01-31 11:52:08.714452-05:00,2026-02-22 16:27:58.387192-05:00
49,49,TERM_LOAN,175000.00,APPROVED,2026-02-02 15:16:16.005887-05:00,,,2026-02-01 02:59:42.617132-05:00,2026-02-08 01:45:53.408286-05:00
50,50,LOC,185000.00,FUNDED,2026-02-02 15:20:57.672851-05:00,2026-02-13 21:24:54.343583-05:00,NSC_DIRECT,2026-02-02 11:31:55.378744-05:00,2026-02-18 12:29:18.999405-05:00
51,51,EQUIPMENT,275000.00,DECLINED,2026-02-02 15:38:41.289031-05:00,2026-02-06 02:11:41.973289-05:00,BAY,2026-02-02 01:57:49.156246-05:00,2026-02-05 11:20:14.428221-05:00
52,52,TERM_LOAN,60000.00,APPROVED,2026-02-02 15:21:23.009044-05:00,2026-02-09 00:52:32.154902-05:00,CASCADE-FUNDING,2026-02-02 11:22:37.483712-05:00,2026-02-08 23:01:16.926184-05:00
53,53,TERM_LOAN,66000.00,FUNDED,2026-02-02 15:32:04.447548-05:00,2026-02-18 02:49:43.384846-05:00,BAY,2026-02-02 04:45:07.106652-05:00,2026-02-26 11:42:50.067129-05:00
54,54,TERM_LOAN,46000.00,FUNDED,2026-02-02 12:26:28.733470-05:00,,bayline,2026-02-01 11:53:22.812692-05:00,2026-02-11 17:50:43.396474-05:00
55,55,SBA_7A,2015000.00,FUNDED,2026-02-02 15:40:45.526642-05:00,2026-02-18 02:17:08.308703-05:00,NSC-DIRECT,2026-02-01 01:58:43.720557-05:00,2026-02-26 17:07:22.097965-05:00
56,56,LOC,375000.00,DECLINED,2026-02-02 16:26:37.754910-05:00,2026-02-06 02:23:36.456903-05:00,,2026-01-31 20:40:58.788645-05:00,2026-02-05 22:21:10.881592-05:00
57,57,LOC,91000.00,FUNDED,2026-02-02 16:30:52.714484-05:00,2026-02-14 22:39:19.002423-05:00,1,2026-01-18 04:59:12.145102-05:00,2026-02-18 22:30:07.902173-05:00
58,58,TERM_LOAN,695000.00,FUNDED,2026-02-02 16:56:01.669103-05:00,2026-02-22 09:34:29.784843-05:00,,2026-01-29 20:35:54.809577-05:00,2026-02-27 20:51:30.410420-05:00
59,59,SBA_7A,155000.00,APPROVED,2026-02-02 17:49:57.005627-05:00,,,2026-02-02 00:39:02.222509-05:00,2026-02-11 23:37:32.943663-05:00
60,60,EQUIPMENT,185000.00,FUNDED,2026-02-02 18:21:25.720989-05:00,2026-02-05 02:09:54.389472-05:00,CASCADE-FUNDING,2026-01-31 08:52:56.458246-05:00,2026-02-13 04:05:48.458675-05:00
61,61,LOC,120000.00,APPROVED,2026-02-02 18:45:54.692830-05:00,2026-02-10 02:26:29.088347-05:00,,2026-02-02 14:01:03.113540-05:00,2026-02-09 18:37:53.901506-05:00
62,62,EQUIPMENT,135000.00,PENDING_INFO,2026-02-02 18:07:14.422045-05:00,,,2026-02-02 18:27:47.844923-05:00,2026-02-08 19:19:32.826780-05:00
63,63,TERM_LOAN,405000.00,DECLINED,2026-02-02 19:09:30.454903-05:00,2026-02-16 18:45:33.639701-05:00,bayline,2026-02-02 12:59:15.570557-05:00,2026-02-16 16:36:00.685513-05:00
64,64,TERM_LOAN,105000.00,DOCS_REQUESTED,2026-02-02 19:23:23.115110-05:00,,,2026-01-31 01:58:44.344537-05:00,2026-02-02 20:45:16.202221-05:00
65,65,TERM_LOAN,61000.00,APPROVED,2026-02-02 19:41:30.016782-05:00,2026-02-26 02:36:55.931421-05:00,1,2026-02-02 09:49:59.312601-05:00,2026-02-25 17:24:05.963448-05:00
66,66,TERM_LOAN,405000.00,DECLINED,2026-02-02 19:21:15.227443-05:00,2026-02-09 06:17:22.502143-05:00,NSC-DIRECT,2026-01-23 07:26:17.226954-05:00,2026-02-09 03:36:57.197529-05:00
67,67,TERM_LOAN,36000.00,FUNDED,2026-02-02 19:47:26.921412-05:00,2026-02-22 15:23:17.733191-05:00,BAY,2026-02-02 17:25:38.639147-05:00,2026-02-26 09:09:42.703484-05:00
68,68,EQUIPMENT,890000.00,FUNDED,2026-02-02 21:53:02.878420-05:00,2026-02-17 10:15:21.077205-05:00,,2026-02-02 09:33:21.414319-05:00,2026-02-19 06:45:06.159285-05:00
69,69,TERM_LOAN,120000.00,DECLINED,2026-02-02 22:51:44.806533-05:00,2026-02-18 02:06:00.418755-05:00,1,2026-01-31 00:50:56.279779-05:00,2026-02-17 15:45:27.234302-05:00
70,70,TERM_LOAN,390000.00,DECLINED,2026-02-02 23:45:54.437482-05:00,2026-02-19 06:14:39.930613-05:00,CASCADE-FUNDING,2026-02-02 16:33:33.145706-05:00,2026-02-19 04:47:55.257395-05:00
71,71,TERM_LOAN,170000.00,PENDING_INFO,2026-02-03 00:07:00.760001-05:00,,,2026-02-02 05:56:33.407121-05:00,2026-02-10 20:43:24.345877-05:00
72,72,SBA_7A,205000.00,APPROVED,2026-02-03 02:28:17.951842-05:00,2026-02-18 07:31:17.222464-05:00,NSC-DIRECT,2026-02-02 16:51:00.656503-05:00,2026-02-18 06:51:48.423905-05:00
73,73,LOC,25000.00,FUNDED,2026-02-03 03:48:55.390338-05:00,2026-02-18 02:07:38.725175-05:00,,2026-02-02 23:41:40.793342-05:00,2026-02-26 10:35:23.498206-05:00
74,74,TERM_LOAN,195000.00,FUNDED,2026-02-03 04:23:48.932755-05:00,2026-02-16 02:19:50.710172-05:00,,2026-02-02 01:23:55.920623-05:00,2026-02-21 12:56:52.939121-05:00
75,75,LOC,215000.00,FUNDED,2026-02-03 05:28:10.846570-05:00,2026-02-16 02:19:38.449736-05:00,,2026-02-01 05:39:27.772501-05:00,2026-02-21 10:58:26.965976-05:00
76,76,SBA_7A,715000.00,APPROVED,2026-02-03 05:19:52.758177-05:00,2026-02-11 18:12:29.421880-05:00,,2026-02-02 22:57:23.312481-05:00,2026-02-11 16:27:10.158401-05:00
77,77,LOC,57000.00,DECLINED,2026-02-03 06:12:32.051996-05:00,2026-02-11 07:25:50.611883-05:00,NSC-DIRECT,2026-02-02 18:31:25.788696-05:00,2026-02-11 04:34:07.872793-05:00
78,78,EQUIPMENT,190000.00,DECLINED,2026-02-03 06:51:18.550736-05:00,2026-02-11 02:20:55.055388-05:00,CASCADE-FUNDING,2026-02-02 07:10:18.636145-05:00,2026-02-10 14:59:13.177995-05:00
79,79,EQUIPMENT,600000.00,FUNDED,2026-02-03 07:30:15.141895-05:00,2026-03-13 02:17:42.450508-05:00,3,2026-02-03 04:43:18.896776-05:00,2026-03-19 21:28:36.902297-05:00
80,80,TERM_LOAN,340000.00,FUNDED,2026-02-03 07:01:16.145893-05:00,2026-02-13 02:08:42.758622-05:00,,2026-02-02 18:27:02.858089-05:00,2026-02-16 05:24:51.989087-05:00
81,81,TERM_LOAN,670000.00,FUNDED,2026-02-03 07:12:50.503875-05:00,2026-02-16 02:48:18.294059-05:00,,2026-02-03 03:06:47.227480-05:00,2026-02-26 16:17:26.096113-05:00
82,82,TERM_LOAN,59000.00,FUNDED,2026-02-03 07:12:57.034705-05:00,,,2026-02-02 06:51:19.949629-05:00,2026-03-10 19:27:04.193496-05:00
83,83,EQUIPMENT,225000.00,FUNDED,2026-02-03 08:46:38.892458-05:00,2026-02-13 11:17:54.151794-05:00,,2026-01-31 15:02:19.500202-05:00,2026-02-16 12:57:09.301575-05:00
84,84,TERM_LOAN,680000.00,DECLINED,2026-02-03 06:29:46.817008-05:00,2026-02-17 11:17:24.339442-05:00,NSC_DIRECT,2026-01-27 21:20:04.819275-05:00,2026-02-17 10:41:04.612361-05:00
85,85,TERM_LOAN,60000.00,DECLINED,2026-02-03 08:23:36.575640-05:00,2026-02-08 02:41:10.051517-05:00,NSC-DIRECT,2026-02-02 22:20:43.478531-05:00,2026-02-07 18:04:54.448632-05:00
86,86,EQUIPMENT,345000.00,DECLINED,2026-02-03 08:04:56.836815-05:00,2026-02-16 10:50:31.401334-05:00,CASCADE-FUNDING,2026-02-03 05:20:47.949436-05:00,2026-02-16 11:17:36.790759-05:00
87,87,TERM_LOAN,135000.00,DECLINED,2026-02-03 09:09:27.273501-05:00,2026-02-26 04:05:45.685426-05:00,BAY,2026-02-02 03:23:05.440192-05:00,2026-02-26 04:07:13.781894-05:00
88,88,TERM_LOAN,120000.00,FUNDED,2026-02-03 09:19:57.318874-05:00,2026-02-09 02:21:50.806591-05:00,1,2026-02-01 11:57:29.009056-05:00,2026-02-11 10:08:13.281076-05:00
89,89,TERM_LOAN,39000.00,WITHDRAWN,2026-02-03 09:05:13.420403-05:00,,,2026-02-01 11:51:23.781544-05:00,2026-02-08 01:29:43.108205-05:00
90,90,EQUIPMENT,165000.00,DECLINED,2026-02-03 10:09:16.618429-05:00,,,2026-02-02 17:13:50.338364-05:00,2026-02-13 23:41:50.185332-05:00
91,91,SBA_7A,150000.00,FUNDED,2026-02-03 10:06:53.181486-05:00,,,2026-02-02 04:33:56.787843-05:00,2026-02-15 23:18:59.642024-05:00
92,92,TERM_LOAN,48000.00,DECLINED,2026-02-03 10:19:25.195654-05:00,,2,2026-02-02 21:02:33.539152-05:00,2026-03-01 03:04:40.066407-05:00
93,93,TERM_LOAN,110000.00,FUNDED,2026-02-03 09:23:10.741293-05:00,2026-02-15 02:09:04.757135-05:00,1,2026-02-02 08:20:14.801540-05:00,2026-02-18 16:32:07.849011-05:00
94,94,TERM_LOAN,90000.00,FUNDED,2026-02-03 10:31:55.818683-05:00,2026-02-19 02:47:02.410631-05:00,,2026-02-02 11:01:13.680331-05:00,2026-02-23 08:14:13.971173-05:00
95,95,SBA_7A,1475000.00,DECLINED,2026-02-03 10:56:43.802436-05:00,2026-02-12 06:00:05.308412-05:00,bayline,2026-02-02 16:13:07.808510-05:00,2026-02-12 05:03:22.008362-05:00
96,96,EQUIPMENT,350000.00,PENDING_INFO,2026-02-04 02:10:00.231377-05:00,,BAY,2026-02-03 09:43:13.924737-05:00,2026-02-16 17:59:17.868020-05:00
97,97,LOC,115000.00,FUNDED,,2026-02-12 02:20:19.757158-05:00,,2026-02-01 11:33:10.846235-05:00,2026-02-14 17:46:17.400116-05:00
98,98,TERM_LOAN,86000.00,DECLINED,2026-02-03 10:37:41.862711-05:00,2026-02-21 02:16:05.113134-05:00,BAY,2026-02-02 23:46:44.560423-05:00,2026-02-20 19:01:19.787495-05:00
99,99,EQUIPMENT,225000.00,FUNDED,,2026-02-15 20:46:59.434947-05:00,,2026-02-01 13:05:52.207138-05:00,2026-02-21 01:19:26.842240-05:00
100,100,TERM_LOAN,155000.00,FUNDED,2026-02-03 11:35:33.823858-05:00,2026-02-28 08:35:02.641021-05:00,CASCADE-FUNDING,2026-02-02 06:10:07.103623-05:00,2026-03-05 05:56:01.283325-05:00
101,101,SBA_7A,1555000.00,FUNDED,2026-02-03 11:17:43.470389-05:00,2026-02-05 02:35:25.458894-05:00,,2026-02-02 21:33:03.329762-05:00,2026-02-12 22:35:39.585861-05:00
102,102,SBA_7A,440000.00,APPROVED,2026-02-03 11:50:23.686182-05:00,,,2026-02-01 19:02:07.187519-05:00,2026-02-14 11:36:09.574654-05:00
103,103,TERM_LOAN,51000.00,FUNDED,2026-02-03 11:44:44.666284-05:00,2026-02-19 01:59:25.099018-05:00,2,2026-02-03 10:22:29.299060-05:00,2026-02-24 12:33:00.396871-05:00
104,104,TERM_LOAN,695000.00,APPROVED,2026-02-03 12:30:13.089474-05:00,2026-02-08 02:09:26.519277-05:00,,2026-02-03 01:00:06.016846-05:00,2026-02-07 22:15:17.140584-05:00
105,105,TERM_LOAN,65000.00,PENDING_INFO,2026-02-03 12:12:38.415947-05:00,,,2026-02-03 10:33:28.456545-05:00,2026-02-12 15:07:54.323387-05:00
106,106,SBA_7A,2190000.00,DECLINED,2026-02-03 12:51:45.929793-05:00,2026-02-07 01:02:11.852908-05:00,,2026-01-30 11:30:13.022019-05:00,2026-02-07 00:18:23.461932-05:00
107,107,LOC,130000.00,APPROVED,2026-02-03 13:02:31.617182-05:00,2026-02-19 02:47:37.126445-05:00,,2026-02-02 18:05:16.597375-05:00,2026-02-18 03:15:59.725081-05:00
108,108,TERM_LOAN,720000.00,FUNDED,2026-02-03 13:06:43.538821-05:00,2026-02-09 02:29:48.982208-05:00,,2026-02-02 17:46:33.267765-05:00,2026-02-11 11:48:56.226122-05:00
109,109,SBA_7A,1405000.00,DECLINED,2026-02-03 13:20:10.158827-05:00,2026-02-07 02:15:25.618202-05:00,,2026-02-02 20:53:51.355835-05:00,2026-02-06 22:45:14.201321-05:00
110,110,TERM_LOAN,615000.00,DECLINED,2026-02-03 12:54:15.313964-05:00,2026-02-09 02:32:28.553954-05:00,CASCADE-FUNDING,2026-02-03 01:19:30.279723-05:00,2026-02-09 00:16:37.983718-05:00
111,111,TERM_LOAN,160000.00,FUNDED,2026-02-03 13:12:11.395316-05:00,2026-02-09 02:19:27.597470-05:00,3,2026-02-03 08:09:09.083421-05:00,2026-02-23 01:01:54.438603-05:00
112,112,TERM_LOAN,260000.00,PENDING_INFO,2026-02-03 14:10:33.063927-05:00,,CASCADE-FUNDING,2026-01-31 17:26:37.319979-05:00,2026-03-02 08:41:40.696085-05:00
113,113,TERM_LOAN,465000.00,DECLINED,2026-02-03 13:52:27.985708-05:00,2026-02-18 02:22:06.591942-05:00,,2026-02-03 02:09:50.713005-05:00,2026-02-17 17:18:11.972153-05:00
114,114,LOC,29000.00,DECLINED,2026-02-04 02:10:00.391744-05:00,2026-02-14 02:17:50.215302-05:00,1,2026-01-31 21:08:28.096238-05:00,2026-02-13 15:24:27.848942-05:00
115,115,SBA_7A,685000.00,FUNDED,2026-02-03 14:03:25.317821-05:00,2026-02-14 12:14:32.497658-05:00,CASCADE-FUNDING,2026-02-03 09:12:02.128726-05:00,2026-02-26 11:38:52.521306-05:00
116,116,LOC,145000.00,PENDING_INFO,2026-02-03 14:36:26.663273-05:00,,,2026-02-03 10:07:29.265119-05:00,2026-02-08 02:12:13.268296-05:00
117,117,LOC,31000.00,FUNDED,2026-02-03 14:21:09.558263-05:00,2026-02-20 02:45:36.086999-05:00,1,2026-02-02 08:33:08.232475-05:00,2026-02-23 23:11:26.540070-05:00
118,118,TERM_LOAN,135000.00,FUNDED,2026-02-03 14:55:39.156673-05:00,2026-02-11 02:11:07.153163-05:00,,2026-02-03 08:03:27.305111-05:00,2026-02-23 22:07:32.933290-05:00
119,119,TERM_LOAN,365000.00,DOCS_REQUESTED,2026-02-03 15:23:23.543633-05:00,,,2026-02-02 15:50:07.615768-05:00,2026-02-03 17:29:24.351564-05:00
120,120,LOC,44000.00,FUNDED,2026-02-03 15:22:14.724503-05:00,2026-02-06 14:31:18.075919-05:00,,2026-02-02 02:28:39.388901-05:00,2026-02-07 23:05:26.895131-05:00
121,121,TERM_LOAN,435000.00,WITHDRAWN,2026-02-03 14:15:22.664777-05:00,,CSC,2026-02-02 20:53:06.095488-05:00,2026-02-07 10:28:51.749962-05:00
122,122,LOC,210000.00,DRAFT,,,BAY,2026-02-20 09:50:06.465514-05:00,2026-02-20 09:50:06.465514-05:00
123,123,LOC,310000.00,DECLINED,2026-02-03 15:24:36.942910-05:00,2026-02-13 02:17:22.876199-05:00,3,2026-02-01 14:20:07.762256-05:00,2026-02-12 16:57:50.760850-05:00
124,124,EQUIPMENT,390000.00,DOCS_REQUESTED,2026-02-03 15:33:42.656747-05:00,,BAY,2026-02-02 19:50:56.802617-05:00,2026-02-03 19:53:06.994485-05:00
125,125,LOC,175000.00,FUNDED,2026-02-03 16:01:48.094527-05:00,2026-02-21 02:30:18.208569-05:00,,2026-02-03 12:55:23.331512-05:00,2026-02-21 15:04:48.010197-05:00
126,126,LOC,340000.00,APPROVED,2026-02-03 16:11:44.487662-05:00,2026-02-09 02:29:04.642388-05:00,,2026-02-03 11:12:24.538667-05:00,2026-02-08 20:40:17.022355-05:00
127,127,TERM_LOAN,400000.00,FUNDED,2026-02-02 03:39:56.269704-05:00,2026-02-07 11:51:33.984974-05:00,,2026-02-01 22:16:25.933608-05:00,2026-02-10 11:02:37.968417-05:00
128,128,SBA_7A,730000.00,DECLINED,2026-02-04 02:10:00.181237-05:00,2026-02-19 02:40:32.239710-05:00,,2026-02-03 04:56:50.051257-05:00,2026-02-18 06:02:37.943125-05:00
129,129,LOC,355000.00,DECLINED,2026-02-03 16:16:11.632406-05:00,2026-02-16 02:07:46.878027-05:00,NSC-DIRECT,2026-02-02 05:40:35.856703-05:00,2026-02-15 17:35:17.654418-05:00
130,130,LOC,62000.00,DECLINED,2026-02-03 15:56:03.283733-05:00,2026-02-11 02:21:24.759015-05:00,bayline,2026-02-03 06:22:55.759664-05:00,2026-02-10 19:32:06.059592-05:00
131,131,TERM_LOAN,165000.00,DECLINED,2026-02-04 02:10:00.175322-05:00,2026-02-15 02:23:07.856225-05:00,NSC-DIRECT,2026-02-02 19:38:32.030826-05:00,2026-02-14 09:29:48.156047-05:00
132,132,LOC,365000.00,FUNDED,2026-02-03 16:04:04.754361-05:00,2026-02-15 18:11:08.861645-05:00,2,2026-02-03 07:52:23.424712-05:00,2026-02-20 13:47:55.142331-05:00
133,133,TERM_LOAN,100000.00,APPROVED,2026-02-03 17:15:07.004278-05:00,2026-02-11 02:37:33.349371-05:00,NSC-DIRECT,2026-02-02 16:11:18.334541-05:00,2026-02-10 11:44:46.776745-05:00
134,134,SBA_7A,275000.00,DOCS_REQUESTED,2026-02-03 17:00:00.978668-05:00,,BAY,2026-01-31 07:56:01.517427-05:00,2026-02-03 18:39:56.407649-05:00
135,135,LOC,270000.00,PENDING_INFO,2026-02-03 15:09:07.154167-05:00,,BAY,2026-02-02 09:05:59.114621-05:00,2026-02-05 11:45:33.201314-05:00
136,136,TERM_LOAN,410000.00,WITHDRAWN,2026-02-03 17:07:11.059507-05:00,,,2026-02-01 15:24:26.143307-05:00,2026-03-02 23:01:17.503594-05:00
137,137,EQUIPMENT,290000.00,DOCS_REQUESTED,2026-02-04 02:10:00.258424-05:00,,,2026-02-02 14:04:13.587434-05:00,2026-02-03 21:36:28.322824-05:00
138,138,LOC,33000.00,FUNDED,2026-02-03 14:53:28.138522-05:00,,,2026-02-01 06:49:36.362828-05:00,2026-02-25 13:56:06.215035-05:00
139,139,EQUIPMENT,62000.00,DECLINED,,,NSC-DIRECT,2026-02-03 06:32:36.799687-05:00,2026-02-13 05:19:17.311487-05:00
140,140,LOC,160000.00,FUNDED,2026-02-03 19:09:12.590907-05:00,2026-02-12 02:15:29.710590-05:00,NSC-DIRECT,2026-01-30 03:18:34.199045-05:00,2026-02-13 15:36:14.986806-05:00
141,141,LOC,135000.00,DECLINED,2026-02-03 19:38:50.367734-05:00,2026-02-11 20:27:59.552109-05:00,,2026-02-03 00:02:50.683289-05:00,2026-02-11 17:18:58.988434-05:00
142,142,LOC,62000.00,PENDING_INFO,2026-02-03 20:53:15.572038-05:00,,BAY,2026-02-02 20:37:51.308694-05:00,2026-02-23 12:06:52.043675-05:00
143,143,TERM_LOAN,69000.00,APPROVED,2026-02-03 20:19:18.636938-05:00,2026-02-09 02:43:17.480440-05:00,1,2026-02-01 07:39:58.695440-05:00,2026-02-08 02:34:28.134671-05:00
144,144,TERM_LOAN,36000.00,FUNDED,2026-02-03 21:10:36.351324-05:00,2026-02-19 17:32:19.110120-05:00,,2026-01-28 04:20:51.080433-05:00,2026-02-26 23:54:38.393794-05:00
145,145,LOC,59000.00,DECLINED,2026-02-03 22:14:45.663671-05:00,2026-02-06 02:47:06.256695-05:00,NSC-DIRECT,2026-02-02 02:35:25.426539-05:00,2026-02-06 00:15:13.737376-05:00
146,146,TERM_LOAN,61000.00,FUNDED,2026-02-03 22:46:15.455652-05:00,,,2026-02-03 05:22:15.912292-05:00,2026-03-07 22:54:19.269390-05:00
147,147,EQUIPMENT,57000.00,FUNDED,2026-02-04 01:10:28.983391-05:00,2026-02-09 16:57:53.183546-05:00,CASCADE-FUNDING,2026-02-03 20:51:16.526979-05:00,2026-02-11 10:16:54.311103-05:00
148,148,TERM_LOAN,37000.00,FUNDED,2026-02-04 01:48:18.504493-05:00,2026-03-08 02:47:30.020511-05:00,NSC-DIRECT,2026-02-03 13:28:09.353832-05:00,2026-03-15 16:39:12.224919-05:00
149,149,SBA_7A,2100000.00,APPROVED,2026-02-02 11:19:50.266328-05:00,,NSC-DIRECT,2026-02-03 01:50:30.485200-05:00,2026-02-08 12:49:33.531917-05:00
150,150,TERM_LOAN,540000.00,DECLINED,2026-02-04 03:14:37.123568-05:00,2026-02-19 01:13:42.634989-05:00,NSC-DIRECT,2026-01-29 22:01:30.410656-05:00,2026-02-18 22:38:44.648330-05:00
151,151,LOC,225000.00,FUNDED,2026-02-04 04:27:40.407007-05:00,,CASCADE-FUNDING,2026-02-03 14:55:37.272944-05:00,2026-02-13 00:10:14.743094-05:00
152,152,SBA_7A,1000000.00,FUNDED,2026-02-02 00:01:31.349124-05:00,2026-02-11 02:19:49.059878-05:00,,2026-02-02 20:02:15.447774-05:00,2026-02-15 19:12:30.722615-05:00
153,153,LOC,370000.00,FUNDED,2026-02-04 05:56:50.862997-05:00,2026-02-15 02:35:50.991867-05:00,CASCADE-FUNDING,2026-01-31 17:21:12.385235-05:00,2026-02-18 00:21:59.178555-05:00
154,154,TERM_LOAN,445000.00,FUNDED,2026-02-04 06:14:31.033438-05:00,2026-02-08 12:19:57.926741-05:00,,2026-02-03 10:24:43.937999-05:00,2026-02-15 23:04:47.915446-05:00
155,155,SBA_7A,495000.00,DECLINED,2026-02-04 06:38:54.180965-05:00,,CSC,2026-02-03 07:00:04.919622-05:00,2026-03-22 09:19:23.817587-05:00
156,156,TERM_LOAN,425000.00,DECLINED,2026-02-04 04:39:54.966432-05:00,2026-02-15 02:45:04.910023-05:00,NSC-DIRECT,2026-02-03 14:47:18.707388-05:00,2026-02-14 21:50:12.779715-05:00
157,157,SBA_7A,1205000.00,DECLINED,,2026-02-09 22:21:06.400213-05:00,,2026-02-04 02:24:10.726576-05:00,2026-02-09 21:51:40.578749-05:00
158,158,LOC,145000.00,FUNDED,2026-02-04 07:00:57.578229-05:00,,,2026-02-02 21:49:22.533406-05:00,2026-02-23 01:48:22.178058-05:00
159,159,TERM_LOAN,660000.00,FUNDED,2026-02-04 07:34:55.916705-05:00,2026-02-15 02:11:38.318278-05:00,NSC-DIRECT,2026-02-03 22:58:01.074922-05:00,2026-02-16 10:18:49.185059-05:00
160,160,TERM_LOAN,57000.00,DECLINED,,2026-02-18 08:34:51.342769-05:00,,2026-02-02 06:44:29.190051-05:00,2026-02-18 06:03:18.451863-05:00
161,161,TERM_LOAN,96000.00,FUNDED,2026-02-02 01:17:24.414393-05:00,2026-02-07 22:50:51.890988-05:00,,2026-02-03 01:18:17.555238-05:00,2026-02-12 01:11:38.956377-05:00
162,162,TERM_LOAN,310000.00,DECLINED,2026-02-04 08:28:36.908064-05:00,2026-02-15 02:15:25.627342-05:00,,2026-02-03 13:39:07.899500-05:00,2026-02-14 10:51:58.005472-05:00
163,163,TERM_LOAN,48000.00,WITHDRAWN,2026-02-04 08:32:22.446430-05:00,,bayline,2026-02-03 20:15:05.103213-05:00,2026-02-12 00:54:33.012591-05:00
164,164,LOC,90000.00,FUNDED,2026-02-04 08:45:17.032732-05:00,2026-02-12 02:31:17.668298-05:00,,2026-02-02 13:16:19.597779-05:00,2026-02-16 11:37:16.619077-05:00
165,165,SBA_7A,240000.00,FUNDED,2026-02-04 07:46:49.407769-05:00,2026-02-12 18:23:33.787876-05:00,,2026-01-31 02:51:00.869838-05:00,2026-02-17 07:24:06.771577-05:00
166,166,LOC,190000.00,FUNDED,2026-02-04 09:32:25.384361-05:00,2026-02-21 02:19:45.510220-05:00,1,2026-02-03 17:13:06.464200-05:00,2026-02-27 17:02:07.434598-05:00
167,167,EQUIPMENT,105000.00,DECLINED,2026-02-04 09:20:55.326781-05:00,2026-02-15 02:12:20.096369-05:00,,2026-02-03 18:00:34.690920-05:00,2026-02-14 18:56:53.787979-05:00
168,168,EQUIPMENT,80000.00,DECLINED,2026-02-04 09:48:37.601688-05:00,,,2026-02-04 03:12:54.621114-05:00,2026-02-11 12:42:59.761741-05:00
169,169,TERM_LOAN,505000.00,DECLINED,2026-02-04 08:49:29.906672-05:00,,1,2026-02-04 04:20:42.118661-05:00,2026-02-26 13:02:48.089594-05:00
170,170,LOC,49000.00,APPROVED,2026-02-04 10:14:32.926786-05:00,2026-02-18 02:02:03.662208-05:00,1,2026-02-03 01:06:41.740516-05:00,2026-02-18 01:59:25.375357-05:00
171,171,EQUIPMENT,200000.00,FUNDED,2026-02-04 03:00:30.374528-05:00,2026-02-23 02:43:55.123229-05:00,,2026-02-04 06:42:08.583004-05:00,2026-02-24 22:47:28.251109-05:00
172,172,TERM_LOAN,73000.00,DECLINED,2026-02-05 02:10:00.969793-05:00,2026-02-15 02:42:56.445791-05:00,,2026-02-03 16:04:24.139316-05:00,2026-02-14 03:02:07.807091-05:00
173,173,TERM_LOAN,170000.00,DECLINED,2026-02-04 10:53:47.391933-05:00,2026-02-10 02:46:26.762867-05:00,CSC,2026-02-04 10:21:59.869445-05:00,2026-02-09 02:16:43.248189-05:00
174,174,EQUIPMENT,340000.00,FUNDED,2026-02-04 10:32:09.498340-05:00,2026-02-17 20:13:30.718727-05:00,NSC-DIRECT,2026-02-04 07:27:43.465991-05:00,2026-02-19 14:16:29.709376-05:00
175,175,TERM_LOAN,39000.00,DECLINED,2026-02-04 10:57:19.609452-05:00,,NSC-DIRECT,2026-02-03 12:15:28.254146-05:00,2026-02-07 15:35:54.726220-05:00
176,176,SBA_7A,2350000.00,WITHDRAWN,2026-02-04 11:09:55.434479-05:00,,,2026-02-03 13:26:22.388845-05:00,2026-03-02 11:17:10.017160-05:00
177,177,TERM_LOAN,445000.00,FUNDED,2026-02-04 11:30:30.012086-05:00,2026-02-27 02:40:36.601467-05:00,NSC-DIRECT,2026-02-03 13:47:54.408036-05:00,2026-03-06 10:03:42.723362-05:00
178,178,LOC,30000.00,DECLINED,2026-02-04 11:51:36.783327-05:00,2026-02-09 23:31:39.891645-05:00,,2026-02-03 17:31:22.688649-05:00,2026-02-09 20:34:12.652372-05:00
179,179,TERM_LOAN,35000.00,DECLINED,2026-02-04 11:46:45.314032-05:00,2026-02-22 07:06:11.597742-05:00,,2026-01-20 22:40:36.246833-05:00,2026-02-22 04:15:17.607289-05:00
180,180,TERM_LOAN,48000.00,DECLINED,2026-02-04 11:35:40.548702-05:00,2026-02-06 01:49:33.289994-05:00,,2026-02-04 01:55:15.802299-05:00,2026-02-06 00:34:34.516951-05:00
181,181,LOC,32000.00,FUNDED,2026-02-03 02:30:48.795029-05:00,2026-02-21 16:23:29.330585-05:00,NSC-DIRECT,2026-02-03 12:15:43.546825-05:00,2026-02-24 16:59:37.521058-05:00
182,182,SBA_7A,520000.00,DECLINED,2026-02-04 10:42:45.576436-05:00,,,2026-02-04 03:49:26.199022-05:00,2026-02-09 06:01:42.075058-05:00
183,183,LOC,110000.00,WITHDRAWN,2026-02-04 12:23:59.280894-05:00,,NSC-DIRECT,2026-02-04 07:37:55.214759-05:00,2026-02-09 09:24:28.787653-05:00
184,184,TERM_LOAN,250000.00,DECLINED,2026-02-04 12:07:38.019925-05:00,2026-02-12 21:50:51.172789-05:00,bayline,2026-02-04 11:15:55.564977-05:00,2026-02-12 21:28:35.659546-05:00
185,185,TERM_LOAN,125000.00,APPROVED,2026-02-04 11:46:47.630789-05:00,2026-02-11 20:43:46.350002-05:00,,2026-02-03 08:51:15.534168-05:00,2026-02-11 17:27:31.872086-05:00
186,186,LOC,56000.00,PENDING_INFO,2026-02-04 11:57:55.740318-05:00,,,2026-02-03 22:58:10.874917-05:00,2026-02-11 15:42:22.659201-05:00
187,187,TERM_LOAN,135000.00,FUNDED,2026-02-04 12:31:14.001708-05:00,2026-02-17 02:24:02.899952-05:00,bayline,2026-01-30 20:38:53.583081-05:00,2026-02-18 21:18:51.875520-05:00
188,188,TERM_LOAN,44000.00,DECLINED,2026-02-04 12:50:54.653667-05:00,2026-02-09 02:32:08.951062-05:00,,2026-02-04 03:31:17.678394-05:00,2026-02-08 20:44:43.449372-05:00
189,189,SBA_7A,2285000.00,DOCS_REQUESTED,2026-02-04 12:46:25.670596-05:00,,,2026-02-03 13:21:29.527423-05:00,2026-02-04 14:30:37.421403-05:00
190,190,TERM_LOAN,250000.00,DECLINED,2026-02-04 13:19:26.576003-05:00,2026-02-07 09:18:33.849408-05:00,CASCADE-FUNDING,2026-02-04 03:42:58.380175-05:00,2026-02-07 09:48:21.407933-05:00
191,191,TERM_LOAN,100000.00,PENDING_INFO,2026-02-04 11:43:36.112599-05:00,,bayline,2026-01-31 03:02:29.806079-05:00,2026-02-08 17:42:37.264375-05:00
192,192,TERM_LOAN,77000.00,FUNDED,2026-02-04 13:16:23.021884-05:00,2026-02-12 02:39:39.828159-05:00,,2026-01-29 03:13:46.606461-05:00,2026-02-12 14:21:01.611596-05:00
193,193,TERM_LOAN,100000.00,APPROVED,2026-02-04 18:54:11.034931-05:00,2026-02-18 02:46:57.931357-05:00,,2026-02-02 03:22:05.884801-05:00,2026-02-17 17:13:37.086007-05:00
194,194,LOC,27000.00,FUNDED,2026-02-04 13:55:05.414488-05:00,2026-02-08 02:39:05.128596-05:00,,2026-02-04 07:32:58.997174-05:00,2026-02-09 07:58:32.352397-05:00
195,195,TERM_LOAN,56000.00,APPROVED,2026-02-04 12:08:54.851796-05:00,2026-02-24 16:42:36.093039-05:00,1,2026-02-04 06:40:15.280098-05:00,2026-02-24 16:54:53.769603-05:00
196,196,TERM_LOAN,215000.00,FUNDED,2026-02-04 13:56:01.106332-05:00,2026-02-15 17:55:57.859129-05:00,,2026-02-04 08:34:37.736903-05:00,2026-02-17 17:08:18.862399-05:00
197,197,LOC,195000.00,WITHDRAWN,2026-02-05 02:10:00.778931-05:00,,1,2026-02-03 00:31:31.437261-05:00,2026-02-28 14:42:16.672404-05:00
198,198,SBA_7A,410000.00,FUNDED,2026-02-04 13:23:31.708868-05:00,2026-02-17 02:34:44.200588-05:00,CSC,2026-02-04 13:01:28.324186-05:00,2026-02-20 22:26:03.077286-05:00
199,199,TERM_LOAN,75000.00,APPROVED,2026-02-04 13:36:40.560837-05:00,2026-02-10 18:09:17.110612-05:00,,2026-02-02 17:40:30.487884-05:00,2026-02-10 15:23:54.800506-05:00
200,200,TERM_LOAN,155000.00,DECLINED,2026-02-04 14:36:31.323089-05:00,2026-02-08 02:20:30.029011-05:00,CASCADE-FUNDING,2026-02-03 14:12:03.459211-05:00,2026-02-07 11:09:29.246138-05:00
201,201,SBA_7A,730000.00,FUNDED,2026-02-04 14:37:00.670988-05:00,2026-02-11 03:25:09.962460-05:00,,2026-02-02 17:30:27.682264-05:00,2026-02-12 22:35:35.130211-05:00
202,202,SBA_7A,660000.00,FUNDED,2026-02-04 14:46:14.596292-05:00,2026-02-15 02:46:00.532553-05:00,1,2026-02-04 00:08:57.231859-05:00,2026-02-17 04:38:38.261997-05:00
203,203,EQUIPMENT,62000.00,DECLINED,2026-02-04 14:04:08.502681-05:00,2026-02-21 22:59:30.253790-05:00,1,2026-02-03 00:44:28.700757-05:00,2026-02-21 21:22:31.231488-05:00
204,204,LOC,165000.00,FUNDED,2026-02-04 15:22:13.954973-05:00,2026-02-14 20:13:00.110180-05:00,1,2026-02-04 10:18:53.553024-05:00,2026-02-17 11:57:49.124367-05:00
205,205,LOC,67000.00,FUNDED,2026-02-04 14:38:05.751838-05:00,2026-02-20 02:43:14.388552-05:00,,2026-02-02 14:16:28.755080-05:00,2026-02-23 04:36:18.198478-05:00
206,206,TERM_LOAN,305000.00,FUNDED,2026-02-04 14:26:44.752200-05:00,2026-02-11 02:00:57.298663-05:00,1,2026-02-04 09:51:34.017166-05:00,2026-02-18 15:10:27.746499-05:00
207,207,LOC,40000.00,DECLINED,2026-02-04 15:39:31.846294-05:00,2026-02-20 02:34:52.586724-05:00,,2026-01-29 15:13:31.584411-05:00,2026-02-19 21:35:47.363322-05:00
208,208,TERM_LOAN,70000.00,FUNDED,2026-02-04 16:18:57.482105-05:00,2026-03-09 02:13:53.395752-05:00,1,2026-02-02 17:25:56.025751-05:00,2026-03-11 08:50:57.111286-05:00
209,209,TERM_LOAN,63000.00,DECLINED,2026-02-04 16:33:44.282855-05:00,2026-02-13 02:25:11.873245-05:00,BAY,2026-02-04 01:53:27.459068-05:00,2026-02-12 11:27:25.951491-05:00
210,210,SBA_7A,425000.00,FUNDED,2026-02-04 16:19:01.270644-05:00,2026-02-09 02:46:38.839044-05:00,3,2026-02-03 14:38:46.123453-05:00,2026-02-14 12:08:32.443047-05:00
211,211,LOC,99000.00,DECLINED,2026-02-04 16:25:42.803699-05:00,2026-03-02 02:12:47.596331-05:00,1,2026-02-04 05:31:48.844801-05:00,2026-03-01 18:07:34.841709-05:00
212,212,TERM_LOAN,460000.00,DECLINED,2026-02-04 16:30:22.518089-05:00,2026-02-24 02:19:37.976911-05:00,,2026-02-03 18:36:05.798688-05:00,2026-02-23 16:59:37.916143-05:00
213,213,LOC,115000.00,DECLINED,2026-02-04 17:26:28.965653-05:00,2026-02-11 05:08:55.533561-05:00,,2026-02-04 10:20:06.945610-05:00,2026-02-11 05:13:08.104130-05:00
214,214,LOC,28000.00,DECLINED,2026-02-04 18:23:24.421229-05:00,2026-03-10 05:24:20.994969-05:00,bayline,2026-01-29 22:31:52.220771-05:00,2026-03-10 05:08:05.257979-05:00
215,215,LOC,120000.00,WITHDRAWN,2026-02-04 18:02:51.326573-05:00,,,2026-02-03 23:02:43.574779-05:00,2026-02-25 11:56:18.667172-05:00
216,216,LOC,69000.00,WITHDRAWN,2026-02-04 18:54:40.398710-05:00,,,2026-02-02 19:32:57.548221-05:00,2026-02-07 07:33:23.870537-05:00
217,217,LOC,245000.00,DECLINED,2026-02-04 19:45:52.850788-05:00,2026-02-08 02:29:04.873039-05:00,,2026-02-03 17:55:18.003004-05:00,2026-02-07 19:33:29.470006-05:00
218,218,TERM_LOAN,405000.00,DECLINED,2026-02-04 20:43:55.888825-05:00,2026-02-24 02:31:14.231496-05:00,CSC,2026-02-04 19:30:04.936143-05:00,2026-02-23 22:03:18.054020-05:00
219,219,TERM_LOAN,97000.00,FUNDED,2026-02-04 21:19:45.955388-05:00,2026-02-16 06:00:23.983224-05:00,CSC,2026-02-04 07:30:31.549961-05:00,2026-02-23 02:49:59.746102-05:00
220,220,EQUIPMENT,145000.00,DECLINED,2026-02-04 21:45:28.877707-05:00,2026-02-13 02:07:49.411138-05:00,,2026-02-04 12:52:38.448924-05:00,2026-02-12 04:41:58.915180-05:00
221,221,TERM_LOAN,550000.00,DECLINED,2026-02-04 21:41:41.499063-05:00,2026-02-16 02:46:47.835972-05:00,,2026-02-03 20:05:15.195682-05:00,2026-02-15 16:39:30.142135-05:00
222,222,LOC,110000.00,DECLINED,2026-02-04 23:21:58.978714-05:00,2026-02-12 02:19:22.413302-05:00,CASCADE-FUNDING,2026-02-04 05:41:07.565016-05:00,2026-02-11 12:33:15.657268-05:00
223,223,SBA_7A,665000.00,DOCS_REQUESTED,2026-02-05 00:00:59.693616-05:00,,,2026-02-03 23:10:50.284525-05:00,2026-02-05 10:20:45.203269-05:00
224,224,LOC,58000.00,DECLINED,2026-02-05 01:18:42.288237-05:00,2026-02-10 02:31:45.730706-05:00,,2026-02-04 03:03:12.918232-05:00,2026-02-09 15:32:55.284866-05:00
225,225,TERM_LOAN,43000.00,DECLINED,2026-02-05 02:03:42.506463-05:00,,bayline,2026-02-04 17:41:19.375407-05:00,2026-02-18 09:33:34.577194-05:00
226,226,LOC,56000.00,DECLINED,2026-02-05 02:38:23.941481-05:00,2026-02-09 23:58:28.451886-05:00,bayline,2026-02-02 19:46:05.887515-05:00,2026-02-10 00:00:33.199405-05:00
227,227,EQUIPMENT,42000.00,FUNDED,2026-02-05 04:00:54.204173-05:00,2026-02-28 22:25:35.557901-05:00,bayline,2026-02-05 00:35:26.559287-05:00,2026-03-03 02:02:42.093767-05:00
228,228,TERM_LOAN,315000.00,APPROVED,2026-02-05 03:30:14.401278-05:00,2026-02-19 11:59:42.854257-05:00,BAY,2026-02-02 21:32:25.498135-05:00,2026-02-19 12:33:42.887737-05:00
229,229,EQUIPMENT,200000.00,FUNDED,2026-02-05 05:10:01.944082-05:00,2026-02-13 02:44:48.302814-05:00,,2026-02-04 16:28:10.671314-05:00,2026-02-16 08:48:22.512374-05:00
230,230,TERM_LOAN,115000.00,DECLINED,2026-02-05 05:14:41.565572-05:00,2026-02-20 09:59:44.596652-05:00,,2026-02-04 19:59:13.983731-05:00,2026-02-20 07:23:14.464695-05:00
231,231,LOC,220000.00,DECLINED,2026-02-05 06:19:31.066152-05:00,2026-02-10 12:44:16.643096-05:00,BAY,2026-02-03 14:24:19.507963-05:00,2026-02-10 11:05:51.257033-05:00
232,232,EQUIPMENT,69000.00,PENDING_INFO,2026-02-05 06:53:27.102796-05:00,,,2026-02-04 19:52:16.172457-05:00,2026-02-10 05:09:23.857484-05:00
233,233,EQUIPMENT,87000.00,DECLINED,2026-02-05 05:32:58.167654-05:00,2026-02-08 02:12:39.351971-05:00,,2026-02-04 17:53:59.889212-05:00,2026-02-07 06:08:22.874511-05:00
234,234,EQUIPMENT,700000.00,WITHDRAWN,2026-02-05 06:40:19.375605-05:00,,NSC-DIRECT,2026-02-04 17:16:54.439228-05:00,2026-02-08 18:07:07.131879-05:00
235,235,TERM_LOAN,59000.00,APPROVED,2026-02-05 07:40:34.397425-05:00,2026-02-28 23:18:52.473222-05:00,bayline,2026-02-04 06:00:05.099583-05:00,2026-02-28 21:59:51.550145-05:00
236,236,LOC,245000.00,FUNDED,2026-02-05 13:10:03.892282-05:00,2026-02-19 02:18:27.115068-05:00,NSC-DIRECT,2026-02-04 15:55:52.008984-05:00,2026-02-27 00:19:34.485394-05:00
237,237,LOC,155000.00,FUNDED,2026-02-05 06:27:10.996008-05:00,2026-02-14 20:00:45.951238-05:00,NSC-DIRECT,2026-02-04 21:15:56.901213-05:00,2026-02-22 18:45:18.627415-05:00
238,238,TERM_LOAN,395000.00,APPROVED,2026-02-05 08:07:34.489672-05:00,2026-02-11 02:19:19.396039-05:00,1,2026-01-30 17:45:33.791257-05:00,2026-02-10 05:16:51.881646-05:00
239,239,LOC,130000.00,FUNDED,2026-02-05 08:40:01.575362-05:00,2026-02-10 08:49:53.563868-05:00,BAY,2026-02-03 04:29:52.129571-05:00,2026-02-18 05:36:35.064205-05:00
240,240,TERM_LOAN,150000.00,FUNDED,2026-02-05 09:20:22.051243-05:00,2026-02-11 02:16:51.109213-05:00,,2026-02-05 04:02:32.312135-05:00,2026-02-11 19:45:55.952079-05:00
241,241,SBA_7A,415000.00,FUNDED,2026-02-06 02:10:00.500144-05:00,,,2026-02-03 20:01:44.023321-05:00,2026-02-24 20:10:47.698167-05:00
242,242,LOC,33000.00,DECLINED,2026-02-05 07:39:27.418132-05:00,,BAY,2026-02-04 10:33:59.959639-05:00,2026-02-12 20:11:43.433877-05:00
243,243,TERM_LOAN,145000.00,FUNDED,2026-02-05 09:44:27.140827-05:00,2026-02-09 02:40:31.993317-05:00,NSC-DIRECT,2026-02-02 14:42:56.103600-05:00,2026-02-15 07:45:12.560475-05:00
244,244,EQUIPMENT,240000.00,FUNDED,2026-02-05 08:50:26.294582-05:00,2026-02-18 07:48:59.248196-05:00,,2026-02-04 15:23:43.914366-05:00,2026-02-21 11:56:17.801596-05:00
245,245,TERM_LOAN,255000.00,FUNDED,2026-02-05 09:34:10.377471-05:00,2026-02-12 17:41:26.782440-05:00,CASCADE-FUNDING,2026-02-03 02:00:17.829006-05:00,2026-02-16 14:20:22.133774-05:00
246,246,SBA_7A,610000.00,FUNDED,2026-02-05 09:28:06.296158-05:00,,,2026-02-03 21:55:33.110548-05:00,2026-02-23 14:01:20.478333-05:00
247,247,SBA_7A,205000.00,FUNDED,2026-02-05 09:32:48.351281-05:00,2026-02-18 04:03:36.894679-05:00,,2026-02-04 10:59:12.558286-05:00,2026-02-21 07:46:47.815473-05:00
248,248,LOC,170000.00,DECLINED,2026-02-05 10:24:02.413359-05:00,2026-02-12 02:40:02.802981-05:00,NSC-DIRECT,2026-02-05 03:20:19.884093-05:00,2026-02-11 05:46:05.651750-05:00
249,249,TERM_LOAN,185000.00,FUNDED,2026-02-05 09:31:32.428416-05:00,2026-02-09 02:50:04.862987-05:00,,2026-02-04 15:53:24.365609-05:00,2026-02-11 22:17:00.002640-05:00
250,250,LOC,140000.00,FUNDED,2026-02-05 10:56:32.010080-05:00,2026-03-04 02:18:47.359298-05:00,bayline,2026-01-14 00:11:55.890770-05:00,2026-03-05 15:39:57.576710-05:00
251,251,TERM_LOAN,430000.00,APPROVED,2026-02-05 10:48:59.630019-05:00,2026-02-18 14:49:42.556479-05:00,bayline,2026-01-30 15:14:08.749653-05:00,2026-02-18 12:06:53.788337-05:00
252,252,TERM_LOAN,615000.00,DECLINED,2026-02-05 10:15:52.315444-05:00,2026-02-14 02:45:38.587696-05:00,,2026-02-04 18:39:14.082466-05:00,2026-02-13 14:26:13.529335-05:00
253,253,TERM_LOAN,230000.00,FUNDED,2026-02-05 10:39:49.808594-05:00,2026-02-13 19:17:22.270515-05:00,,2026-02-03 15:19:05.168748-05:00,2026-02-20 17:45:18.899892-05:00
254,254,LOC,59000.00,DECLINED,2026-02-05 10:52:37.655881-05:00,2026-02-12 02:47:51.087088-05:00,CSC,2026-02-03 17:24:10.315916-05:00,2026-02-11 20:58:15.194193-05:00
255,255,SBA_7A,1625000.00,FUNDED,2026-02-05 11:32:43.911649-05:00,,,2026-02-04 22:56:58.438776-05:00,2026-02-22 12:55:27.342519-05:00
256,256,TERM_LOAN,440000.00,WITHDRAWN,2026-02-05 11:38:24.809593-05:00,,2,2026-02-04 09:40:07.013576-05:00,2026-03-06 12:35:04.791297-05:00
257,257,EQUIPMENT,190000.00,FUNDED,2026-02-05 10:15:34.271403-05:00,2026-03-01 16:15:15.697025-05:00,,2026-02-04 22:08:31.174892-05:00,2026-03-06 22:08:54.926404-05:00
258,258,TERM_LOAN,400000.00,FUNDED,2026-02-05 11:55:32.252882-05:00,2026-02-11 19:48:26.686651-05:00,BAY,2026-01-30 04:15:27.566240-05:00,2026-02-16 03:21:22.502365-05:00
259,259,TERM_LOAN,170000.00,DECLINED,2026-02-05 11:01:36.419190-05:00,2026-02-20 11:55:18.946613-05:00,NSC-DIRECT,2026-02-04 19:38:49.920656-05:00,2026-02-20 08:48:10.944422-05:00
260,260,TERM_LOAN,680000.00,APPROVED,2026-02-05 12:27:43.717235-05:00,,CSC,2026-02-04 03:05:15.947039-05:00,2026-02-22 11:50:40.059574-05:00
261,261,LOC,240000.00,FUNDED,2026-02-05 12:21:12.125709-05:00,2026-02-12 02:46:16.019241-05:00,NSC-DIRECT,2026-02-04 23:38:57.105397-05:00,2026-02-19 19:39:00.239551-05:00
262,262,EQUIPMENT,115000.00,FUNDED,2026-02-06 02:10:00.517549-05:00,2026-02-11 02:41:46.234427-05:00,CSC,2026-02-05 01:16:34.300565-05:00,2026-02-18 22:29:17.772371-05:00
263,263,TERM_LOAN,290000.00,APPROVED,2026-02-05 12:29:15.891382-05:00,2026-02-12 20:00:47.475686-05:00,,2026-02-05 08:50:55.182842-05:00,2026-02-12 19:23:27.258837-05:00
264,264,TERM_LOAN,405000.00,FUNDED,2026-02-05 12:50:20.271676-05:00,2026-03-13 19:45:15.352151-05:00,,2026-02-04 14:31:18.995224-05:00,2026-03-20 05:52:37.268869-05:00
265,265,TERM_LOAN,115000.00,FUNDED,,2026-02-08 12:09:28.682352-05:00,,2026-02-04 21:11:25.260108-05:00,2026-02-10 23:08:34.338463-05:00
266,266,EQUIPMENT,41000.00,APPROVED,2026-02-05 12:28:10.124372-05:00,2026-02-11 02:41:13.893885-05:00,,2026-02-03 21:15:20.663106-05:00,2026-02-10 15:57:51.260703-05:00
267,267,EQUIPMENT,515000.00,DECLINED,2026-02-05 12:53:32.082368-05:00,2026-02-09 02:22:59.565606-05:00,,2026-02-05 08:27:49.904813-05:00,2026-02-08 01:01:32.849178-05:00
268,268,TERM_LOAN,46000.00,APPROVED,2026-02-05 13:11:32.479292-05:00,2026-02-14 13:55:48.554271-05:00,,2026-02-04 17:50:22.116159-05:00,2026-02-14 13:16:54.894245-05:00
269,269,TERM_LOAN,235000.00,FUNDED,2026-02-05 13:11:33.919587-05:00,2026-02-15 02:43:15.964641-05:00,,2026-02-05 04:51:52.001663-05:00,2026-02-16 01:04:13.897124-05:00
270,270,EQUIPMENT,400000.00,APPROVED,2026-02-05 13:18:31.188666-05:00,,,2026-02-05 02:49:52.720439-05:00,2026-02-13 09:35:49.795141-05:00
271,271,EQUIPMENT,875000.00,DRAFT,,,,2026-02-09 18:50:09.242118-05:00,2026-02-09 18:50:09.242118-05:00
272,272,EQUIPMENT,130000.00,DOCS_REQUESTED,2026-02-05 13:53:36.155167-05:00,,,2026-02-05 03:42:50.452578-05:00,2026-02-05 19:33:10.355833-05:00
273,273,TERM_LOAN,335000.00,DECLINED,2026-02-05 14:25:32.333044-05:00,2026-02-15 02:45:40.051650-05:00,NSC_DIRECT,2026-02-03 21:03:39.056516-05:00,2026-02-14 21:38:06.652503-05:00
274,274,TERM_LOAN,100000.00,FUNDED,2026-02-05 14:37:38.100539-05:00,2026-02-14 02:06:10.478563-05:00,BAY,2026-02-05 08:09:56.202401-05:00,2026-02-16 18:57:07.466584-05:00
275,275,TERM_LOAN,105000.00,FUNDED,2026-02-05 14:07:18.810947-05:00,2026-02-13 17:52:01.706322-05:00,,2026-02-05 02:25:43.110752-05:00,2026-02-20 09:39:16.495795-05:00
276,276,TERM_LOAN,47000.00,DECLINED,2026-02-05 12:36:27.683809-05:00,2026-02-12 02:41:27.537290-05:00,,2026-02-04 14:11:15.809605-05:00,2026-02-11 05:21:13.452608-05:00
277,277,LOC,185000.00,DECLINED,2026-02-05 13:51:43.974753-05:00,2026-02-12 02:38:50.707720-05:00,BAY,2026-01-29 01:40:17.692615-05:00,2026-02-11 23:39:44.989130-05:00
278,278,TERM_LOAN,110000.00,DECLINED,2026-02-05 15:00:08.010761-05:00,2026-02-11 15:02:02.414354-05:00,,2026-02-05 09:42:21.469003-05:00,2026-02-11 11:40:18.923187-05:00
279,279,EQUIPMENT,71000.00,APPROVED,2026-02-05 14:12:15.080796-05:00,2026-02-14 04:06:45.473181-05:00,,2026-02-05 08:56:54.804490-05:00,2026-02-14 03:50:58.480255-05:00
280,280,EQUIPMENT,115000.00,PENDING_INFO,2026-02-05 15:34:19.996447-05:00,,CASCADE-FUNDING,2026-02-05 09:14:18.065541-05:00,2026-02-06 15:08:25.587748-05:00
281,281,TERM_LOAN,86000.00,WITHDRAWN,2026-02-05 14:55:21.509580-05:00,,,2026-02-05 05:49:28.974718-05:00,2026-02-25 23:40:13.121355-05:00
282,282,TERM_LOAN,565000.00,FUNDED,2026-02-05 15:29:05.552635-05:00,2026-02-12 08:09:42.714982-05:00,,2026-02-04 17:53:52.943434-05:00,2026-02-19 00:07:16.911065-05:00
283,283,TERM_LOAN,155000.00,FUNDED,2026-02-05 15:38:12.123932-05:00,,NSC-DIRECT,2026-02-03 16:57:53.332384-05:00,2026-02-18 00:12:39.213368-05:00
284,284,TERM_LOAN,87000.00,APPROVED,2026-02-05 15:46:54.825804-05:00,2026-02-07 02:28:14.606243-05:00,1,2026-02-03 17:09:38.689698-05:00,2026-02-06 23:42:51.625287-05:00
285,285,SBA_7A,165000.00,DECLINED,2026-02-05 15:36:44.011998-05:00,2026-02-13 02:34:13.386023-05:00,,2026-02-02 11:08:03.908854-05:00,2026-02-12 10:34:59.191257-05:00
286,286,TERM_LOAN,39000.00,DECLINED,2026-02-05 16:32:46.838598-05:00,2026-02-19 06:16:31.013820-05:00,bayline,2026-02-04 11:04:34.233553-05:00,2026-02-19 04:33:10.285079-05:00
287,287,TERM_LOAN,220000.00,DECLINED,2026-02-05 16:26:00.484861-05:00,2026-02-19 02:23:17.868160-05:00,CASCADE-FUNDING,2026-02-05 09:28:27.776176-05:00,2026-02-19 00:14:26.799279-05:00
288,288,EQUIPMENT,47000.00,DECLINED,2026-02-05 15:09:02.329836-05:00,2026-02-13 18:53:58.792175-05:00,,2026-02-04 23:13:27.366190-05:00,2026-02-13 18:28:36.375868-05:00
289,289,EQUIPMENT,135000.00,FUNDED,2026-02-05 16:28:26.511036-05:00,2026-02-16 00:28:14.003474-05:00,1,2026-02-02 08:34:36.674080-05:00,2026-02-21 04:30:06.584690-05:00
290,290,TERM_LOAN,180000.00,APPROVED,2026-02-05 16:59:56.934220-05:00,,,2026-02-05 15:51:58.410881-05:00,2026-02-28 17:47:19.409373-05:00
291,291,SBA_7A,380000.00,DECLINED,2026-02-05 15:57:59.078234-05:00,2026-02-14 02:33:09.805521-05:00,,2026-02-05 02:12:44.557319-05:00,2026-02-13 07:53:20.618723-05:00
292,292,LOC,54000.00,DECLINED,2026-02-05 16:09:18.850313-05:00,2026-02-24 02:23:10.722199-05:00,2,2026-02-05 11:01:28.252273-05:00,2026-02-23 16:22:20.679629-05:00
293,293,TERM_LOAN,260000.00,FUNDED,2026-02-05 18:03:19.973961-05:00,,BAY,2026-02-05 05:31:57.012853-05:00,2026-02-23 00:30:19.956022-05:00
294,294,EQUIPMENT,115000.00,FUNDED,2026-02-05 18:14:33.214161-05:00,2026-02-16 14:47:53.684321-05:00,,2026-02-05 03:40:00.843525-05:00,2026-02-20 08:16:57.392290-05:00
295,295,TERM_LOAN,35000.00,DECLINED,2026-02-05 18:20:48.421376-05:00,2026-02-10 20:21:30.417573-05:00,bayline,2026-01-31 19:48:08.993442-05:00,2026-02-10 19:14:00.672134-05:00
296,296,TERM_LOAN,270000.00,DOCS_REQUESTED,2026-02-05 18:50:14.824329-05:00,,1,2026-02-04 21:56:49.905378-05:00,2026-02-05 19:54:38.784069-05:00
297,297,SBA_7A,625000.00,DOCS_REQUESTED,2026-02-05 19:00:44.419100-05:00,,,2026-02-05 02:56:28.944701-05:00,2026-02-06 06:45:11.562119-05:00
298,298,LOC,370000.00,DECLINED,2026-02-05 19:38:29.450415-05:00,2026-02-28 02:40:58.824606-05:00,2,2026-02-04 06:03:02.742940-05:00,2026-02-27 07:32:40.526215-05:00
299,299,EQUIPMENT,87000.00,FUNDED,2026-02-05 19:46:10.248353-05:00,2026-02-09 02:34:47.416214-05:00,,2026-02-01 17:15:49.015139-05:00,2026-02-11 12:40:06.193546-05:00
300,300,EQUIPMENT,330000.00,FUNDED,2026-02-05 20:45:25.321338-05:00,2026-02-10 02:10:06.856435-05:00,,2026-01-30 23:37:09.828937-05:00,2026-02-11 09:03:17.068733-05:00
301,301,TERM_LOAN,95000.00,DECLINED,2026-02-05 21:37:07.135656-05:00,2026-02-21 02:39:48.339377-05:00,NSC-DIRECT,2026-02-04 20:36:50.456651-05:00,2026-02-20 01:00:15.793316-05:00
302,302,LOC,290000.00,DECLINED,2026-02-05 23:14:18.958779-05:00,2026-02-12 02:48:00.992415-05:00,NSC-DIRECT,2026-02-04 02:18:42.937688-05:00,2026-02-11 02:49:34.976179-05:00
303,303,EQUIPMENT,345000.00,WITHDRAWN,2026-02-05 23:49:15.063188-05:00,,,2026-02-04 22:04:56.361453-05:00,2026-02-08 09:34:37.683284-05:00
304,304,EQUIPMENT,125000.00,FUNDED,2026-02-02 13:22:38.845931-05:00,2026-02-19 02:13:08.876954-05:00,BAY,2026-02-02 02:32:19.053598-05:00,2026-03-03 12:37:30.958965-05:00
305,305,LOC,91000.00,DECLINED,2026-02-06 01:00:04.067564-05:00,2026-02-17 18:15:36.571938-05:00,2,2026-02-05 12:11:38.419673-05:00,2026-02-17 17:55:21.905793-05:00
306,306,LOC,68000.00,FUNDED,2026-02-06 02:24:40.150871-05:00,2026-02-22 01:13:22.692807-05:00,,2026-02-05 16:19:58.407657-05:00,2026-02-26 01:02:10.276441-05:00
307,307,SBA_7A,1200000.00,FUNDED,2026-02-06 02:11:24.137537-05:00,2026-02-11 02:41:45.579531-05:00,,2026-02-04 11:33:10.542522-05:00,2026-02-14 10:07:24.698420-05:00
308,308,LOC,91000.00,FUNDED,2026-02-06 03:49:35.892068-05:00,2026-02-20 02:40:13.558289-05:00,bayline,2026-02-05 03:11:51.678625-05:00,2026-02-21 11:41:16.716946-05:00
309,309,EQUIPMENT,335000.00,FUNDED,2026-02-06 04:59:08.102212-05:00,2026-02-17 02:28:49.281117-05:00,,2026-02-06 01:43:04.870479-05:00,2026-02-20 22:18:18.430935-05:00
310,310,SBA_7A,1260000.00,DOCS_REQUESTED,2026-02-06 04:58:25.333752-05:00,,,2026-02-01 21:33:33.347328-05:00,2026-02-06 07:39:55.058333-05:00
311,311,LOC,100000.00,FUNDED,2026-02-06 05:10:33.575555-05:00,2026-03-25 17:21:53.023159-05:00,1,2026-02-05 12:18:33.859328-05:00,2026-03-28 00:59:25.324923-05:00
312,312,TERM_LOAN,85000.00,APPROVED,2026-02-06 05:24:55.978124-05:00,2026-02-23 02:11:25.381515-05:00,NSC-DIRECT,2026-02-04 22:56:46.032159-05:00,2026-02-22 20:48:41.737342-05:00
313,313,TERM_LOAN,160000.00,APPROVED,2026-02-06 05:28:06.638463-05:00,2026-02-13 17:36:21.071352-05:00,NSC-DIRECT,2026-02-05 22:14:49.164352-05:00,2026-02-13 15:40:05.752482-05:00
314,314,TERM_LOAN,95000.00,DECLINED,2026-02-06 05:08:36.046399-05:00,2026-02-17 20:06:07.673573-05:00,,2026-02-03 23:22:15.814432-05:00,2026-02-17 19:26:28.167829-05:00
315,315,TERM_LOAN,295000.00,FUNDED,2026-02-06 07:02:18.333698-05:00,2026-03-18 00:15:52.506251-05:00,BAY,2026-02-05 18:57:23.343170-05:00,2026-03-21 20:41:49.020247-05:00
316,316,LOC,130000.00,DECLINED,2026-02-06 07:15:09.498705-05:00,2026-02-22 02:23:17.812896-05:00,,2026-02-06 02:00:07.191493-05:00,2026-02-22 01:57:23.164207-05:00
317,317,TERM_LOAN,135000.00,FUNDED,2026-02-06 07:37:21.145014-05:00,2026-02-17 02:16:18.412496-05:00,,2026-02-05 11:59:30.072734-05:00,2026-02-19 00:40:33.875012-05:00
318,318,LOC,63000.00,APPROVED,2026-02-06 08:07:06.134600-05:00,,,2026-02-04 01:52:17.592730-05:00,2026-02-08 06:22:15.814329-05:00
319,319,EQUIPMENT,420000.00,FUNDED,2026-02-06 08:49:13.876286-05:00,2026-02-10 02:39:57.715895-05:00,,2026-02-06 00:34:01.066049-05:00,2026-02-16 19:26:10.786465-05:00
320,320,TERM_LOAN,69000.00,FUNDED,2026-02-06 08:36:50.139878-05:00,2026-02-27 02:19:39.074908-05:00,,2026-02-05 04:18:59.118558-05:00,2026-03-03 19:26:56.524564-05:00
321,321,EQUIPMENT,315000.00,FUNDED,2026-02-06 08:34:33.360349-05:00,2026-03-08 02:48:33.697222-05:00,bayline,2026-02-05 07:25:48.019765-05:00,2026-03-20 00:36:20.376192-05:00
322,322,EQUIPMENT,170000.00,DRAFT,,,,2026-02-03 00:02:40.738204-05:00,2026-02-03 00:02:40.738204-05:00
323,323,TERM_LOAN,89000.00,FUNDED,2026-02-02 23:09:16.909567-05:00,,,2026-02-05 13:56:45.209717-05:00,2026-02-24 09:06:51.242988-05:00
324,324,TERM_LOAN,71000.00,FUNDED,2026-02-06 08:49:50.496917-05:00,,,2026-02-05 15:11:09.832943-05:00,2026-02-26 01:35:42.250561-05:00
325,325,TERM_LOAN,595000.00,FUNDED,2026-02-06 09:14:47.000995-05:00,2026-02-09 12:26:55.049035-05:00,,2026-02-01 08:21:18.070808-05:00,2026-02-13 01:56:21.523249-05:00
326,326,TERM_LOAN,205000.00,PENDING_INFO,2026-02-07 02:10:00.792086-05:00,,,2026-02-02 14:58:00.694882-05:00,2026-02-13 07:03:57.897038-05:00
327,327,EQUIPMENT,570000.00,DOCS_REQUESTED,2026-02-06 09:40:40.017194-05:00,,,2026-02-05 04:40:03.828794-05:00,2026-02-06 12:46:42.335879-05:00
328,328,LOC,115000.00,DECLINED,2026-02-06 09:37:26.560336-05:00,2026-02-15 02:08:23.147953-05:00,CASCADE-FUNDING,2026-02-05 17:02:31.319875-05:00,2026-02-14 01:22:51.219538-05:00
329,329,LOC,270000.00,WITHDRAWN,2026-02-06 10:15:38.573727-05:00,,CASCADE-FUNDING,2026-01-28 05:18:57.925823-05:00,2026-02-10 09:40:05.779207-05:00
330,330,SBA_7A,1770000.00,APPROVED,2026-02-06 09:39:15.572249-05:00,2026-02-10 07:05:40.608808-05:00,BAY,2026-02-04 18:52:19.604249-05:00,2026-02-10 04:30:04.038189-05:00
331,331,TERM_LOAN,645000.00,DECLINED,2026-02-06 09:45:25.463981-05:00,2026-02-13 06:09:59.864268-05:00,,2026-02-05 08:46:01.148796-05:00,2026-02-13 06:30:37.556008-05:00
332,332,TERM_LOAN,670000.00,DECLINED,2026-02-06 10:39:43.822029-05:00,2026-02-12 02:47:45.917608-05:00,NSC-DIRECT,2026-02-05 16:30:54.037513-05:00,2026-02-11 14:04:47.822210-05:00
333,333,EQUIPMENT,170000.00,FUNDED,2026-02-06 10:47:46.812592-05:00,2026-02-11 02:20:39.675819-05:00,,2026-02-06 01:17:37.550782-05:00,2026-02-14 15:43:52.624559-05:00
334,334,TERM_LOAN,525000.00,DOCS_REQUESTED,,,,2026-02-06 02:28:04.154584-05:00,2026-02-06 11:45:10.294570-05:00
335,335,LOC,345000.00,DECLINED,2026-02-06 11:24:16.799312-05:00,2026-02-17 04:10:19.457307-05:00,1,2026-02-04 05:39:36.812474-05:00,2026-02-17 03:03:34.273932-05:00
336,336,LOC,285000.00,DECLINED,2026-02-06 11:07:44.257836-05:00,2026-02-19 23:21:31.514452-05:00,3,2026-02-06 04:32:19.606090-05:00,2026-02-20 00:02:02.673502-05:00
337,337,TERM_LOAN,360000.00,FUNDED,2026-02-06 11:28:51.390155-05:00,2026-02-23 16:01:26.303754-05:00,,2026-02-05 23:30:31.242374-05:00,2026-02-27 20:34:13.958300-05:00
338,338,TERM_LOAN,135000.00,DECLINED,2026-02-06 10:55:26.578852-05:00,2026-03-01 02:48:58.751004-05:00,NSC_DIRECT,2026-02-06 06:20:46.965010-05:00,2026-02-28 19:33:41.112536-05:00
339,339,SBA_7A,1430000.00,WITHDRAWN,2026-02-06 11:56:57.027465-05:00,,bayline,2026-02-05 21:36:51.158744-05:00,2026-03-01 09:45:00.419594-05:00
340,340,TERM_LOAN,190000.00,FUNDED,2026-02-06 11:33:22.491463-05:00,2026-02-11 12:16:29.830307-05:00,1,2026-02-05 21:17:52.945494-05:00,2026-02-15 15:54:54.314060-05:00
341,341,LOC,110000.00,FUNDED,2026-02-06 11:53:20.894632-05:00,2026-02-16 02:12:09.358390-05:00,NSC_DIRECT,2026-02-05 10:31:22.750347-05:00,2026-02-18 21:54:18.696083-05:00
342,342,EQUIPMENT,115000.00,PENDING_INFO,2026-02-06 11:41:12.041909-05:00,,,2026-02-02 06:33:37.254880-05:00,2026-02-10 09:32:38.836766-05:00
343,343,LOC,40000.00,DRAFT,,,,2026-02-12 05:55:12.116085-05:00,2026-02-12 05:55:12.116085-05:00
344,344,LOC,28000.00,FUNDED,2026-02-06 11:41:03.304521-05:00,2026-02-27 02:47:58.982987-05:00,BAY,2026-02-05 16:03:17.261475-05:00,2026-03-01 08:10:24.586632-05:00
345,345,TERM_LOAN,290000.00,FUNDED,2026-02-06 12:18:47.829480-05:00,2026-02-15 02:38:03.798242-05:00,,2026-02-04 14:26:49.630546-05:00,2026-02-20 20:12:18.526305-05:00
346,346,LOC,93000.00,APPROVED,2026-02-06 12:33:53.747368-05:00,2026-02-18 10:58:20.751218-05:00,,2026-02-04 21:56:45.583136-05:00,2026-02-18 09:41:50.167042-05:00
347,347,EQUIPMENT,48000.00,DRAFT,,,,2026-02-06 04:42:31.724002-05:00,2026-02-06 04:42:31.724002-05:00
348,348,TERM_LOAN,51000.00,DECLINED,2026-02-06 12:11:19.075986-05:00,2026-02-15 15:04:00.267735-05:00,BAY,2026-02-02 04:03:42.361398-05:00,2026-02-15 14:17:20.393538-05:00
349,349,TERM_LOAN,165000.00,WITHDRAWN,2026-02-06 11:59:05.612315-05:00,,CASCADE-FUNDING,2026-02-05 09:56:34.482451-05:00,2026-02-10 06:01:05.123044-05:00
350,350,SBA_7A,2135000.00,DECLINED,2026-02-06 12:40:20.643439-05:00,2026-02-18 21:42:14.718226-05:00,BAY,2026-02-06 07:30:08.178131-05:00,2026-02-18 21:10:27.205889-05:00
351,351,TERM_LOAN,97000.00,DECLINED,2026-02-06 13:10:53.762914-05:00,2026-02-09 02:44:27.944694-05:00,,2026-02-05 10:30:04.050598-05:00,2026-02-08 12:45:46.623343-05:00
352,352,TERM_LOAN,590000.00,DECLINED,2026-02-06 13:28:16.704264-05:00,,bayline,2026-02-04 17:54:40.699283-05:00,2026-02-19 07:00:26.067593-05:00
353,353,SBA_7A,500000.00,DRAFT,,,CASCADE-FUNDING,2026-02-06 14:43:08.005945-05:00,2026-02-06 14:43:08.005945-05:00
354,354,LOC,78000.00,FUNDED,2026-02-06 13:23:46.471088-05:00,2026-02-14 02:12:48.531622-05:00,NSC-DIRECT,2026-02-06 09:28:42.276779-05:00,2026-02-18 13:34:22.588409-05:00
355,355,TERM_LOAN,81000.00,DECLINED,2026-02-06 13:14:21.944357-05:00,2026-02-17 02:07:38.869429-05:00,,2026-02-05 14:07:33.181829-05:00,2026-02-16 21:23:18.516560-05:00
356,356,TERM_LOAN,105000.00,FUNDED,2026-02-06 13:56:17.543470-05:00,2026-02-13 02:05:33.907632-05:00,,2026-02-04 13:05:16.282024-05:00,2026-02-17 10:59:26.709261-05:00
357,357,TERM_LOAN,93000.00,APPROVED,2026-02-06 14:09:02.786029-05:00,2026-02-17 09:25:57.479884-05:00,NSC-DIRECT,2026-02-04 08:47:25.122189-05:00,2026-02-17 07:17:09.881094-05:00
358,358,TERM_LOAN,100000.00,FUNDED,2026-02-06 13:47:18.686665-05:00,2026-02-20 02:28:49.830796-05:00,,2026-02-06 14:02:53.858614-05:00,2026-02-22 00:41:52.162656-05:00
359,359,LOC,225000.00,DECLINED,2026-02-06 14:30:02.185263-05:00,2026-03-10 05:48:29.039925-05:00,,2026-02-06 07:02:48.030091-05:00,2026-03-10 04:42:49.730736-05:00
360,360,EQUIPMENT,475000.00,FUNDED,2026-02-06 13:03:21.297051-05:00,2026-02-25 02:12:39.732225-05:00,1,2026-02-05 12:28:26.466937-05:00,2026-03-01 06:44:03.982742-05:00
361,361,LOC,43000.00,PENDING_INFO,2026-02-06 15:06:59.479612-05:00,,1,2026-02-02 19:58:48.069935-05:00,2026-02-18 01:40:55.264111-05:00
362,362,LOC,190000.00,APPROVED,2026-02-06 15:23:06.520416-05:00,2026-02-18 09:05:21.052645-05:00,bayline,2026-02-06 02:30:14.780690-05:00,2026-02-18 07:28:59.487163-05:00
363,363,TERM_LOAN,575000.00,FUNDED,2026-02-06 15:29:23.303313-05:00,2026-02-12 02:22:23.573163-05:00,,2026-02-05 08:51:16.461233-05:00,2026-02-14 23:30:26.459199-05:00
364,364,TERM_LOAN,445000.00,DRAFT,,,NSC-DIRECT,2026-02-07 05:46:46.814452-05:00,2026-02-07 05:46:46.814452-05:00
365,365,TERM_LOAN,79000.00,FUNDED,2026-02-06 15:49:32.626478-05:00,2026-02-11 05:44:58.198344-05:00,1,2026-02-05 05:23:31.559282-05:00,2026-02-15 06:06:59.551200-05:00
366,366,TERM_LOAN,655000.00,DOCS_REQUESTED,2026-02-06 15:27:31.641014-05:00,,1,2026-02-06 09:51:51.007986-05:00,2026-02-06 17:30:52.552032-05:00
367,367,SBA_7A,810000.00,DECLINED,,2026-02-18 13:32:53.584296-05:00,CASCADE-FUNDING,2026-01-14 07:32:07.037429-05:00,2026-02-18 14:20:07.496422-05:00
368,368,TERM_LOAN,225000.00,DOCS_REQUESTED,2026-02-06 16:47:32.049298-05:00,,NSC_DIRECT,2026-02-04 23:21:37.430535-05:00,2026-02-06 19:12:05.843209-05:00
369,369,EQUIPMENT,115000.00,FUNDED,2026-02-06 16:59:35.919353-05:00,2026-02-14 02:06:55.319151-05:00,,2026-02-02 20:48:31.708192-05:00,2026-02-21 03:40:02.652888-05:00
370,370,TERM_LOAN,125000.00,WITHDRAWN,2026-02-06 17:06:45.849785-05:00,,,2026-02-06 11:45:17.521260-05:00,2026-03-04 03:43:32.880361-05:00
371,371,SBA_7A,170000.00,FUNDED,2026-02-06 17:41:13.694420-05:00,2026-02-21 02:32:16.329998-05:00,,2026-02-05 10:52:29.399036-05:00,2026-02-25 01:39:29.097716-05:00
372,372,TERM_LOAN,69000.00,FUNDED,2026-02-06 17:40:02.982048-05:00,2026-02-16 17:01:52.760298-05:00,NSC_DIRECT,2026-02-05 08:40:12.190121-05:00,2026-02-19 20:18:41.583840-05:00
373,373,EQUIPMENT,48000.00,DECLINED,2026-02-06 17:28:59.917417-05:00,2026-02-27 11:02:57.580926-05:00,,2026-02-06 09:30:10.546796-05:00,2026-02-27 09:35:54.051989-05:00
374,374,TERM_LOAN,40000.00,FUNDED,2026-02-06 17:58:21.796036-05:00,2026-02-12 02:05:49.445908-05:00,NSC-DIRECT,2026-02-05 11:34:47.784090-05:00,2026-02-24 12:33:42.379419-05:00
375,375,TERM_LOAN,80000.00,APPROVED,2026-02-06 18:03:46.842048-05:00,2026-02-16 02:06:48.655264-05:00,,2026-02-06 11:57:44.240448-05:00,2026-02-15 00:44:00.193313-05:00
376,376,TERM_LOAN,705000.00,FUNDED,2026-02-06 18:55:19.478369-05:00,2026-02-12 08:47:19.533533-05:00,,2026-02-03 08:24:13.759063-05:00,2026-02-14 18:36:14.341292-05:00
377,377,TERM_LOAN,235000.00,APPROVED,2026-02-06 19:14:59.868426-05:00,2026-02-16 02:05:49.835302-05:00,CASCADE-FUNDING,2026-02-01 05:32:24.802107-05:00,2026-02-15 07:25:57.751548-05:00
378,378,TERM_LOAN,290000.00,FUNDED,2026-02-06 20:46:33.751560-05:00,2026-02-20 04:09:52.150552-05:00,bayline,2026-02-05 21:15:09.973856-05:00,2026-02-24 23:51:46.744823-05:00
379,379,LOC,25000.00,DECLINED,2026-02-06 22:14:47.831866-05:00,2026-02-13 18:01:47.211366-05:00,NSC-DIRECT,2026-02-06 09:57:56.269223-05:00,2026-02-13 14:51:44.813464-05:00
380,380,TERM_LOAN,200000.00,DECLINED,2026-02-06 23:26:06.805238-05:00,2026-02-18 02:19:30.681530-05:00,,2026-02-04 05:48:11.729424-05:00,2026-02-17 16:01:38.178883-05:00
381,381,LOC,30000.00,DECLINED,2026-02-07 05:27:44.500315-05:00,2026-02-18 16:33:27.975533-05:00,NSC-DIRECT,2026-02-03 16:27:09.726512-05:00,2026-02-18 16:36:57.583788-05:00
382,382,TERM_LOAN,96000.00,APPROVED,2026-02-07 06:29:58.742821-05:00,2026-02-13 13:37:12.154016-05:00,,2026-02-05 07:32:01.741931-05:00,2026-02-13 11:43:03.290674-05:00
383,383,EQUIPMENT,545000.00,FUNDED,2026-02-07 07:13:38.153268-05:00,2026-02-16 02:35:03.655996-05:00,,2026-02-06 20:41:20.095451-05:00,2026-02-23 10:18:11.243590-05:00
384,384,LOC,220000.00,DECLINED,2026-02-07 09:49:47.194767-05:00,,NSC_DIRECT,2026-02-07 04:49:03.348875-05:00,2026-02-17 21:46:18.925432-05:00
385,385,TERM_LOAN,140000.00,FUNDED,2026-02-07 09:41:28.436109-05:00,2026-02-14 00:00:25.870271-05:00,,2026-02-07 07:10:23.322817-05:00,2026-02-22 13:32:46.109114-05:00
386,386,LOC,375000.00,FUNDED,2026-02-07 10:50:23.508171-05:00,2026-02-11 17:40:25.336054-05:00,1,2026-02-04 09:54:32.840156-05:00,2026-02-16 22:43:19.565302-05:00
387,387,TERM_LOAN,105000.00,DECLINED,2026-02-07 12:33:29.538488-05:00,2026-02-20 08:37:43.932531-05:00,,2026-02-07 02:23:26.299776-05:00,2026-02-20 06:59:16.587566-05:00
388,388,TERM_LOAN,340000.00,DECLINED,2026-02-07 12:57:55.098298-05:00,2026-02-21 01:23:59.948140-05:00,,2026-02-05 19:50:11.266012-05:00,2026-02-21 01:12:02.544560-05:00
389,389,LOC,59000.00,DECLINED,2026-02-07 13:46:56.268702-05:00,,,2026-02-04 13:57:46.344533-05:00,2026-02-15 00:36:06.799464-05:00
390,390,SBA_7A,340000.00,DECLINED,2026-02-07 12:42:03.510834-05:00,2026-02-20 16:30:38.975984-05:00,,2026-02-07 06:20:16.187735-05:00,2026-02-20 16:02:35.266289-05:00
391,391,TERM_LOAN,40000.00,FUNDED,2026-02-07 14:39:00.979138-05:00,2026-02-14 19:50:49.353828-05:00,bayline,2026-02-06 23:31:05.583682-05:00,2026-02-17 13:13:25.085606-05:00
392,392,TERM_LOAN,240000.00,DECLINED,2026-02-07 14:54:02.080720-05:00,2026-02-15 02:32:23.622727-05:00,,2026-02-03 02:03:33.902890-05:00,2026-02-14 14:35:25.430984-05:00
393,393,TERM_LOAN,55000.00,FUNDED,2026-02-07 16:39:23.364854-05:00,2026-02-17 02:34:11.409446-05:00,CASCADE-FUNDING,2026-02-06 21:43:24.132740-05:00,2026-02-19 21:53:15.172922-05:00
394,394,EQUIPMENT,83000.00,DECLINED,2026-02-08 04:21:58.243291-05:00,2026-02-22 23:18:55.084337-05:00,,2026-02-07 21:17:27.833471-05:00,2026-02-22 20:16:03.483782-05:00
395,395,SBA_7A,825000.00,PENDING_INFO,2026-02-08 06:20:26.289718-05:00,,2,2026-02-07 00:19:50.633757-05:00,2026-02-12 09:02:17.065438-05:00
396,396,LOC,56000.00,DRAFT,,,BAY,2026-02-04 14:39:45.680850-05:00,2026-02-04 14:39:45.680850-05:00
397,397,TERM_LOAN,62000.00,DECLINED,2026-02-09 02:10:00.672622-05:00,2026-02-15 02:07:32.751067-05:00,BAY,2026-02-07 21:32:44.068141-05:00,2026-02-14 22:28:41.278780-05:00
398,398,LOC,215000.00,FUNDED,2026-02-08 15:19:09.843911-05:00,2026-03-01 11:00:19.315136-05:00,bayline,2026-02-08 03:14:47.546248-05:00,2026-03-06 01:54:27.851634-05:00
399,399,LOC,41000.00,DECLINED,2026-02-08 19:23:54.486479-05:00,2026-02-26 02:17:21.357872-05:00,,2026-02-08 18:25:14.695551-05:00,2026-02-25 23:55:18.910045-05:00
400,400,TERM_LOAN,170000.00,FUNDED,2026-02-08 23:14:43.972517-05:00,2026-02-14 07:07:23.320347-05:00,3,2026-02-08 14:10:25.044080-05:00,2026-02-15 11:09:18.413211-05:00
401,401,TERM_LOAN,67000.00,APPROVED,2026-02-08 23:42:30.011940-05:00,2026-02-15 02:36:07.945141-05:00,bayline,2026-02-08 05:37:46.914230-05:00,2026-02-14 22:46:02.873912-05:00
402,402,TERM_LOAN,83000.00,FUNDED,2026-02-09 00:19:23.464689-05:00,2026-03-02 18:33:46.033833-05:00,,2026-02-08 17:21:54.647873-05:00,2026-03-06 08:28:02.242638-05:00
403,403,EQUIPMENT,480000.00,WITHDRAWN,2026-02-09 01:12:48.160191-05:00,,,2026-02-08 22:07:50.922953-05:00,2026-02-16 10:56:15.439734-05:00
404,404,TERM_LOAN,600000.00,FUNDED,2026-02-09 01:41:14.173529-05:00,2026-02-17 02:39:26.312165-05:00,BAY,2026-02-08 16:43:50.405519-05:00,2026-02-18 04:07:25.511904-05:00
405,405,SBA_7A,2140000.00,FUNDED,2026-02-09 02:26:09.520481-05:00,2026-02-21 00:26:15.379697-05:00,CASCADE-FUNDING,2026-02-08 16:00:15.187428-05:00,2026-02-27 23:26:10.134525-05:00
406,406,SBA_7A,395000.00,FUNDED,2026-02-09 04:07:04.311113-05:00,2026-02-17 02:42:39.015257-05:00,,2026-02-06 11:40:13.669698-05:00,2026-02-18 00:48:43.700474-05:00
407,407,TERM_LOAN,550000.00,DECLINED,2026-02-09 03:47:59.208959-05:00,2026-02-18 23:31:24.479720-05:00,,2026-02-08 15:01:27.279139-05:00,2026-02-18 21:23:13.974917-05:00
408,408,EQUIPMENT,71000.00,DECLINED,2026-02-10 02:10:00.461586-05:00,2026-02-25 03:36:36.398122-05:00,NSC-DIRECT,2026-02-08 14:26:13.313041-05:00,2026-02-25 00:03:12.966724-05:00
409,409,TERM_LOAN,61000.00,WITHDRAWN,2026-02-09 06:08:04.251284-05:00,,,2026-02-08 16:16:14.384549-05:00,2026-03-10 20:02:08.619777-05:00
410,410,SBA_7A,315000.00,FUNDED,2026-02-09 06:16:26.973096-05:00,2026-02-18 02:43:07.193810-05:00,,2026-01-28 00:27:57.891563-05:00,2026-02-20 19:56:49.923343-05:00
411,411,TERM_LOAN,53000.00,DECLINED,2026-02-09 06:52:25.455156-05:00,2026-02-18 14:28:49.568182-05:00,,2026-02-06 04:50:41.287576-05:00,2026-02-18 11:27:31.174713-05:00
412,412,LOC,28000.00,DECLINED,2026-02-09 06:35:42.711927-05:00,2026-02-16 02:17:22.935412-05:00,BAY,2026-02-08 05:15:26.328555-05:00,2026-02-15 17:42:40.785139-05:00
413,413,TERM_LOAN,39000.00,DECLINED,,2026-02-20 02:43:30.365285-05:00,,2026-02-03 21:51:11.771413-05:00,2026-02-19 05:36:15.891295-05:00
414,414,TERM_LOAN,690000.00,FUNDED,2026-02-10 02:10:00.804366-05:00,2026-02-14 02:08:02.671506-05:00,,2026-02-07 06:34:11.411367-05:00,2026-02-18 19:33:57.640321-05:00
415,415,SBA_7A,360000.00,FUNDED,2026-02-09 07:06:58.169304-05:00,,BAY,2026-02-08 18:45:17.609727-05:00,2026-02-21 18:26:21.692936-05:00
416,416,LOC,360000.00,FUNDED,2026-02-09 08:09:09.446577-05:00,2026-02-23 02:41:03.898816-05:00,CASCADE-FUNDING,2026-02-08 13:23:36.427704-05:00,2026-02-27 22:01:24.802577-05:00
417,417,LOC,110000.00,DECLINED,2026-02-09 07:59:18.301580-05:00,2026-03-08 02:29:02.774348-05:00,bayline,2026-02-06 05:08:14.200871-05:00,2026-03-07 11:03:33.347953-05:00
418,418,LOC,44000.00,DECLINED,2026-02-09 08:41:48.908095-05:00,2026-02-23 21:20:36.628633-05:00,1,2026-02-08 04:57:00.088868-05:00,2026-02-23 19:20:34.104808-05:00
419,419,LOC,54000.00,FUNDED,2026-02-09 09:00:39.446846-05:00,2026-02-25 02:22:08.294345-05:00,,2026-02-08 02:18:14.263439-05:00,2026-03-02 00:09:35.046433-05:00
420,420,TERM_LOAN,700000.00,APPROVED,,2026-02-13 02:22:17.191262-05:00,,2026-02-08 22:21:04.568521-05:00,2026-02-12 20:55:44.613444-05:00
421,421,TERM_LOAN,235000.00,FUNDED,2026-02-09 09:09:27.364946-05:00,2026-03-20 00:07:14.695789-05:00,,2026-02-06 15:30:34.848494-05:00,2026-03-22 00:43:22.318115-05:00
422,422,EQUIPMENT,100000.00,WITHDRAWN,2026-02-09 09:24:53.148168-05:00,,NSC-DIRECT,2026-02-09 05:01:32.483186-05:00,2026-02-18 10:04:28.363513-05:00
423,423,LOC,96000.00,DECLINED,2026-02-09 09:48:07.812092-05:00,2026-03-04 02:33:10.444050-05:00,,2026-02-07 00:18:12.075052-05:00,2026-03-03 12:27:47.547958-05:00
424,424,SBA_7A,930000.00,APPROVED,2026-02-09 09:50:32.502161-05:00,2026-02-15 05:29:26.406606-05:00,CSC,2026-02-02 01:39:30.259148-05:00,2026-02-15 02:20:24.615744-05:00
425,425,EQUIPMENT,290000.00,DECLINED,2026-02-09 09:58:06.841435-05:00,2026-02-22 21:49:41.375416-05:00,,2026-02-08 22:48:51.972425-05:00,2026-02-22 21:25:22.717536-05:00
426,426,TERM_LOAN,80000.00,DOCS_REQUESTED,2026-02-09 10:10:10.088167-05:00,,BAY,2026-02-07 06:51:15.806760-05:00,2026-02-09 12:30:15.966357-05:00
427,427,TERM_LOAN,45000.00,WITHDRAWN,2026-02-08 18:40:47.679696-05:00,,CSC,2026-02-09 01:54:38.641328-05:00,2026-02-13 02:03:46.960901-05:00
428,428,TERM_LOAN,120000.00,DECLINED,2026-02-09 10:54:08.847827-05:00,2026-02-18 02:22:01.329101-05:00,BAY,2026-02-07 18:48:27.662159-05:00,2026-02-17 00:54:53.069353-05:00
429,429,TERM_LOAN,270000.00,DRAFT,,,1,2026-02-04 04:41:01.325881-05:00,2026-02-04 04:41:01.325881-05:00
430,430,TERM_LOAN,320000.00,DECLINED,,2026-02-15 03:38:21.805126-05:00,,2026-02-08 05:01:15.277818-05:00,2026-02-14 23:56:49.271463-05:00
431,431,LOC,92000.00,DECLINED,2026-02-09 09:23:47.459206-05:00,2026-02-27 09:47:12.950847-05:00,CASCADE-FUNDING,2026-02-09 06:51:47.235216-05:00,2026-02-27 10:19:12.766636-05:00
432,432,TERM_LOAN,570000.00,DECLINED,2026-02-10 02:10:00.298026-05:00,2026-02-22 02:43:39.333917-05:00,,2026-02-05 23:29:11.172588-05:00,2026-02-21 00:44:45.577873-05:00
433,433,TERM_LOAN,265000.00,WITHDRAWN,2026-02-09 11:30:46.241596-05:00,,,2026-02-09 10:17:29.431745-05:00,2026-03-17 12:34:58.820574-05:00
434,434,TERM_LOAN,180000.00,FUNDED,2026-02-09 11:39:43.164991-05:00,2026-03-03 02:44:44.908440-05:00,,2026-02-07 20:27:56.499605-05:00,2026-03-14 17:23:16.209945-05:00
435,435,TERM_LOAN,80000.00,FUNDED,2026-02-09 11:39:47.048474-05:00,2026-03-04 02:05:00.850401-05:00,,2026-02-09 07:47:45.799581-05:00,2026-03-06 00:26:11.163789-05:00
436,436,EQUIPMENT,52000.00,FUNDED,2026-02-09 11:14:01.139633-05:00,2026-02-16 17:14:42.009367-05:00,,2026-02-08 22:43:16.428955-05:00,2026-02-21 13:15:26.985435-05:00
437,437,LOC,60000.00,DECLINED,2026-02-09 11:56:01.634481-05:00,,CASCADE-FUNDING,2026-02-04 16:02:11.383579-05:00,2026-02-21 20:02:46.796757-05:00
438,438,EQUIPMENT,140000.00,FUNDED,2026-02-09 10:51:38.282906-05:00,,NSC-DIRECT,2026-02-08 14:42:14.137824-05:00,2026-02-22 03:45:17.978612-05:00
439,439,LOC,230000.00,DECLINED,2026-02-09 12:14:52.966721-05:00,2026-02-20 02:44:43.893038-05:00,NSC_DIRECT,2026-02-08 12:29:37.617185-05:00,2026-02-19 01:06:47.318533-05:00
440,440,TERM_LOAN,375000.00,FUNDED,2026-02-09 12:24:26.926413-05:00,2026-02-17 02:31:25.629757-05:00,NSC-DIRECT,2026-02-09 05:35:04.603238-05:00,2026-02-20 09:02:00.198073-05:00
441,441,EQUIPMENT,110000.00,APPROVED,2026-02-09 13:07:01.132128-05:00,2026-04-21 00:27:06.608123-05:00,NSC_DIRECT,2026-02-08 09:57:22.443503-05:00,2026-04-20 21:34:27.687041-05:00
442,442,SBA_7A,525000.00,FUNDED,2026-02-09 12:10:12.312142-05:00,2026-02-13 02:32:31.371368-05:00,,2026-02-06 12:24:18.556811-05:00,2026-02-17 06:25:20.391900-05:00
443,443,SBA_7A,515000.00,FUNDED,2026-02-09 12:43:25.074880-05:00,,CASCADE-FUNDING,2026-02-08 12:49:54.115311-05:00,2026-02-12 17:28:54.767887-05:00
444,444,LOC,120000.00,FUNDED,2026-02-09 12:18:00.209985-05:00,2026-02-17 02:47:11.808071-05:00,,2026-01-27 19:05:10.252299-05:00,2026-02-17 22:20:54.253482-05:00
445,445,TERM_LOAN,475000.00,DECLINED,2026-02-09 12:54:45.210379-05:00,,NSC-DIRECT,2026-02-09 01:05:30.247826-05:00,2026-02-16 15:15:12.923556-05:00
446,446,EQUIPMENT,51000.00,PENDING_INFO,2026-02-09 12:31:26.510169-05:00,,,2026-02-08 20:40:13.257781-05:00,2026-02-11 18:00:19.212271-05:00
447,447,TERM_LOAN,100000.00,FUNDED,2026-02-09 13:20:30.472698-05:00,2026-02-28 02:11:58.422155-05:00,,2026-02-06 02:56:15.587629-05:00,2026-03-11 21:18:26.682964-05:00
448,448,EQUIPMENT,77000.00,DECLINED,2026-02-09 14:01:53.768639-05:00,2026-02-27 02:45:47.745213-05:00,,2026-02-08 22:48:00.498453-05:00,2026-02-26 06:01:12.045232-05:00
449,449,LOC,71000.00,DECLINED,2026-02-09 14:14:32.580291-05:00,2026-02-17 02:37:37.269991-05:00,,2026-02-07 04:16:08.440454-05:00,2026-02-16 06:42:05.175322-05:00
450,450,SBA_7A,330000.00,DECLINED,2026-02-09 12:42:37.587731-05:00,,NSC-DIRECT,2026-02-05 19:59:52.165506-05:00,2026-02-13 09:00:40.964385-05:00
451,451,TERM_LOAN,205000.00,FUNDED,2026-02-09 14:22:28.036142-05:00,2026-03-04 06:09:21.347208-05:00,2,2026-02-08 15:51:43.493507-05:00,2026-03-10 10:52:02.577922-05:00
452,452,LOC,45000.00,FUNDED,2026-02-09 14:16:52.768329-05:00,2026-02-16 02:06:56.924370-05:00,,2026-02-07 22:32:10.333903-05:00,2026-02-16 22:17:10.963046-05:00
453,453,EQUIPMENT,120000.00,FUNDED,2026-02-09 14:51:58.541878-05:00,2026-02-12 02:35:53.849313-05:00,BAY,2026-02-08 08:03:01.436441-05:00,2026-02-17 08:20:01.581793-05:00
454,454,EQUIPMENT,215000.00,DOCS_REQUESTED,2026-02-09 11:39:03.877636-05:00,,CASCADE-FUNDING,2026-02-08 06:55:19.640790-05:00,2026-02-09 16:29:27.235052-05:00
455,455,LOC,92000.00,DECLINED,2026-02-09 15:13:25.790290-05:00,2026-02-24 02:15:31.101769-05:00,,2026-02-08 00:13:46.331962-05:00,2026-02-23 10:08:46.951941-05:00
456,456,SBA_7A,710000.00,FUNDED,2026-02-09 15:15:28.571994-05:00,2026-02-19 23:06:04.386547-05:00,,2026-02-08 22:43:55.416416-05:00,2026-02-23 04:35:04.426477-05:00
457,457,EQUIPMENT,57000.00,DOCS_REQUESTED,2026-02-09 14:48:09.029799-05:00,,,2026-02-08 09:05:14.775560-05:00,2026-02-10 00:44:02.249609-05:00
458,458,TERM_LOAN,47000.00,FUNDED,2026-02-09 14:34:22.327882-05:00,2026-02-21 02:31:31.453464-05:00,CASCADE-FUNDING,2026-02-08 21:52:36.715571-05:00,2026-02-22 13:31:09.309922-05:00
459,459,SBA_7A,405000.00,FUNDED,2026-02-09 16:24:44.344165-05:00,2026-02-14 02:35:17.482641-05:00,,2026-02-09 05:43:19.981389-05:00,2026-02-23 19:00:27.868233-05:00
460,460,SBA_7A,450000.00,DECLINED,2026-02-09 17:09:20.495320-05:00,2026-02-24 20:07:39.342467-05:00,1,2026-02-09 12:11:53.458331-05:00,2026-02-24 17:59:46.122529-05:00
461,461,EQUIPMENT,495000.00,WITHDRAWN,2026-02-09 15:19:44.993435-05:00,,,2026-02-09 13:03:09.546583-05:00,2026-03-07 00:53:33.018797-05:00
462,462,TERM_LOAN,83000.00,WITHDRAWN,2026-02-09 17:24:08.380547-05:00,,,2026-02-09 15:21:38.545406-05:00,2026-03-08 19:29:40.736123-05:00
463,463,LOC,335000.00,APPROVED,2026-02-09 17:33:39.460886-05:00,2026-03-14 03:03:30.980441-05:00,,2026-02-06 21:45:08.357111-05:00,2026-03-14 02:23:57.458592-05:00
464,464,TERM_LOAN,73000.00,FUNDED,2026-02-09 17:52:37.172416-05:00,2026-02-18 02:38:20.544717-05:00,,2026-02-06 22:39:27.431475-05:00,2026-02-21 07:24:20.558835-05:00
465,465,SBA_7A,435000.00,DECLINED,2026-02-09 17:35:35.562496-05:00,2026-02-26 03:32:20.832767-05:00,NSC_DIRECT,2026-02-07 18:13:41.416220-05:00,2026-02-26 01:49:19.472571-05:00
466,466,TERM_LOAN,145000.00,PENDING_INFO,2026-02-09 17:16:56.439122-05:00,,,2026-02-09 00:18:18.879633-05:00,2026-02-19 14:10:51.132816-05:00
467,467,LOC,225000.00,WITHDRAWN,2026-02-09 18:32:32.121041-05:00,,,2026-02-06 13:34:26.116206-05:00,2026-02-17 09:45:07.440487-05:00
468,468,EQUIPMENT,425000.00,APPROVED,2026-02-09 19:32:09.204662-05:00,2026-02-15 01:44:12.343397-05:00,,2026-02-07 19:20:48.524625-05:00,2026-02-14 22:50:25.064643-05:00
469,469,TERM_LOAN,665000.00,DECLINED,2026-02-09 19:14:42.861641-05:00,,,2026-02-08 08:51:47.314940-05:00,2026-02-24 23:59:12.674229-05:00
470,470,TERM_LOAN,345000.00,DECLINED,2026-02-09 19:55:32.295006-05:00,2026-02-18 02:46:49.900505-05:00,,2026-02-08 08:51:58.255507-05:00,2026-02-17 16:05:25.566798-05:00
471,471,TERM_LOAN,495000.00,FUNDED,2026-02-09 20:10:30.715809-05:00,2026-02-12 06:37:33.559006-05:00,,2026-02-08 23:43:27.309654-05:00,2026-02-16 17:08:13.996146-05:00
472,472,SBA_7A,225000.00,FUNDED,2026-02-08 23:35:21.262403-05:00,2026-02-17 00:05:48.736675-05:00,BAY,2026-02-07 16:02:51.284777-05:00,2026-02-26 13:20:26.432873-05:00
473,473,LOC,38000.00,FUNDED,2026-02-10 02:10:00.934502-05:00,2026-03-03 08:33:53.195379-05:00,BAY,2026-02-08 18:06:00.925428-05:00,2026-03-09 20:44:45.886811-05:00
474,474,LOC,62000.00,PENDING_INFO,2026-02-09 23:25:01.723430-05:00,,,2026-02-06 01:58:11.897847-05:00,2026-02-18 12:25:08.485931-05:00
475,475,SBA_7A,265000.00,FUNDED,2026-02-10 00:05:08.468054-05:00,2026-03-01 07:46:39.994252-05:00,bayline,2026-02-09 19:42:27.616678-05:00,2026-03-05 18:41:18.430572-05:00
476,476,TERM_LOAN,245000.00,WITHDRAWN,2026-02-10 01:02:46.382537-05:00,,CASCADE-FUNDING,2026-02-06 11:51:07.265529-05:00,2026-03-06 12:47:33.556407-05:00
477,477,LOC,67000.00,FUNDED,2026-02-10 01:27:29.565840-05:00,2026-03-25 02:42:29.924773-05:00,,2026-02-09 23:55:46.123822-05:00,2026-03-27 00:16:14.852474-05:00
478,478,TERM_LOAN,53000.00,FUNDED,2026-02-10 03:15:27.973166-05:00,2026-02-21 02:45:13.948286-05:00,,2026-02-01 11:53:27.476183-05:00,2026-02-25 19:33:13.369690-05:00
479,479,SBA_7A,2105000.00,DECLINED,2026-02-10 03:43:53.809766-05:00,2026-02-13 03:17:39.275753-05:00,CASCADE-FUNDING,2026-02-09 19:06:35.576844-05:00,2026-02-13 02:43:17.284578-05:00
480,480,LOC,135000.00,APPROVED,2026-02-10 04:34:08.337238-05:00,2026-02-13 02:25:11.283030-05:00,BAY,2026-02-02 04:28:44.534682-05:00,2026-02-12 12:22:49.847436-05:00
481,481,TERM_LOAN,65000.00,DECLINED,2026-02-10 05:42:56.123447-05:00,2026-03-02 12:52:18.995398-05:00,,2026-02-06 02:28:01.595485-05:00,2026-03-02 11:46:53.952528-05:00
482,482,TERM_LOAN,71000.00,FUNDED,2026-02-10 06:02:25.144590-05:00,2026-02-24 07:15:40.553858-05:00,BAY,2026-02-09 17:28:28.697670-05:00,2026-02-25 05:35:04.304831-05:00
483,483,TERM_LOAN,285000.00,DECLINED,2026-02-10 06:39:53.123695-05:00,2026-02-27 02:49:03.093642-05:00,,2026-02-10 05:00:14.197004-05:00,2026-02-26 00:20:46.229894-05:00
484,484,LOC,89000.00,DOCS_REQUESTED,,,NSC-DIRECT,2026-02-09 19:16:34.775597-05:00,2026-02-10 10:03:57.544976-05:00
485,485,TERM_LOAN,375000.00,WITHDRAWN,2026-02-10 07:13:56.373522-05:00,,,2026-02-09 12:07:31.212264-05:00,2026-03-06 06:39:03.425148-05:00
486,486,EQUIPMENT,255000.00,DECLINED,2026-02-10 08:12:18.057027-05:00,2026-03-01 02:38:59.186064-05:00,,2026-02-06 06:52:21.606643-05:00,2026-02-28 19:51:57.095645-05:00
487,487,TERM_LOAN,460000.00,FUNDED,2026-02-10 08:38:28.146141-05:00,2026-03-10 14:49:27.741450-05:00,,2026-02-10 00:09:03.134947-05:00,2026-03-14 11:26:03.012056-05:00
488,488,TERM_LOAN,64000.00,WITHDRAWN,2026-02-10 07:25:30.638043-05:00,,,2026-02-09 20:43:11.896504-05:00,2026-03-21 05:42:57.690516-05:00
489,489,SBA_7A,770000.00,FUNDED,2026-02-10 08:40:26.037762-05:00,2026-02-20 11:16:17.276419-05:00,,2026-02-09 09:24:18.897591-05:00,2026-03-01 12:06:18.299400-05:00
490,490,EQUIPMENT,760000.00,PENDING_INFO,2026-02-10 09:22:24.279395-05:00,,1,2026-02-09 22:45:16.895986-05:00,2026-02-19 03:30:34.807250-05:00
491,491,LOC,185000.00,DECLINED,2026-02-10 09:06:01.017978-05:00,2026-02-19 12:34:02.474064-05:00,NSC-DIRECT,2026-02-08 10:55:51.599251-05:00,2026-02-19 12:14:17.313328-05:00
492,492,TERM_LOAN,350000.00,FUNDED,2026-02-11 02:10:00.934585-05:00,2026-02-22 15:57:23.772715-05:00,,2026-02-10 09:26:57.144388-05:00,2026-02-26 11:04:58.169778-05:00
493,493,TERM_LOAN,99000.00,FUNDED,2026-02-10 08:52:34.504020-05:00,,,2026-02-02 07:26:58.986631-05:00,2026-03-02 10:50:08.070311-05:00
494,494,EQUIPMENT,415000.00,WITHDRAWN,2026-02-10 09:36:59.609018-05:00,,,2026-02-10 02:24:16.864574-05:00,2026-03-20 21:54:42.998760-05:00
495,495,TERM_LOAN,130000.00,DECLINED,2026-02-10 09:56:49.346427-05:00,2026-02-18 02:14:00.400921-05:00,,2026-02-09 02:36:51.501411-05:00,2026-02-17 00:44:14.252875-05:00
496,496,TERM_LOAN,660000.00,FUNDED,2026-02-10 10:15:14.358714-05:00,,,2026-02-10 09:10:36.453137-05:00,2026-02-23 20:39:56.168364-05:00
497,497,TERM_LOAN,230000.00,FUNDED,2026-02-10 10:46:12.769868-05:00,2026-02-19 08:17:38.088198-05:00,,2026-02-09 23:49:02.341077-05:00,2026-02-28 13:50:21.442391-05:00
498,498,SBA_7A,460000.00,FUNDED,2026-02-10 11:03:02.058953-05:00,2026-03-16 02:35:51.345528-05:00,,2026-02-09 10:27:30.157703-05:00,2026-03-18 07:53:55.629390-05:00
499,499,EQUIPMENT,140000.00,DECLINED,2026-02-10 10:30:31.752075-05:00,,,2026-02-09 10:02:55.452632-05:00,2026-02-18 16:45:38.953920-05:00
500,500,LOC,220000.00,DECLINED,2026-02-10 10:23:06.952087-05:00,2026-02-14 02:07:53.738239-05:00,CSC,2026-02-09 04:59:24.320404-05:00,2026-02-13 01:10:25.442088-05:00
501,501,LOC,54000.00,PENDING_INFO,2026-02-10 11:11:29.194854-05:00,,NSC-DIRECT,2026-02-09 12:37:45.173831-05:00,2026-03-09 15:29:23.917551-05:00
502,502,TERM_LOAN,68000.00,FUNDED,2026-02-10 11:18:11.102082-05:00,2026-02-19 02:30:39.957818-05:00,1,2026-02-08 14:29:43.776944-05:00,2026-02-21 23:11:40.729791-05:00
503,503,TERM_LOAN,290000.00,DECLINED,2026-02-08 22:32:33.664272-05:00,,,2026-02-07 08:18:38.774980-05:00,2026-03-13 04:10:01.310144-05:00
504,504,LOC,42000.00,FUNDED,2026-02-10 10:38:52.698974-05:00,2026-02-19 20:56:10.479899-05:00,,2026-02-09 12:08:34.192191-05:00,2026-02-21 22:50:51.945234-05:00
505,505,TERM_LOAN,155000.00,FUNDED,2026-02-10 11:26:13.913160-05:00,2026-02-14 02:39:37.818637-05:00,bayline,2026-02-09 18:24:12.394380-05:00,2026-02-17 10:23:11.948485-05:00
506,506,TERM_LOAN,110000.00,FUNDED,2026-02-08 22:11:22.271901-05:00,2026-03-20 21:02:47.525022-05:00,,2026-02-09 15:23:22.847914-05:00,2026-03-25 13:24:11.871528-05:00
507,507,LOC,51000.00,FUNDED,2026-02-10 11:59:31.957994-05:00,2026-02-16 22:54:46.229054-05:00,,2026-02-09 08:02:53.104393-05:00,2026-02-18 18:33:41.718398-05:00
508,508,SBA_7A,565000.00,DOCS_REQUESTED,2026-02-10 12:42:29.141973-05:00,,CASCADE-FUNDING,2026-02-09 13:47:42.913658-05:00,2026-02-10 13:55:54.226632-05:00
509,509,LOC,105000.00,APPROVED,2026-02-10 12:18:31.987114-05:00,2026-02-25 15:25:51.363528-05:00,1,2026-02-09 18:08:56.805587-05:00,2026-02-25 14:32:23.587336-05:00
510,510,TERM_LOAN,220000.00,DOCS_REQUESTED,2026-02-10 12:08:36.893514-05:00,,,2026-02-07 19:58:39.184551-05:00,2026-02-10 15:07:59.808124-05:00
511,511,TERM_LOAN,715000.00,FUNDED,,2026-02-14 02:17:46.636798-05:00,,2026-02-10 02:46:29.292006-05:00,2026-02-19 00:32:16.745797-05:00
512,512,SBA_7A,185000.00,DECLINED,2026-02-10 13:11:03.748955-05:00,2026-03-01 02:39:47.481843-05:00,CASCADE-FUNDING,2026-02-08 00:56:49.015790-05:00,2026-02-28 14:12:28.057343-05:00
513,513,LOC,60000.00,DECLINED,2026-02-10 13:11:13.533250-05:00,2026-02-25 02:12:46.448619-05:00,1,2026-02-10 04:15:34.655134-05:00,2026-02-24 14:25:48.579347-05:00
514,514,LOC,220000.00,FUNDED,2026-02-10 13:26:28.089223-05:00,2026-02-20 16:46:03.252475-05:00,NSC_DIRECT,2026-02-06 08:49:26.820044-05:00,2026-02-23 22:19:47.034323-05:00
515,515,EQUIPMENT,145000.00,WITHDRAWN,2026-02-10 13:11:42.199808-05:00,,1,2026-02-05 14:55:42.028273-05:00,2026-03-09 09:57:37.116325-05:00
516,516,TERM_LOAN,50000.00,DECLINED,2026-02-10 11:29:34.560654-05:00,2026-02-19 06:10:06.863612-05:00,,2026-02-06 16:23:42.612224-05:00,2026-02-19 06:00:18.543752-05:00
517,517,LOC,330000.00,APPROVED,2026-02-10 13:00:05.414673-05:00,2026-02-20 02:47:40.404848-05:00,,2026-02-09 08:20:58.697559-05:00,2026-02-19 23:39:19.893322-05:00
518,518,LOC,41000.00,PENDING_INFO,2026-02-10 13:42:44.524613-05:00,,,2026-02-07 16:32:25.699971-05:00,2026-02-18 06:59:17.790168-05:00
519,519,TERM_LOAN,68000.00,FUNDED,2026-02-10 14:29:41.802136-05:00,2026-02-13 02:25:29.034372-05:00,NSC-DIRECT,2026-02-10 05:20:54.612426-05:00,2026-02-16 16:12:03.418005-05:00
520,520,SBA_7A,1265000.00,DECLINED,2026-02-10 13:56:32.563016-05:00,2026-02-14 12:18:10.460360-05:00,BAY,2026-02-10 06:07:45.622150-05:00,2026-02-14 11:36:30.957739-05:00
521,521,SBA_7A,2305000.00,DECLINED,2026-02-11 02:10:00.638373-05:00,,,2026-02-09 14:38:16.353175-05:00,2026-02-16 22:52:14.737657-05:00
522,522,TERM_LOAN,310000.00,FUNDED,2026-02-10 14:42:19.655434-05:00,2026-02-16 19:08:57.533209-05:00,2,2026-02-10 08:32:31.954347-05:00,2026-02-18 08:09:02.843157-05:00
523,523,EQUIPMENT,44000.00,DECLINED,2026-02-10 13:01:55.333613-05:00,2026-04-06 02:38:31.785886-05:00,,2026-02-10 05:32:14.172524-05:00,2026-04-05 02:29:15.620606-05:00
524,524,LOC,78000.00,WITHDRAWN,2026-02-10 20:24:06.457770-05:00,,1,2026-02-09 16:45:55.180409-05:00,2026-04-14 21:34:44.757618-05:00
525,525,LOC,175000.00,APPROVED,2026-02-10 15:19:45.995821-05:00,2026-02-13 12:20:39.383940-05:00,,2026-02-09 14:28:27.967846-05:00,2026-02-13 12:13:10.245180-05:00
526,526,TERM_LOAN,49000.00,APPROVED,2026-02-10 15:21:58.543321-05:00,2026-02-23 02:06:41.824293-05:00,NSC-DIRECT,2026-02-09 19:57:07.126415-05:00,2026-02-22 11:47:27.584086-05:00
527,527,EQUIPMENT,730000.00,DECLINED,2026-02-10 15:07:57.454154-05:00,,,2026-02-10 09:31:38.550797-05:00,2026-03-04 15:47:12.779306-05:00
528,528,TERM_LOAN,505000.00,DECLINED,2026-02-10 15:07:54.835467-05:00,2026-02-13 08:08:41.355304-05:00,,2026-02-10 03:51:52.171607-05:00,2026-02-13 06:48:39.676199-05:00
529,529,EQUIPMENT,620000.00,FUNDED,2026-02-10 15:22:40.519886-05:00,2026-03-16 02:25:15.221607-05:00,1,2026-02-08 02:43:32.965093-05:00,2026-03-20 14:33:39.651115-05:00
530,530,LOC,345000.00,WITHDRAWN,2026-02-10 15:43:48.634884-05:00,,,2026-02-07 10:25:59.772101-05:00,2026-02-14 03:07:16.859980-05:00
531,531,LOC,180000.00,DECLINED,2026-02-10 16:27:21.585697-05:00,2026-02-24 02:36:01.912264-05:00,,2026-02-10 00:53:49.056000-05:00,2026-02-23 04:23:08.676511-05:00
532,532,LOC,125000.00,DECLINED,2026-02-10 15:33:47.011943-05:00,2026-02-20 02:22:49.683264-05:00,NSC-DIRECT,2026-02-09 23:52:35.264347-05:00,2026-02-19 00:44:10.048967-05:00
533,533,TERM_LOAN,445000.00,FUNDED,2026-02-10 17:15:12.192289-05:00,2026-03-07 03:47:50.762675-05:00,1,2026-02-08 17:21:19.677505-05:00,2026-03-10 06:19:17.555660-05:00
534,534,TERM_LOAN,325000.00,FUNDED,2026-02-10 18:21:51.207375-05:00,2026-02-16 02:05:43.106001-05:00,NSC-DIRECT,2026-02-09 23:22:40.998714-05:00,2026-02-23 06:26:24.080762-05:00
535,535,LOC,34000.00,DECLINED,2026-02-10 18:32:54.233907-05:00,2026-02-14 06:50:31.000427-05:00,2,2026-02-06 02:40:08.688349-05:00,2026-02-14 06:28:09.163280-05:00
536,536,EQUIPMENT,530000.00,FUNDED,2026-02-10 18:46:50.757325-05:00,2026-02-12 02:34:33.040044-05:00,2,2026-02-09 20:14:56.347639-05:00,2026-02-14 22:52:12.766673-05:00
537,537,TERM_LOAN,44000.00,DECLINED,2026-02-10 18:49:40.181424-05:00,2026-03-04 02:10:20.947480-05:00,,2026-02-07 07:20:09.991487-05:00,2026-03-03 10:44:02.760634-05:00
538,538,TERM_LOAN,170000.00,DOCS_REQUESTED,2026-02-10 19:52:09.305941-05:00,,NSC-DIRECT,2026-02-10 04:12:00.983559-05:00,2026-02-10 21:00:22.228990-05:00
539,539,LOC,90000.00,FUNDED,2026-02-10 20:27:28.492864-05:00,2026-02-15 02:11:47.874849-05:00,BAY,2026-02-10 06:41:06.133754-05:00,2026-02-22 02:16:57.282092-05:00
540,540,TERM_LOAN,35000.00,DECLINED,2026-02-10 21:18:02.797313-05:00,,1,2026-02-09 20:35:49.240216-05:00,2026-02-21 13:21:26.741462-05:00
541,541,EQUIPMENT,140000.00,WITHDRAWN,2026-02-10 21:31:23.801941-05:00,,,2026-02-09 08:41:27.159425-05:00,2026-02-17 07:04:02.395010-05:00
542,542,TERM_LOAN,395000.00,DECLINED,2026-02-11 02:10:00.127974-05:00,2026-02-14 02:24:27.804674-05:00,,2026-02-09 09:00:10.595210-05:00,2026-02-13 14:50:20.514885-05:00
543,543,LOC,37000.00,DECLINED,2026-02-11 00:29:48.064955-05:00,2026-02-21 10:43:46.863538-05:00,NSC-DIRECT,2026-02-10 06:17:19.978506-05:00,2026-02-21 10:25:02.573200-05:00
544,544,LOC,120000.00,DECLINED,2026-02-11 00:23:36.764076-05:00,2026-02-21 00:35:25.930749-05:00,NSC-DIRECT,2026-02-09 15:07:50.501314-05:00,2026-02-21 00:41:48.084396-05:00
545,545,TERM_LOAN,49000.00,FUNDED,2026-02-11 01:57:40.853638-05:00,2026-02-20 02:31:00.469805-05:00,,2026-02-09 06:28:44.605940-05:00,2026-02-22 00:15:53.153640-05:00
546,546,EQUIPMENT,695000.00,FUNDED,2026-02-11 02:43:30.622493-05:00,,,2026-02-11 00:05:15.358707-05:00,2026-02-16 12:07:47.086247-05:00
547,547,LOC,245000.00,DECLINED,2026-02-11 03:43:55.703476-05:00,2026-02-18 05:19:35.106057-05:00,CASCADE-FUNDING,2026-02-10 08:05:54.885486-05:00,2026-02-18 05:20:25.201295-05:00
548,548,LOC,82000.00,PENDING_INFO,2026-02-11 04:30:53.726454-05:00,,,2026-02-10 14:16:57.847674-05:00,2026-02-20 02:21:09.730263-05:00
549,549,TERM_LOAN,325000.00,DECLINED,,2026-03-06 01:43:30.942013-05:00,,2026-02-11 01:49:39.679260-05:00,2026-03-05 23:00:25.277910-05:00
550,550,TERM_LOAN,50000.00,FUNDED,2026-02-07 07:50:55.043250-05:00,2026-02-26 21:35:28.530174-05:00,,2026-02-09 02:15:39.493768-05:00,2026-03-02 21:15:05.397504-05:00
551,551,TERM_LOAN,740000.00,DECLINED,2026-02-11 06:22:51.420774-05:00,2026-02-14 02:09:46.866188-05:00,NSC-DIRECT,2026-02-10 13:43:40.353059-05:00,2026-02-13 23:52:31.775566-05:00
552,552,TERM_LOAN,100000.00,DECLINED,2026-02-11 06:28:36.457251-05:00,2026-02-14 10:23:01.349705-05:00,CASCADE-FUNDING,2026-02-10 08:48:53.037932-05:00,2026-02-14 07:19:55.876739-05:00
553,553,EQUIPMENT,180000.00,FUNDED,2026-02-11 06:32:30.927295-05:00,2026-02-13 21:24:07.456389-05:00,1,2026-02-08 20:28:34.304213-05:00,2026-02-16 18:33:54.529780-05:00
554,554,TERM_LOAN,615000.00,DECLINED,2026-02-11 06:49:26.172048-05:00,2026-02-19 02:21:05.178408-05:00,NSC-DIRECT,2026-02-10 20:30:27.531084-05:00,2026-02-18 00:41:29.377391-05:00
555,555,LOC,46000.00,FUNDED,2026-02-11 07:14:31.194314-05:00,,,2026-02-10 19:42:57.137627-05:00,2026-03-04 08:01:42.234805-05:00
556,556,EQUIPMENT,100000.00,DECLINED,2026-02-11 07:33:20.828620-05:00,2026-03-01 20:39:13.959754-05:00,BAY,2026-02-09 05:34:15.637590-05:00,2026-03-01 21:14:05.808206-05:00
557,557,LOC,275000.00,FUNDED,2026-02-11 07:26:33.525312-05:00,2026-02-21 13:56:46.258853-05:00,bayline,2026-02-07 22:03:05.510457-05:00,2026-02-24 05:32:57.864357-05:00
558,558,LOC,42000.00,WITHDRAWN,2026-02-11 07:43:09.882808-05:00,,,2026-02-11 01:33:59.833023-05:00,2026-03-10 00:19:14.399880-05:00
559,559,TERM_LOAN,100000.00,DECLINED,2026-02-11 06:23:37.878566-05:00,2026-02-21 02:44:52.681381-05:00,,2026-02-07 07:55:59.004368-05:00,2026-02-20 05:06:41.670238-05:00
560,560,EQUIPMENT,51000.00,FUNDED,2026-02-11 06:56:27.120194-05:00,2026-02-16 02:36:12.890043-05:00,2,2026-02-09 23:11:14.254245-05:00,2026-02-24 08:54:51.414516-05:00
561,561,TERM_LOAN,160000.00,FUNDED,2026-02-11 14:03:52.004518-05:00,2026-03-27 02:25:30.167457-05:00,1,2026-02-11 05:31:48.864108-05:00,2026-03-29 12:40:20.758822-05:00
562,562,SBA_7A,480000.00,APPROVED,2026-02-11 08:10:48.467577-05:00,2026-02-21 00:59:12.146407-05:00,,2026-02-08 16:37:59.124127-05:00,2026-02-20 21:38:32.523097-05:00
563,563,SBA_7A,1035000.00,FUNDED,2026-02-11 08:16:59.104199-05:00,2026-02-16 02:15:02.007699-05:00,,2026-02-11 02:37:23.022099-05:00,2026-02-22 00:17:45.990640-05:00
564,564,TERM_LOAN,67000.00,DECLINED,2026-02-11 09:02:33.745414-05:00,2026-02-21 02:10:29.935290-05:00,3,2026-02-08 12:08:15.448137-05:00,2026-02-20 11:38:01.985157-05:00
565,565,TERM_LOAN,37000.00,WITHDRAWN,,,,2026-02-11 00:09:31.909063-05:00,2026-03-06 06:06:59.290616-05:00
566,566,TERM_LOAN,640000.00,FUNDED,2026-02-11 08:03:03.462503-05:00,,2,2026-02-10 17:32:08.811491-05:00,2026-02-20 13:24:08.673035-05:00
567,567,TERM_LOAN,275000.00,DECLINED,2026-02-11 09:04:44.025152-05:00,2026-02-26 02:58:20.150133-05:00,1,2026-02-11 05:52:00.000212-05:00,2026-02-26 01:48:13.381529-05:00
568,568,LOC,155000.00,DECLINED,2026-02-11 09:22:16.492357-05:00,2026-03-24 02:24:22.432022-05:00,NSC-DIRECT,2026-02-11 03:27:20.431039-05:00,2026-03-23 21:05:43.517916-05:00
569,569,LOC,32000.00,APPROVED,2026-02-11 09:20:05.930948-05:00,2026-02-28 01:50:15.525594-05:00,BAY,2026-02-10 19:35:07.606020-05:00,2026-02-27 22:33:19.224148-05:00
570,570,TERM_LOAN,200000.00,FUNDED,2026-02-11 09:40:11.387675-05:00,,,2026-02-11 05:31:39.632208-05:00,2026-02-22 05:33:32.114361-05:00
571,571,LOC,230000.00,FUNDED,2026-02-11 09:38:45.736807-05:00,,3,2026-02-11 04:16:43.737021-05:00,2026-03-12 23:17:21.514409-05:00
572,572,LOC,135000.00,FUNDED,2026-02-11 10:34:28.026473-05:00,2026-02-25 02:24:35.899817-05:00,2,2026-02-11 03:45:05.154279-05:00,2026-03-01 18:01:57.378277-05:00
573,573,SBA_7A,665000.00,FUNDED,2026-02-11 10:36:21.724325-05:00,2026-02-23 02:07:53.451959-05:00,,2026-02-09 07:02:06.558179-05:00,2026-02-25 09:18:57.274223-05:00
574,574,LOC,180000.00,DECLINED,2026-02-11 09:55:14.285146-05:00,2026-02-22 00:14:13.129136-05:00,NSC-DIRECT,2026-02-09 17:48:05.466397-05:00,2026-02-21 21:05:55.332149-05:00
575,575,TERM_LOAN,260000.00,FUNDED,2026-02-11 10:52:56.901375-05:00,,NSC_DIRECT,2026-02-07 23:19:52.735753-05:00,2026-02-24 03:13:13.050661-05:00
576,576,TERM_LOAN,390000.00,APPROVED,2026-02-11 08:50:56.414282-05:00,2026-02-17 02:21:50.106516-05:00,1,2026-02-11 01:00:54.307580-05:00,2026-02-16 17:11:32.796185-05:00
577,577,LOC,27000.00,APPROVED,2026-02-11 10:53:52.705873-05:00,2026-02-23 16:12:14.671571-05:00,BAY,2026-02-09 20:00:14.770997-05:00,2026-02-23 15:47:04.107189-05:00
578,578,LOC,73000.00,DRAFT,,,,2026-02-14 19:04:48.511230-05:00,2026-02-14 19:04:48.511230-05:00
579,579,EQUIPMENT,140000.00,FUNDED,2026-02-11 11:10:51.773454-05:00,2026-03-04 02:22:43.187202-05:00,NSC-DIRECT,2026-02-07 06:02:36.906602-05:00,2026-03-12 20:30:14.375279-05:00
580,580,SBA_7A,640000.00,FUNDED,2026-02-11 08:58:51.840339-05:00,2026-02-16 00:24:24.064015-05:00,,2026-02-10 18:33:35.612677-05:00,2026-02-18 01:41:20.381099-05:00
581,581,LOC,130000.00,FUNDED,2026-02-11 11:25:14.515338-05:00,2026-02-19 03:57:04.176607-05:00,,2026-02-10 23:17:45.232402-05:00,2026-02-22 04:45:03.616187-05:00
582,582,LOC,225000.00,DECLINED,2026-02-11 11:35:13.306682-05:00,2026-02-21 18:54:26.646793-05:00,bayline,2026-02-09 04:26:03.769278-05:00,2026-02-21 17:12:20.948361-05:00
583,583,LOC,145000.00,DECLINED,2026-02-11 11:58:44.683614-05:00,2026-02-18 09:07:56.419838-05:00,CASCADE-FUNDING,2026-02-10 17:33:48.504408-05:00,2026-02-18 06:25:07.309854-05:00
584,584,EQUIPMENT,42000.00,DOCS_REQUESTED,2026-02-11 11:34:39.113714-05:00,,,2026-02-11 01:52:31.943533-05:00,2026-02-11 14:40:47.539168-05:00
585,585,TERM_LOAN,110000.00,WITHDRAWN,2026-02-11 12:06:46.960282-05:00,,CSC,2026-02-10 12:42:17.228194-05:00,2026-02-15 03:02:00.688187-05:00
586,586,EQUIPMENT,700000.00,DECLINED,2026-02-11 12:31:01.075966-05:00,2026-02-28 02:23:04.004058-05:00,BAY,2026-02-11 02:45:27.219082-05:00,2026-02-27 17:28:42.361591-05:00
587,587,LOC,27000.00,FUNDED,2026-02-11 12:16:17.199322-05:00,,,2026-02-11 01:58:41.971580-05:00,2026-02-21 07:11:08.603772-05:00
588,588,EQUIPMENT,130000.00,WITHDRAWN,2026-02-10 01:31:38.276798-05:00,,,2026-02-10 23:44:15.959638-05:00,2026-03-09 07:15:56.931610-05:00
589,589,TERM_LOAN,610000.00,FUNDED,2026-02-11 12:13:16.956572-05:00,2026-02-20 02:22:58.514869-05:00,NSC-DIRECT,2026-02-10 17:30:21.874344-05:00,2026-02-23 08:17:36.407245-05:00
590,590,LOC,265000.00,FUNDED,2026-02-11 12:12:26.489026-05:00,,,2026-02-10 06:40:07.524020-05:00,2026-02-24 12:23:24.530015-05:00
591,591,TERM_LOAN,220000.00,FUNDED,2026-02-11 12:39:09.167436-05:00,2026-02-17 02:31:41.289953-05:00,,2026-02-06 20:57:45.285528-05:00,2026-02-22 01:23:35.730851-05:00
592,592,TERM_LOAN,350000.00,DECLINED,2026-02-11 11:14:51.121871-05:00,2026-02-16 12:22:35.261077-05:00,NSC-DIRECT,2026-02-11 00:12:58.746968-05:00,2026-02-16 10:40:19.684307-05:00
593,593,TERM_LOAN,140000.00,DECLINED,2026-02-11 11:20:26.784724-05:00,2026-02-25 02:46:59.471616-05:00,BAY,2026-02-10 21:54:23.329766-05:00,2026-02-24 01:00:39.117881-05:00
594,594,TERM_LOAN,120000.00,WITHDRAWN,2026-02-11 13:50:54.524062-05:00,,,2026-02-11 00:45:17.474866-05:00,2026-03-03 03:03:59.829718-05:00
595,595,TERM_LOAN,155000.00,FUNDED,2026-02-11 14:08:35.971962-05:00,,BAY,2026-02-11 03:41:27.183933-05:00,2026-02-28 10:30:09.171728-05:00
596,596,LOC,98000.00,WITHDRAWN,2026-02-11 13:28:39.268879-05:00,,CSC,2026-02-09 11:50:55.928293-05:00,2026-02-15 04:35:50.780621-05:00
597,597,LOC,35000.00,DECLINED,2026-02-11 14:33:49.962541-05:00,2026-02-18 02:32:51.152835-05:00,,2026-02-10 07:41:24.362425-05:00,2026-02-17 03:02:00.346799-05:00
598,598,TERM_LOAN,80000.00,DECLINED,2026-02-11 14:35:38.258515-05:00,2026-03-05 02:05:22.961850-05:00,BAY,2026-02-11 11:52:58.792913-05:00,2026-03-04 23:32:44.752697-05:00
599,599,TERM_LOAN,73000.00,DECLINED,2026-02-11 14:44:39.072503-05:00,2026-02-20 10:11:26.340476-05:00,,2026-02-09 03:24:11.999474-05:00,2026-02-20 10:36:01.223640-05:00
600,600,LOC,140000.00,DECLINED,2026-02-11 15:00:28.007156-05:00,2026-03-01 02:45:37.537832-05:00,NSC-DIRECT,2026-02-11 03:00:57.854685-05:00,2026-02-28 11:12:12.478313-05:00
601,601,TERM_LOAN,315000.00,FUNDED,2026-02-11 15:12:25.879797-05:00,2026-02-17 02:31:53.075628-05:00,2,2026-02-11 04:05:49.297773-05:00,2026-02-22 09:00:03.995705-05:00
602,602,LOC,68000.00,DOCS_REQUESTED,2026-02-11 14:46:54.576582-05:00,,NSC-DIRECT,2026-02-10 04:11:02.014892-05:00,2026-02-11 18:06:27.898023-05:00
603,603,EQUIPMENT,45000.00,DECLINED,2026-02-11 12:38:28.515781-05:00,,NSC-DIRECT,2026-02-11 11:38:36.639454-05:00,2026-02-21 20:25:22.205923-05:00
604,604,TERM_LOAN,225000.00,WITHDRAWN,2026-02-11 15:51:56.018156-05:00,,BAY,2026-02-10 14:27:55.883217-05:00,2026-02-25 09:17:11.048824-05:00
605,605,LOC,145000.00,FUNDED,2026-02-11 15:35:09.764418-05:00,,CSC,2026-02-09 21:14:15.026466-05:00,2026-02-19 17:51:59.970812-05:00
606,606,LOC,59000.00,FUNDED,2026-02-11 16:13:38.273942-05:00,,,2026-02-10 15:02:20.071284-05:00,2026-03-16 01:51:58.056578-05:00
607,607,TERM_LOAN,485000.00,FUNDED,2026-02-11 15:19:09.307234-05:00,2026-02-20 11:31:34.388147-05:00,,2026-02-08 18:41:29.089005-05:00,2026-02-23 01:40:14.114531-05:00
608,608,LOC,54000.00,FUNDED,2026-02-11 16:40:09.263958-05:00,2026-02-13 12:51:41.503885-05:00,,2026-02-10 06:47:19.896806-05:00,2026-02-19 05:07:43.279815-05:00
609,609,TERM_LOAN,205000.00,FUNDED,2026-02-11 16:53:39.196135-05:00,2026-02-24 02:10:54.400156-05:00,,2026-02-10 08:28:17.279762-05:00,2026-02-25 04:25:53.108286-05:00
610,610,EQUIPMENT,145000.00,DECLINED,2026-02-11 17:02:12.545883-05:00,2026-02-15 10:58:56.675926-05:00,,2026-02-08 20:13:18.761869-05:00,2026-02-15 09:28:17.244327-05:00
611,611,TERM_LOAN,52000.00,DECLINED,2026-02-11 17:06:40.332540-05:00,,3,2026-02-11 03:29:54.516011-05:00,2026-03-09 10:15:45.109135-05:00
612,612,EQUIPMENT,125000.00,DECLINED,2026-02-10 17:17:30.844700-05:00,,CASCADE-FUNDING,2026-02-11 03:47:17.516920-05:00,2026-02-17 21:33:24.417194-05:00
613,613,EQUIPMENT,340000.00,FUNDED,2026-02-12 02:10:00.642158-05:00,2026-02-14 02:20:32.870762-05:00,CSC,2026-02-11 08:16:27.439585-05:00,2026-02-18 03:44:22.427982-05:00
614,614,LOC,335000.00,DOCS_REQUESTED,2026-02-11 23:41:12.624907-05:00,,,2026-01-28 04:01:48.546436-05:00,2026-02-11 19:37:13.468923-05:00
615,615,EQUIPMENT,155000.00,DECLINED,2026-02-11 17:20:37.892723-05:00,,3,2026-02-10 09:44:41.379390-05:00,2026-02-15 07:54:06.857286-05:00
616,616,TERM_LOAN,115000.00,FUNDED,2026-02-11 18:32:54.971710-05:00,2026-03-08 12:28:49.637211-05:00,NSC-DIRECT,2026-02-11 05:14:10.865008-05:00,2026-03-09 12:26:03.754110-05:00
617,617,LOC,25000.00,APPROVED,2026-02-11 17:47:35.976624-05:00,2026-02-15 02:13:46.901764-05:00,1,2026-02-11 12:28:23.218960-05:00,2026-02-14 10:23:29.630410-05:00
618,618,SBA_7A,2045000.00,DECLINED,2026-02-11 19:09:38.486817-05:00,,,2026-02-11 15:09:39.776054-05:00,2026-02-16 02:58:41.310043-05:00
619,619,TERM_LOAN,235000.00,DECLINED,2026-02-11 20:19:42.168827-05:00,2026-02-20 16:07:51.360260-05:00,NSC_DIRECT,2026-02-11 02:43:27.910700-05:00,2026-02-20 13:02:31.687068-05:00
620,620,TERM_LOAN,120000.00,PENDING_INFO,2026-02-11 20:39:43.279975-05:00,,1,2026-02-11 05:33:08.896816-05:00,2026-02-22 03:58:42.321232-05:00
621,621,LOC,89000.00,FUNDED,2026-02-11 21:48:39.407176-05:00,2026-03-18 02:22:43.527066-05:00,2,2026-02-11 14:23:35.773147-05:00,2026-03-20 14:53:29.649752-05:00
622,622,LOC,330000.00,FUNDED,2026-02-11 21:48:02.521803-05:00,2026-03-19 06:34:52.574938-05:00,1,2026-02-11 20:56:22.555065-05:00,2026-03-22 16:08:07.111099-05:00
623,623,TERM_LOAN,59000.00,FUNDED,2026-02-12 02:10:00.183125-05:00,2026-02-21 02:49:02.301480-05:00,BAY,2026-02-11 06:04:19.515607-05:00,2026-02-26 08:37:41.991039-05:00
624,624,TERM_LOAN,430000.00,DECLINED,2026-02-11 22:54:06.568235-05:00,2026-03-05 02:41:08.930341-05:00,bayline,2026-02-07 07:17:38.854069-05:00,2026-03-04 08:13:21.812898-05:00
625,625,LOC,87000.00,FUNDED,2026-02-12 02:00:24.262118-05:00,2026-02-24 06:58:40.970890-05:00,bayline,2026-02-07 12:25:51.871387-05:00,2026-03-03 09:33:11.018837-05:00
626,626,LOC,34000.00,FUNDED,2026-02-12 02:29:25.270586-05:00,2026-02-17 02:49:40.022443-05:00,bayline,2026-02-11 02:16:41.317751-05:00,2026-02-22 20:29:25.430675-05:00
627,627,TERM_LOAN,35000.00,DECLINED,2026-02-12 03:47:10.388692-05:00,,,2026-02-06 13:12:48.696770-05:00,2026-02-18 01:27:24.715772-05:00
628,628,LOC,96000.00,FUNDED,2026-02-12 03:29:59.266487-05:00,2026-02-23 23:39:54.508447-05:00,,2026-02-11 08:24:26.187891-05:00,2026-03-08 22:35:34.271130-05:00
629,629,LOC,57000.00,DECLINED,2026-02-12 05:46:22.881070-05:00,2026-02-18 02:13:34.257716-05:00,NSC-DIRECT,2026-02-11 04:57:05.685848-05:00,2026-02-17 18:02:58.556540-05:00
630,630,SBA_7A,1660000.00,FUNDED,2026-02-12 05:42:58.520830-05:00,2026-03-09 02:28:33.192558-05:00,1,2026-02-11 14:35:35.832712-05:00,2026-03-18 05:12:37.320917-05:00
631,631,TERM_LOAN,44000.00,DECLINED,2026-02-12 05:42:27.748179-05:00,2026-02-21 02:26:28.505274-05:00,,2026-02-08 07:43:55.357032-05:00,2026-02-20 13:11:15.375453-05:00
632,632,TERM_LOAN,115000.00,APPROVED,2026-02-12 05:59:54.575553-05:00,2026-03-10 17:54:16.802286-05:00,BAY,2026-02-10 19:42:24.645442-05:00,2026-03-10 17:13:25.816212-05:00
633,633,SBA_7A,935000.00,DECLINED,2026-02-12 06:34:48.575359-05:00,2026-02-24 23:45:31.127542-05:00,2,2026-02-11 03:22:04.091421-05:00,2026-02-24 20:57:54.185222-05:00
634,634,EQUIPMENT,105000.00,FUNDED,2026-02-12 07:05:05.825504-05:00,2026-03-14 02:17:42.442451-05:00,,2026-02-11 07:32:22.218169-05:00,2026-03-15 05:52:48.890255-05:00
635,635,EQUIPMENT,69000.00,DOCS_REQUESTED,2026-02-12 06:47:26.326274-05:00,,,2026-02-11 15:47:51.440785-05:00,2026-02-12 08:05:31.240487-05:00
636,636,LOC,80000.00,DECLINED,2026-02-13 02:10:00.869560-05:00,2026-02-24 09:59:05.627792-05:00,NSC-DIRECT,2026-02-09 22:06:37.587729-05:00,2026-02-24 08:08:12.353231-05:00
637,637,LOC,150000.00,FUNDED,2026-02-12 08:22:11.974483-05:00,2026-02-16 07:13:22.325391-05:00,BAY,2026-02-10 17:55:13.631928-05:00,2026-02-20 04:48:00.037352-05:00
638,638,SBA_7A,280000.00,DECLINED,2026-02-12 08:30:14.394961-05:00,2026-02-25 02:43:04.553255-05:00,,2026-02-11 11:10:09.447576-05:00,2026-02-24 15:38:56.692442-05:00
639,639,SBA_7A,1825000.00,FUNDED,2026-02-12 08:42:30.898338-05:00,2026-02-26 01:22:01.279208-05:00,,2026-02-11 10:03:36.983657-05:00,2026-02-28 11:58:39.774521-05:00
640,640,SBA_7A,1955000.00,DECLINED,2026-02-12 08:07:54.131735-05:00,2026-02-16 20:10:27.816139-05:00,,2026-02-10 17:37:01.075353-05:00,2026-02-16 16:45:48.157192-05:00
641,641,TERM_LOAN,49000.00,DECLINED,2026-02-12 09:15:34.345785-05:00,2026-03-15 08:38:26.497910-05:00,,2026-02-11 16:24:19.698208-05:00,2026-03-15 09:09:16.430512-05:00
642,642,TERM_LOAN,200000.00,DECLINED,2026-02-12 08:00:03.950910-05:00,2026-03-06 02:11:33.184847-05:00,,2026-02-11 20:05:08.300477-05:00,2026-03-05 23:24:38.567233-05:00
643,643,SBA_7A,255000.00,DOCS_REQUESTED,2026-02-12 08:44:53.982034-05:00,,NSC-DIRECT,2026-02-11 08:59:01.073870-05:00,2026-02-12 11:09:32.365360-05:00
644,644,TERM_LOAN,50000.00,WITHDRAWN,2026-02-12 09:24:50.570216-05:00,,,2026-02-11 21:40:08.502112-05:00,2026-03-30 04:38:16.928312-05:00
645,645,TERM_LOAN,64000.00,WITHDRAWN,2026-02-12 09:07:48.711727-05:00,,,2026-02-12 02:13:11.119203-05:00,2026-03-26 03:55:00.029693-05:00
646,646,SBA_7A,605000.00,APPROVED,2026-02-12 09:48:52.397409-05:00,2026-02-17 04:53:15.721562-05:00,,2026-02-10 22:09:46.174016-05:00,2026-02-17 03:32:25.061644-05:00
647,647,SBA_7A,1770000.00,PENDING_INFO,2026-02-12 09:55:07.902866-05:00,,,2026-02-11 05:02:17.814808-05:00,2026-02-22 07:32:01.200089-05:00
648,648,TERM_LOAN,225000.00,DOCS_REQUESTED,2026-02-12 07:44:18.794851-05:00,,BAY,2026-02-12 08:29:16.784537-05:00,2026-02-12 11:47:48.273140-05:00
649,649,SBA_7A,275000.00,DECLINED,2026-02-12 07:24:59.224033-05:00,2026-02-20 12:31:51.524566-05:00,1,2026-02-12 02:04:45.323210-05:00,2026-02-20 11:32:50.638619-05:00
650,650,TERM_LOAN,710000.00,APPROVED,2026-02-12 10:19:29.094362-05:00,,,2026-02-11 21:22:21.305874-05:00,2026-02-25 02:34:29.526281-05:00
651,651,TERM_LOAN,77000.00,FUNDED,2026-02-12 10:19:17.746087-05:00,2026-02-19 02:32:39.656029-05:00,,2026-02-11 02:05:59.293545-05:00,2026-02-20 06:56:07.782130-05:00
652,652,EQUIPMENT,140000.00,APPROVED,2026-02-12 09:09:02.869233-05:00,2026-02-16 02:43:08.133322-05:00,NSC-DIRECT,2026-02-12 03:27:58.313383-05:00,2026-02-15 03:44:49.708937-05:00
653,653,EQUIPMENT,465000.00,DECLINED,2026-02-12 10:56:35.402165-05:00,2026-02-17 02:46:24.723665-05:00,BAY,2026-02-10 15:18:49.715954-05:00,2026-02-16 07:15:35.603563-05:00
654,654,TERM_LOAN,445000.00,DECLINED,2026-02-12 10:09:31.724347-05:00,2026-02-18 02:06:10.659052-05:00,,2026-02-12 06:45:43.438326-05:00,2026-02-17 00:31:04.380203-05:00
655,655,TERM_LOAN,225000.00,FUNDED,2026-02-12 10:44:08.119926-05:00,2026-02-21 03:41:06.273442-05:00,,2026-02-11 20:47:11.225897-05:00,2026-02-28 18:42:07.275932-05:00
656,656,TERM_LOAN,425000.00,FUNDED,2026-02-12 10:57:26.281442-05:00,2026-02-26 06:57:36.338631-05:00,,2026-02-12 02:37:28.126090-05:00,2026-03-07 01:50:03.382312-05:00
657,657,LOC,75000.00,FUNDED,2026-02-12 10:58:34.190622-05:00,2026-02-18 02:14:07.413673-05:00,,2026-02-10 19:07:31.832330-05:00,2026-02-23 00:07:08.059894-05:00
658,658,SBA_7A,1340000.00,DRAFT,,,,2026-02-18 17:18:14.900232-05:00,2026-02-18 17:18:14.900232-05:00
659,659,TERM_LOAN,430000.00,APPROVED,2026-02-12 11:20:05.312983-05:00,2026-02-21 05:48:31.888906-05:00,,2026-02-10 16:32:24.631391-05:00,2026-02-21 04:12:00.409724-05:00
660,660,EQUIPMENT,635000.00,FUNDED,2026-02-12 11:50:43.878158-05:00,2026-02-17 17:04:19.149163-05:00,NSC-DIRECT,2026-02-12 05:14:53.145770-05:00,2026-02-22 00:31:29.073329-05:00
661,661,EQUIPMENT,475000.00,DECLINED,2026-02-12 11:57:51.426478-05:00,2026-03-19 02:29:29.739248-05:00,1,2026-02-11 22:49:14.886017-05:00,2026-03-18 20:53:18.811486-05:00
662,662,LOC,105000.00,FUNDED,2026-02-12 10:54:05.236058-05:00,2026-02-28 02:18:03.910062-05:00,,2026-02-12 10:46:01.663695-05:00,2026-03-04 23:01:09.994550-05:00
663,663,LOC,150000.00,FUNDED,2026-02-12 10:56:44.430596-05:00,2026-03-01 02:08:16.236888-05:00,NSC_DIRECT,2026-02-12 04:47:16.932580-05:00,2026-03-03 07:49:49.297068-05:00
664,664,SBA_7A,555000.00,APPROVED,2026-02-12 12:29:39.593329-05:00,2026-02-21 17:32:33.374827-05:00,bayline,2026-02-08 17:37:12.121961-05:00,2026-02-21 15:17:56.740569-05:00
665,665,SBA_7A,1225000.00,DECLINED,2026-02-12 12:42:41.971603-05:00,,,2026-01-28 16:20:10.064472-05:00,2026-02-17 16:15:01.785146-05:00
666,666,LOC,125000.00,FUNDED,2026-02-12 11:51:43.932286-05:00,2026-02-21 06:08:20.707386-05:00,bayline,2026-02-11 01:34:58.589891-05:00,2026-02-27 17:57:02.576594-05:00
667,667,LOC,345000.00,APPROVED,2026-02-12 12:40:06.587208-05:00,2026-02-21 02:10:17.476089-05:00,,2026-02-12 12:16:35.828324-05:00,2026-02-20 05:21:25.925417-05:00
668,668,SBA_7A,1940000.00,FUNDED,2026-02-12 13:21:03.094399-05:00,2026-02-27 02:26:29.109348-05:00,,2026-02-12 03:07:19.031752-05:00,2026-03-03 19:03:59.835942-05:00
669,669,SBA_7A,565000.00,FUNDED,2026-02-12 13:02:55.883254-05:00,2026-02-22 06:42:12.801863-05:00,,2026-02-08 11:31:12.387569-05:00,2026-02-26 14:03:22.159508-05:00
670,670,EQUIPMENT,440000.00,FUNDED,2026-02-12 12:47:44.866438-05:00,,3,2026-02-11 01:07:55.154536-05:00,2026-02-27 00:57:38.829156-05:00
671,671,LOC,91000.00,FUNDED,,2026-02-16 02:36:24.456717-05:00,,2026-02-09 09:20:37.746068-05:00,2026-02-19 21:58:15.852849-05:00
672,672,TERM_LOAN,84000.00,DECLINED,2026-02-12 14:11:56.862990-05:00,2026-02-23 02:20:45.981215-05:00,BAY,2026-02-11 21:18:23.318139-05:00,2026-02-22 13:28:18.441814-05:00
673,673,TERM_LOAN,49000.00,DECLINED,2026-02-12 13:16:25.775928-05:00,2026-02-21 02:21:26.723821-05:00,,2026-02-11 19:31:38.968544-05:00,2026-02-20 20:09:05.045648-05:00
674,674,TERM_LOAN,105000.00,FUNDED,2026-02-12 13:56:44.373716-05:00,2026-02-26 16:56:17.085553-05:00,CSC,2026-02-07 08:19:33.244812-05:00,2026-03-06 12:40:30.021619-05:00
675,675,TERM_LOAN,130000.00,FUNDED,2026-02-12 14:06:02.479365-05:00,2026-03-23 02:40:37.342755-05:00,BAY,2026-02-12 02:29:16.927302-05:00,2026-03-25 20:34:47.757690-05:00
676,676,TERM_LOAN,685000.00,FUNDED,2026-02-12 14:19:04.953430-05:00,2026-02-23 20:40:02.003709-05:00,1,2026-02-12 10:55:12.027945-05:00,2026-02-27 11:29:09.864495-05:00
677,677,SBA_7A,2145000.00,FUNDED,2026-02-12 14:53:51.705197-05:00,2026-02-15 02:33:59.222703-05:00,,2026-02-11 05:47:33.897744-05:00,2026-02-16 00:14:45.958372-05:00
678,678,TERM_LOAN,42000.00,PENDING_INFO,2026-02-12 13:35:32.673286-05:00,,BAY,2026-02-12 08:47:40.199665-05:00,2026-03-02 15:26:32.501608-05:00
679,679,TERM_LOAN,54000.00,DRAFT,,,,2026-02-06 23:43:32.653726-05:00,2026-02-06 23:43:32.653726-05:00
680,680,LOC,34000.00,DECLINED,2026-02-12 15:10:30.579932-05:00,2026-02-15 18:42:41.194035-05:00,,2026-02-05 05:33:48.603389-05:00,2026-02-15 15:47:37.671467-05:00
681,681,TERM_LOAN,255000.00,APPROVED,2026-02-12 14:54:23.398252-05:00,2026-02-26 02:14:57.293439-05:00,,2026-02-12 05:15:15.785474-05:00,2026-02-25 15:09:23.202110-05:00
682,682,LOC,100000.00,FUNDED,2026-02-12 15:28:04.220081-05:00,2026-02-15 02:32:49.212398-05:00,,2026-02-11 15:15:55.786007-05:00,2026-02-17 17:14:16.048216-05:00
683,683,LOC,195000.00,DECLINED,2026-02-12 15:36:19.298794-05:00,2026-02-17 00:27:10.702233-05:00,,2026-02-12 04:23:11.689842-05:00,2026-02-16 22:20:33.785067-05:00
684,684,TERM_LOAN,38000.00,DECLINED,2026-02-12 16:07:36.436921-05:00,2026-02-21 02:40:50.507530-05:00,BAY,2026-02-11 15:00:24.441800-05:00,2026-02-20 19:07:36.018571-05:00
685,685,TERM_LOAN,440000.00,WITHDRAWN,2026-02-12 15:20:20.674228-05:00,,,2026-02-09 16:45:34.100192-05:00,2026-02-16 08:38:16.685512-05:00
686,686,TERM_LOAN,64000.00,PENDING_INFO,2026-02-12 16:16:54.409450-05:00,,2,2026-02-10 09:59:41.510498-05:00,2026-02-20 16:59:08.491779-05:00
687,687,LOC,140000.00,DECLINED,2026-02-12 15:47:44.663457-05:00,,NSC-DIRECT,2026-02-12 03:31:50.281096-05:00,2026-02-22 17:00:18.230024-05:00
688,688,SBA_7A,285000.00,WITHDRAWN,2026-02-13 02:10:00.456972-05:00,,NSC-DIRECT,2026-02-12 05:05:31.895868-05:00,2026-02-21 11:54:27.391823-05:00
689,689,LOC,86000.00,FUNDED,2026-02-12 16:47:46.657500-05:00,2026-02-16 02:39:14.317837-05:00,NSC-DIRECT,2026-02-12 16:03:16.620102-05:00,2026-02-21 05:40:13.507125-05:00
690,690,TERM_LOAN,705000.00,FUNDED,2026-02-12 17:00:13.114571-05:00,,CASCADE-FUNDING,2026-02-07 10:42:40.514649-05:00,2026-03-02 14:30:48.787639-05:00
691,691,EQUIPMENT,215000.00,DRAFT,,,,2026-02-13 20:54:03.298426-05:00,2026-02-13 20:54:03.298426-05:00
692,692,LOC,230000.00,FUNDED,2026-02-12 17:00:01.237441-05:00,2026-03-07 02:53:17.602542-05:00,NSC-DIRECT,2026-02-12 12:00:43.692904-05:00,2026-03-11 05:16:17.997642-05:00
693,693,TERM_LOAN,42000.00,APPROVED,2026-02-12 17:41:53.268551-05:00,2026-02-19 02:46:22.923319-05:00,,2026-02-09 00:28:18.497941-05:00,2026-02-18 18:57:29.023956-05:00
694,694,LOC,345000.00,FUNDED,2026-02-12 17:50:25.194162-05:00,2026-03-21 02:24:53.242847-05:00,1,2026-02-12 03:24:20.326964-05:00,2026-03-25 15:02:17.588363-05:00
695,695,LOC,305000.00,APPROVED,2026-02-12 17:18:17.921420-05:00,2026-03-06 02:17:46.168076-05:00,bayline,2026-02-11 22:30:22.656847-05:00,2026-03-05 13:21:04.641919-05:00
696,696,LOC,110000.00,FUNDED,2026-02-12 19:11:48.603579-05:00,2026-02-19 02:33:15.972667-05:00,,2026-02-10 07:31:25.293662-05:00,2026-02-24 00:22:00.085215-05:00
697,697,SBA_7A,320000.00,DECLINED,2026-02-12 19:05:47.320114-05:00,2026-04-16 15:44:46.050486-05:00,NSC-DIRECT,2026-02-12 09:53:05.609713-05:00,2026-04-16 14:02:08.711147-05:00
698,698,SBA_7A,2320000.00,FUNDED,2026-02-12 19:19:32.552347-05:00,2026-02-21 02:07:32.509127-05:00,,2026-02-11 21:08:29.987512-05:00,2026-02-26 23:50:28.729051-05:00
699,699,LOC,78000.00,FUNDED,2026-02-12 18:13:39.304567-05:00,2026-02-22 02:40:26.483680-05:00,,2026-02-03 09:11:37.434075-05:00,2026-02-26 13:59:52.115262-05:00
700,700,TERM_LOAN,67000.00,DECLINED,2026-02-12 20:10:59.045733-05:00,2026-03-21 02:06:44.854268-05:00,,2026-02-11 22:04:36.634180-05:00,2026-03-20 03:44:35.426139-05:00
701,701,TERM_LOAN,120000.00,FUNDED,2026-02-12 21:28:34.887341-05:00,2026-02-21 20:51:01.909927-05:00,,2026-02-12 14:47:19.602401-05:00,2026-02-24 15:02:55.748109-05:00
702,702,TERM_LOAN,160000.00,DECLINED,2026-02-12 22:46:17.143183-05:00,2026-02-28 02:35:51.221998-05:00,2,2026-02-09 00:48:06.014646-05:00,2026-02-27 00:49:47.075932-05:00
703,703,TERM_LOAN,350000.00,FUNDED,2026-02-12 23:41:01.710242-05:00,2026-02-17 02:05:01.120284-05:00,1,2026-02-12 08:57:13.119285-05:00,2026-02-18 11:44:55.150986-05:00
704,704,TERM_LOAN,160000.00,FUNDED,2026-02-12 23:59:45.165007-05:00,2026-02-18 06:32:43.113708-05:00,,2026-01-12 04:04:39.431904-05:00,2026-02-21 04:33:08.925536-05:00
705,705,LOC,185000.00,DECLINED,2026-02-13 01:04:23.627736-05:00,2026-02-24 09:09:13.188128-05:00,,2026-02-12 21:40:00.687201-05:00,2026-02-24 06:39:58.372932-05:00
706,706,LOC,120000.00,DECLINED,2026-02-13 01:24:57.626614-05:00,2026-02-19 02:10:49.414514-05:00,,2026-02-12 14:11:09.969527-05:00,2026-02-18 08:38:21.712522-05:00
707,707,TERM_LOAN,510000.00,DOCS_REQUESTED,2026-02-13 02:28:22.757725-05:00,,1,2026-02-13 00:11:24.521676-05:00,2026-02-13 03:48:43.105514-05:00
708,708,LOC,36000.00,APPROVED,2026-02-13 02:27:28.036110-05:00,2026-02-20 05:52:35.193134-05:00,,2026-02-11 22:39:30.002321-05:00,2026-02-20 02:56:43.895073-05:00
709,709,TERM_LOAN,44000.00,FUNDED,2026-02-13 03:03:06.695437-05:00,2026-02-19 02:39:33.505900-05:00,,2026-02-10 04:05:55.276151-05:00,2026-03-01 18:34:44.648038-05:00
710,710,TERM_LOAN,725000.00,FUNDED,2026-02-13 04:24:36.052856-05:00,2026-03-05 02:18:04.893963-05:00,,2026-02-12 17:57:41.710343-05:00,2026-03-06 22:48:22.186160-05:00
711,711,EQUIPMENT,52000.00,PENDING_INFO,2026-02-13 04:05:20.519070-05:00,,NSC-DIRECT,2026-02-10 01:32:58.371649-05:00,2026-02-23 00:23:29.622745-05:00
712,712,TERM_LOAN,100000.00,WITHDRAWN,2026-02-13 04:48:45.005947-05:00,,NSC-DIRECT,2026-02-12 20:10:40.844773-05:00,2026-02-19 06:31:11.176264-05:00
713,713,TERM_LOAN,175000.00,APPROVED,2026-02-13 05:10:02.123578-05:00,2026-02-25 02:42:43.927426-05:00,,2026-02-11 00:23:49.269527-05:00,2026-02-24 21:05:29.865172-05:00
714,714,TERM_LOAN,36000.00,FUNDED,2026-02-13 04:27:53.730475-05:00,2026-03-10 09:47:45.467091-05:00,CSC,2026-02-12 22:32:16.739387-05:00,2026-03-13 07:11:34.037730-05:00
715,715,TERM_LOAN,370000.00,FUNDED,2026-02-13 05:43:19.254863-05:00,2026-03-03 02:05:50.734645-05:00,3,2026-02-12 07:24:28.058595-05:00,2026-03-06 06:55:55.064901-05:00
716,716,EQUIPMENT,420000.00,DECLINED,2026-02-13 06:07:13.602925-05:00,2026-02-24 07:16:42.376535-05:00,NSC_DIRECT,2026-02-12 18:43:04.812103-05:00,2026-02-24 06:04:31.286325-05:00
717,717,TERM_LOAN,485000.00,DECLINED,2026-02-13 06:51:29.081207-05:00,2026-02-21 02:40:39.892962-05:00,1,2026-02-12 19:22:04.920766-05:00,2026-02-20 12:18:03.097491-05:00
718,718,LOC,260000.00,FUNDED,2026-02-13 06:57:51.317828-05:00,2026-02-21 18:37:53.012032-05:00,NSC-DIRECT,2026-02-13 05:41:59.888166-05:00,2026-02-28 12:19:20.038058-05:00
719,719,TERM_LOAN,280000.00,DECLINED,2026-02-13 07:07:08.447651-05:00,2026-02-19 02:11:04.191312-05:00,CASCADE-FUNDING,2026-02-12 08:10:38.557154-05:00,2026-02-18 18:01:51.827929-05:00
720,720,LOC,52000.00,FUNDED,2026-02-13 07:09:42.748989-05:00,2026-02-20 17:53:35.930571-05:00,,2026-02-12 21:59:19.275604-05:00,2026-03-01 09:14:35.971736-05:00
721,721,TERM_LOAN,45000.00,FUNDED,2026-02-13 08:16:09.935636-05:00,2026-02-21 00:59:14.136442-05:00,,2026-02-13 02:52:32.360761-05:00,2026-02-23 16:49:07.485787-05:00
722,722,TERM_LOAN,93000.00,DECLINED,2026-02-13 07:46:48.517589-05:00,2026-02-19 06:43:01.492471-05:00,1,2026-02-12 21:31:09.255937-05:00,2026-02-19 05:12:55.967305-05:00
723,723,LOC,185000.00,FUNDED,2026-02-13 08:47:37.459829-05:00,2026-03-02 02:22:35.958056-05:00,,2026-02-13 04:35:20.128797-05:00,2026-03-05 01:38:49.293811-05:00
724,724,LOC,75000.00,DRAFT,,,,2026-02-18 14:21:29.622435-05:00,2026-02-18 14:21:29.622435-05:00
725,725,SBA_7A,270000.00,DECLINED,2026-02-14 02:10:00.621106-05:00,2026-03-28 13:52:15.062098-05:00,,2026-02-12 09:09:05.336127-05:00,2026-03-28 12:32:47.064901-05:00
726,726,LOC,385000.00,FUNDED,2026-02-13 08:33:13.103811-05:00,,,2026-02-11 17:42:57.828964-05:00,2026-03-01 15:16:04.325440-05:00
727,727,TERM_LOAN,76000.00,DECLINED,2026-02-13 07:56:33.663220-05:00,2026-02-17 01:47:20.298978-05:00,,2026-02-13 02:29:11.333201-05:00,2026-02-17 00:59:05.810135-05:00
728,728,TERM_LOAN,52000.00,FUNDED,2026-02-13 08:20:20.703501-05:00,2026-02-22 02:12:31.238817-05:00,,2026-02-10 21:32:30.155824-05:00,2026-02-24 13:21:43.892318-05:00
729,729,TERM_LOAN,73000.00,FUNDED,2026-02-13 09:13:37.112669-05:00,2026-02-23 01:29:09.181499-05:00,,2026-02-12 04:36:26.103021-05:00,2026-02-25 16:15:30.777827-05:00
730,730,EQUIPMENT,245000.00,FUNDED,2026-02-13 09:17:42.061154-05:00,2026-02-28 01:59:11.138907-05:00,NSC-DIRECT,2026-02-13 03:56:16.283840-05:00,2026-03-03 23:43:54.600135-05:00
731,731,LOC,29000.00,FUNDED,2026-02-13 10:13:20.697309-05:00,2026-02-16 02:33:05.774819-05:00,1,2026-02-13 05:48:03.500358-05:00,2026-02-16 17:42:33.151415-05:00
732,732,SBA_7A,1625000.00,DECLINED,2026-02-13 10:24:12.182951-05:00,2026-04-04 02:48:04.402861-05:00,NSC-DIRECT,2026-02-11 19:37:23.825726-05:00,2026-04-03 01:31:21.508389-05:00
733,733,LOC,360000.00,FUNDED,2026-02-13 10:26:31.005251-05:00,2026-02-22 07:39:58.928160-05:00,NSC-DIRECT,2026-02-12 21:45:05.468358-05:00,2026-02-24 05:46:55.686702-05:00
734,734,EQUIPMENT,370000.00,FUNDED,2026-02-13 10:45:16.035839-05:00,2026-02-25 02:44:41.846691-05:00,,2026-02-04 20:05:59.985745-05:00,2026-03-02 12:16:37.173500-05:00
735,735,EQUIPMENT,115000.00,FUNDED,2026-02-13 10:44:00.236972-05:00,2026-02-21 21:50:00.071793-05:00,,2026-02-12 14:20:20.349059-05:00,2026-02-23 11:50:09.915596-05:00
736,736,SBA_7A,300000.00,DECLINED,2026-02-14 02:10:00.031453-05:00,2026-02-26 02:38:59.673863-05:00,,2026-02-11 07:46:06.811437-05:00,2026-02-25 10:16:15.146939-05:00
737,737,EQUIPMENT,320000.00,FUNDED,2026-02-13 11:07:40.767240-05:00,2026-03-17 03:00:52.544993-05:00,BAY,2026-02-12 12:10:49.353324-05:00,2026-03-23 06:23:59.484610-05:00
738,738,LOC,100000.00,FUNDED,2026-02-13 11:12:10.741603-05:00,2026-02-24 02:16:16.921902-05:00,NSC-DIRECT,2026-02-13 01:09:08.836900-05:00,2026-03-03 17:14:34.896540-05:00
739,739,EQUIPMENT,360000.00,DECLINED,2026-02-13 11:01:54.898667-05:00,2026-02-28 02:30:52.319500-05:00,,2026-02-13 10:08:16.994771-05:00,2026-02-27 08:54:32.778347-05:00
740,740,TERM_LOAN,250000.00,APPROVED,2026-02-13 10:47:23.267703-05:00,2026-03-20 02:15:33.354372-05:00,,2026-02-10 14:08:10.807040-05:00,2026-03-19 06:58:43.753718-05:00
741,741,LOC,53000.00,APPROVED,2026-02-13 11:25:30.285740-05:00,2026-02-21 07:41:11.272090-05:00,NSC-DIRECT,2026-02-11 12:33:43.983004-05:00,2026-02-21 07:09:56.431175-05:00
742,742,EQUIPMENT,57000.00,DECLINED,2026-02-13 10:34:26.843036-05:00,2026-03-08 02:39:15.612984-05:00,NSC-DIRECT,2026-02-13 01:36:20.629887-05:00,2026-03-07 20:19:58.684974-05:00
743,743,SBA_7A,240000.00,DECLINED,2026-02-13 11:43:33.551725-05:00,2026-03-03 13:46:45.066834-05:00,,2026-02-13 08:32:35.948858-05:00,2026-03-03 13:55:48.008053-05:00
744,744,LOC,51000.00,WITHDRAWN,,,BAY,2026-02-09 04:10:08.108993-05:00,2026-03-20 20:17:23.365522-05:00
745,745,EQUIPMENT,645000.00,APPROVED,2026-02-13 12:10:25.224074-05:00,2026-02-22 19:37:22.588698-05:00,,2026-02-13 10:42:31.998193-05:00,2026-02-22 16:20:47.529971-05:00
746,746,TERM_LOAN,195000.00,FUNDED,2026-02-13 11:51:02.089173-05:00,2026-02-22 02:22:10.004500-05:00,,2026-02-10 04:46:59.348638-05:00,2026-02-26 02:25:05.708830-05:00
747,747,LOC,62000.00,FUNDED,2026-02-13 12:20:44.244904-05:00,2026-02-27 02:22:48.760005-05:00,,2026-02-13 03:10:58.984414-05:00,2026-03-01 14:38:12.429786-05:00
748,748,LOC,56000.00,DOCS_REQUESTED,2026-02-13 11:58:36.893379-05:00,,,2026-02-12 22:33:17.501232-05:00,2026-02-13 13:14:13.717512-05:00
749,749,TERM_LOAN,185000.00,APPROVED,2026-02-13 12:29:29.282145-05:00,2026-02-28 02:07:59.095343-05:00,1,2026-02-12 21:26:20.310621-05:00,2026-02-27 11:24:44.134787-05:00
750,750,EQUIPMENT,47000.00,FUNDED,2026-02-13 12:29:19.069700-05:00,2026-02-19 14:43:08.522235-05:00,NSC-DIRECT,2026-02-11 20:26:47.236266-05:00,2026-02-20 15:05:29.447545-05:00
751,751,TERM_LOAN,570000.00,APPROVED,2026-02-13 12:29:39.046055-05:00,,,2026-02-10 13:11:28.655974-05:00,2026-02-18 21:50:26.792841-05:00
752,752,LOC,26000.00,APPROVED,2026-02-13 12:37:55.601289-05:00,2026-03-07 02:11:47.989621-05:00,bayline,2026-02-13 02:45:00.680852-05:00,2026-03-06 17:26:52.690268-05:00
753,753,LOC,395000.00,DECLINED,2026-02-13 13:07:33.956384-05:00,2026-03-01 02:32:42.327095-05:00,NSC-DIRECT,2026-02-11 17:57:27.790196-05:00,2026-02-28 06:12:07.091878-05:00
754,754,TERM_LOAN,415000.00,FUNDED,2026-02-13 13:12:06.774599-05:00,,NSC-DIRECT,2026-02-13 01:39:05.948940-05:00,2026-02-17 05:17:46.449453-05:00
755,755,LOC,43000.00,DECLINED,2026-02-12 11:11:54.288524-05:00,2026-02-16 09:01:07.707677-05:00,CSC,2026-02-08 15:25:27.541828-05:00,2026-02-16 07:01:21.061501-05:00
756,756,LOC,87000.00,FUNDED,2026-02-13 13:16:34.372823-05:00,2026-03-12 02:12:55.872145-05:00,BAY,2026-02-13 07:07:14.257851-05:00,2026-03-15 15:16:10.674351-05:00
757,757,LOC,105000.00,DECLINED,2026-02-13 13:53:02.219473-05:00,2026-02-28 21:52:25.010594-05:00,BAY,2026-02-11 14:01:31.641679-05:00,2026-02-28 20:30:30.768117-05:00
758,758,EQUIPMENT,880000.00,PENDING_INFO,2026-02-13 13:39:36.755131-05:00,,,2026-02-12 01:31:48.882548-05:00,2026-03-05 09:30:44.843741-05:00
759,759,LOC,350000.00,FUNDED,2026-02-13 13:26:45.973403-05:00,,,2026-02-13 07:24:06.995890-05:00,2026-03-07 13:12:26.827506-05:00
760,760,TERM_LOAN,130000.00,APPROVED,2026-02-14 02:10:00.778489-05:00,2026-02-19 10:53:39.331243-05:00,CASCADE-FUNDING,2026-02-11 06:13:34.292951-05:00,2026-02-19 09:12:55.953075-05:00
761,761,TERM_LOAN,115000.00,FUNDED,2026-02-13 14:19:33.842032-05:00,2026-02-22 02:26:09.268007-05:00,BAY,2026-02-13 05:12:40.213138-05:00,2026-02-25 10:17:39.736594-05:00
762,762,TERM_LOAN,740000.00,FUNDED,2026-02-13 13:31:47.266960-05:00,2026-02-21 22:58:51.937322-05:00,3,2026-02-13 10:12:10.984561-05:00,2026-02-24 13:40:30.012116-05:00
763,763,EQUIPMENT,75000.00,FUNDED,2026-02-13 14:17:04.988958-05:00,2026-02-21 02:11:12.431431-05:00,1,2026-02-13 05:23:16.639027-05:00,2026-02-25 00:41:54.068123-05:00
764,764,LOC,37000.00,DECLINED,,2026-02-20 16:33:53.432086-05:00,,2026-02-11 07:12:21.658553-05:00,2026-02-20 15:34:39.926265-05:00
765,765,LOC,100000.00,FUNDED,2026-02-13 14:46:13.233673-05:00,2026-02-23 02:19:56.723932-05:00,bayline,2026-02-13 02:52:02.344835-05:00,2026-02-28 02:29:04.931125-05:00
766,766,LOC,54000.00,DECLINED,2026-02-13 14:49:02.492913-05:00,2026-02-22 02:45:49.049483-05:00,BAY,2026-02-12 14:13:44.298076-05:00,2026-02-21 07:29:42.236756-05:00
767,767,LOC,105000.00,FUNDED,2026-02-13 15:10:54.906683-05:00,2026-03-08 02:28:24.329582-05:00,,2026-02-07 15:46:44.491936-05:00,2026-03-12 11:32:10.853581-05:00
768,768,TERM_LOAN,170000.00,FUNDED,2026-02-13 15:26:16.411269-05:00,2026-03-08 02:21:44.171093-05:00,,2026-02-11 05:16:53.480876-05:00,2026-03-09 19:50:57.848517-05:00
769,769,EQUIPMENT,62000.00,FUNDED,2026-02-13 15:04:01.200939-05:00,2026-02-18 09:15:31.241596-05:00,,2026-02-13 11:03:05.873918-05:00,2026-02-23 20:24:06.944681-05:00
770,770,EQUIPMENT,420000.00,DECLINED,2026-02-13 15:25:12.412594-05:00,2026-02-23 16:37:47.630149-05:00,NSC-DIRECT,2026-02-12 19:37:08.978882-05:00,2026-02-23 13:15:38.854884-05:00
771,771,EQUIPMENT,165000.00,FUNDED,2026-02-13 21:02:08.169826-05:00,2026-02-19 02:34:00.390925-05:00,CASCADE-FUNDING,2026-02-13 13:14:02.346658-05:00,2026-02-21 03:26:16.129496-05:00
772,772,TERM_LOAN,135000.00,DECLINED,2026-02-13 15:38:13.307092-05:00,2026-02-23 02:42:16.162316-05:00,,2026-02-09 03:46:05.279062-05:00,2026-02-23 00:09:41.990254-05:00
773,773,SBA_7A,890000.00,FUNDED,2026-02-13 14:40:24.717219-05:00,2026-03-02 02:09:05.659904-05:00,CASCADE-FUNDING,2026-02-11 02:43:18.738295-05:00,2026-03-06 10:18:09.344295-05:00
774,774,EQUIPMENT,97000.00,DECLINED,2026-02-13 16:19:39.571920-05:00,2026-02-25 02:31:39.551869-05:00,NSC-DIRECT,2026-02-09 11:35:50.969752-05:00,2026-02-24 18:50:55.490453-05:00
775,775,LOC,44000.00,FUNDED,2026-02-13 16:34:08.643437-05:00,2026-02-27 07:51:50.861945-05:00,3,2026-02-12 08:03:59.136335-05:00,2026-03-01 14:33:02.315883-05:00
776,776,LOC,33000.00,FUNDED,2026-02-13 16:52:53.206608-05:00,2026-02-26 04:49:45.417738-05:00,,2026-02-13 07:31:39.413200-05:00,2026-02-28 20:02:51.033410-05:00
777,777,LOC,93000.00,PENDING_INFO,2026-02-13 16:27:36.161636-05:00,,1,2026-02-13 14:52:19.947880-05:00,2026-02-26 16:40:48.842824-05:00
778,778,TERM_LOAN,330000.00,DECLINED,2026-02-13 17:08:54.113514-05:00,2026-02-21 02:46:41.716536-05:00,,2026-02-12 14:58:11.364666-05:00,2026-02-21 02:16:25.465744-05:00
779,779,SBA_7A,155000.00,FUNDED,2026-02-13 16:58:01.824200-05:00,2026-02-18 02:30:39.381849-05:00,1,2026-02-13 06:23:08.319090-05:00,2026-02-22 06:44:13.226582-05:00
780,780,EQUIPMENT,125000.00,DOCS_REQUESTED,,,,2026-02-12 11:23:03.703912-05:00,2026-02-13 21:25:50.692018-05:00
781,781,TERM_LOAN,36000.00,FUNDED,2026-02-13 17:58:50.363919-05:00,2026-02-21 02:38:49.665261-05:00,,2026-02-12 13:59:53.714212-05:00,2026-02-25 12:22:12.578430-05:00
782,782,EQUIPMENT,865000.00,DECLINED,2026-02-13 18:53:40.955733-05:00,2026-05-09 16:02:50.562349-05:00,,2026-02-13 16:13:24.379204-05:00,2026-05-09 13:30:20.900900-05:00
783,783,TERM_LOAN,305000.00,APPROVED,2026-02-13 19:22:02.183762-05:00,2026-03-01 02:31:52.918153-05:00,1,2026-02-11 13:02:58.546911-05:00,2026-02-28 03:51:37.067378-05:00
784,784,LOC,26000.00,FUNDED,2026-02-13 23:06:27.890929-05:00,2026-02-27 02:11:31.180802-05:00,,2026-02-13 07:50:21.420475-05:00,2026-02-27 20:57:02.392255-05:00
785,785,LOC,220000.00,APPROVED,2026-02-14 03:04:17.912890-05:00,2026-02-28 02:39:55.431766-05:00,,2026-02-13 03:16:00.829348-05:00,2026-02-27 02:33:15.922942-05:00
786,786,TERM_LOAN,380000.00,APPROVED,2026-02-14 08:08:09.104857-05:00,2026-03-03 02:28:29.064983-05:00,,2026-02-13 11:48:35.727158-05:00,2026-03-02 21:57:53.509797-05:00
787,787,LOC,150000.00,FUNDED,2026-02-14 09:58:03.131680-05:00,2026-02-22 02:18:34.961069-05:00,,2026-02-12 14:32:26.782387-05:00,2026-02-28 05:00:28.485538-05:00
788,788,EQUIPMENT,795000.00,DECLINED,2026-02-14 11:53:49.775146-05:00,2026-02-20 13:54:51.868617-05:00,BAY,2026-02-12 21:41:45.663713-05:00,2026-02-20 13:20:28.933534-05:00
789,789,EQUIPMENT,150000.00,FUNDED,2026-02-14 12:07:15.259493-05:00,2026-02-20 02:32:53.945695-05:00,,2026-02-11 04:41:32.125536-05:00,2026-02-23 07:47:03.680737-05:00
790,790,TERM_LOAN,180000.00,FUNDED,2026-02-14 13:28:15.836743-05:00,2026-03-08 02:36:50.352374-05:00,1,2026-02-13 22:46:17.839918-05:00,2026-03-13 13:31:30.878706-05:00
791,791,LOC,33000.00,APPROVED,2026-02-14 13:28:56.461259-05:00,2026-02-21 10:14:45.394140-05:00,CASCADE-FUNDING,2026-02-11 13:39:24.504449-05:00,2026-02-21 08:01:38.751760-05:00
792,792,LOC,25000.00,PENDING_INFO,2026-02-14 15:36:41.911316-05:00,,NSC-DIRECT,2026-01-31 03:55:56.898130-05:00,2026-02-20 20:43:44.389720-05:00
793,793,LOC,205000.00,FUNDED,2026-02-14 16:10:06.249550-05:00,2026-02-19 02:20:52.376410-05:00,1,2026-02-14 10:51:53.643790-05:00,2026-02-25 10:54:06.837520-05:00
794,794,TERM_LOAN,120000.00,DECLINED,2026-02-14 21:32:15.116049-05:00,2026-02-25 14:04:02.696966-05:00,,2026-02-14 15:21:41.393879-05:00,2026-02-25 12:24:50.324059-05:00
795,795,LOC,32000.00,FUNDED,2026-02-14 23:22:08.322048-05:00,2026-03-06 13:29:36.458786-05:00,,2026-02-14 09:05:51.386264-05:00,2026-03-08 19:31:11.879884-05:00
796,796,SBA_7A,1980000.00,FUNDED,2026-02-15 05:57:37.516520-05:00,,,2026-02-14 18:30:47.451478-05:00,2026-03-16 11:13:21.711819-05:00
797,797,EQUIPMENT,57000.00,FUNDED,2026-02-15 10:14:00.890731-05:00,2026-02-23 06:26:49.795875-05:00,NSC-DIRECT,2026-02-13 18:10:17.668162-05:00,2026-03-01 04:25:26.394816-05:00
798,798,LOC,145000.00,DECLINED,,2026-02-23 02:21:13.549269-05:00,,2026-02-14 04:45:54.648389-05:00,2026-02-22 09:37:48.529653-05:00
799,799,EQUIPMENT,145000.00,FUNDED,2026-02-15 14:43:34.666898-05:00,2026-03-02 02:13:03.556506-05:00,,2026-02-15 00:19:26.228717-05:00,2026-03-12 13:04:08.592313-05:00
800,800,LOC,220000.00,FUNDED,2026-02-15 15:47:47.466568-05:00,2026-02-22 20:14:33.309574-05:00,CSC,2026-02-14 17:33:45.886786-05:00,2026-02-25 15:21:31.578566-05:00
801,801,TERM_LOAN,480000.00,FUNDED,2026-02-15 15:41:28.805010-05:00,2026-02-22 01:36:38.525176-05:00,CASCADE-FUNDING,2026-02-13 12:23:50.363850-05:00,2026-02-24 01:28:06.393018-05:00
802,802,TERM_LOAN,345000.00,DECLINED,2026-02-15 20:32:03.003070-05:00,,,2026-02-13 23:52:14.482429-05:00,2026-04-14 09:59:15.479790-05:00
803,803,TERM_LOAN,195000.00,DRAFT,,,,2026-02-05 22:07:09.737350-05:00,2026-02-05 22:07:09.737350-05:00
804,804,EQUIPMENT,57000.00,FUNDED,2026-02-16 00:48:17.162045-05:00,2026-02-26 02:18:25.975812-05:00,,2026-02-13 22:10:48.946526-05:00,2026-03-03 09:50:39.037188-05:00
805,805,EQUIPMENT,550000.00,FUNDED,2026-02-16 01:27:54.942719-05:00,2026-02-27 02:18:00.238213-05:00,,2026-02-14 11:43:37.186340-05:00,2026-03-06 23:06:28.822277-05:00
806,806,LOC,53000.00,FUNDED,2026-02-16 02:43:41.280379-05:00,2026-02-21 02:05:32.944523-05:00,,2026-02-13 08:50:21.921732-05:00,2026-02-21 18:48:54.955205-05:00
807,807,TERM_LOAN,61000.00,FUNDED,2026-02-16 03:14:47.718760-05:00,2026-02-22 11:07:36.874683-05:00,1,2026-02-14 11:19:28.076027-05:00,2026-02-25 10:35:02.277114-05:00
808,808,LOC,25000.00,FUNDED,2026-02-16 03:06:58.439189-05:00,2026-02-17 05:51:20.900109-05:00,NSC-DIRECT,2026-02-15 00:11:15.414146-05:00,2026-02-20 20:19:24.502602-05:00
809,809,TERM_LOAN,94000.00,DECLINED,2026-02-16 05:05:41.349041-05:00,2026-02-20 02:30:29.875156-05:00,NSC-DIRECT,2026-02-15 15:57:30.863150-05:00,2026-02-19 02:51:04.513785-05:00
810,810,LOC,64000.00,FUNDED,2026-02-16 05:35:57.915493-05:00,2026-03-01 02:07:15.621439-05:00,NSC-DIRECT,2026-02-15 20:51:38.345044-05:00,2026-03-13 00:14:57.795032-05:00
811,811,TERM_LOAN,215000.00,FUNDED,2026-02-16 05:47:37.657010-05:00,2026-02-24 10:27:04.507306-05:00,CSC,2026-02-16 01:38:45.128172-05:00,2026-02-28 08:54:21.834493-05:00
812,812,LOC,74000.00,FUNDED,2026-02-16 06:32:56.594533-05:00,,,2026-02-14 16:55:15.440009-05:00,2026-02-27 04:58:30.284947-05:00
813,813,EQUIPMENT,72000.00,DECLINED,2026-02-16 06:08:08.418456-05:00,2026-03-04 17:48:22.056808-05:00,,2026-02-12 05:30:39.183023-05:00,2026-03-04 14:53:34.183006-05:00
814,814,EQUIPMENT,195000.00,DECLINED,2026-02-16 12:26:04.678730-05:00,2026-02-26 22:28:31.470869-05:00,NSC-DIRECT,2026-02-15 10:34:18.974873-05:00,2026-02-26 20:48:09.658920-05:00
815,815,EQUIPMENT,305000.00,DECLINED,2026-02-16 07:22:45.964533-05:00,2026-02-20 20:22:50.846439-05:00,,2026-02-15 23:02:49.125875-05:00,2026-02-20 19:53:26.755344-05:00
816,816,EQUIPMENT,120000.00,FUNDED,2026-02-16 06:57:42.696669-05:00,2026-03-05 02:18:20.849470-05:00,NSC_DIRECT,2026-02-15 15:36:31.586894-05:00,2026-03-07 04:19:11.045830-05:00
817,817,TERM_LOAN,93000.00,FUNDED,2026-02-16 07:17:26.028792-05:00,2026-02-25 02:08:13.705407-05:00,BAY,2026-02-15 02:10:56.276608-05:00,2026-02-25 22:11:27.332810-05:00
818,818,TERM_LOAN,470000.00,FUNDED,2026-02-16 08:06:54.140861-05:00,2026-02-20 02:17:45.892430-05:00,CASCADE-FUNDING,2026-02-14 04:19:19.386209-05:00,2026-02-27 09:45:50.907708-05:00
819,819,TERM_LOAN,180000.00,DECLINED,2026-02-16 08:12:56.167546-05:00,2026-02-25 04:39:41.647204-05:00,,2026-02-15 20:51:55.959942-05:00,2026-02-25 04:29:48.465892-05:00
820,820,EQUIPMENT,50000.00,FUNDED,2026-02-17 02:10:00.380900-05:00,2026-02-21 02:31:35.756963-05:00,NSC-DIRECT,2026-02-16 03:35:48.165244-05:00,2026-02-25 13:36:41.091075-05:00
821,821,TERM_LOAN,345000.00,DRAFT,,,2,2026-02-11 19:30:43.080227-05:00,2026-02-11 19:30:43.080227-05:00
822,822,LOC,300000.00,DECLINED,2026-02-17 02:10:00.185149-05:00,2026-02-22 02:32:44.173464-05:00,,2026-02-16 04:43:46.854248-05:00,2026-02-21 02:12:32.831299-05:00
823,823,TERM_LOAN,180000.00,APPROVED,2026-02-16 08:23:29.491858-05:00,2026-03-02 05:11:39.695023-05:00,3,2026-02-11 14:54:57.156456-05:00,2026-03-02 01:53:13.282227-05:00
824,824,LOC,250000.00,FUNDED,2026-02-16 09:23:12.115420-05:00,2026-02-24 02:06:41.785917-05:00,,2026-02-15 13:26:37.372616-05:00,2026-02-28 18:39:45.471890-05:00
825,825,LOC,48000.00,FUNDED,2026-02-16 07:43:45.315076-05:00,2026-03-11 02:39:57.932018-05:00,bayline,2026-02-15 06:02:13.516802-05:00,2026-03-19 19:28:38.138078-05:00
826,826,EQUIPMENT,67000.00,FUNDED,2026-02-16 09:26:22.432276-05:00,2026-02-21 02:16:07.382021-05:00,,2026-02-16 00:45:14.987231-05:00,2026-02-25 22:21:11.852593-05:00
827,827,TERM_LOAN,65000.00,FUNDED,2026-02-17 02:10:00.841484-05:00,2026-03-02 02:10:41.869217-05:00,,2026-02-15 01:25:15.154257-05:00,2026-03-07 17:17:23.003215-05:00
828,828,EQUIPMENT,370000.00,DECLINED,2026-02-16 07:38:38.188146-05:00,2026-02-19 18:13:32.214706-05:00,,2026-02-15 11:11:50.194227-05:00,2026-02-19 18:34:33.482400-05:00
829,829,SBA_7A,615000.00,WITHDRAWN,2026-02-17 02:10:00.148578-05:00,,,2026-02-14 07:17:29.816003-05:00,2026-02-27 05:17:36.562646-05:00
830,830,LOC,52000.00,DECLINED,2026-02-16 10:29:26.794287-05:00,2026-02-21 02:07:49.680327-05:00,,2026-02-16 01:52:27.881136-05:00,2026-02-20 11:27:14.304494-05:00
831,831,LOC,345000.00,APPROVED,2026-02-16 10:30:27.645550-05:00,,BAY,2026-02-14 15:39:50.467224-05:00,2026-02-23 23:12:10.887748-05:00
832,832,EQUIPMENT,380000.00,DOCS_REQUESTED,2026-02-16 10:49:52.753432-05:00,,,2026-02-15 13:29:03.060542-05:00,2026-02-16 13:48:12.804097-05:00
833,833,TERM_LOAN,70000.00,FUNDED,2026-02-16 10:58:25.394328-05:00,2026-03-03 02:19:23.438860-05:00,,2026-02-15 19:15:18.445397-05:00,2026-03-03 20:42:30.324418-05:00
834,834,SBA_7A,190000.00,DECLINED,2026-02-16 11:01:13.549809-05:00,2026-03-08 02:42:47.380312-05:00,,2026-02-15 19:25:17.893433-05:00,2026-03-07 07:06:36.730055-05:00
835,835,SBA_7A,155000.00,DECLINED,2026-02-16 11:10:49.785407-05:00,2026-03-16 02:35:06.520409-05:00,BAY,2026-02-15 21:57:14.865102-05:00,2026-03-15 00:50:46.905224-05:00
836,836,TERM_LOAN,39000.00,WITHDRAWN,2026-02-16 11:36:54.955849-05:00,,NSC-DIRECT,2026-02-16 01:03:25.837081-05:00,2026-02-21 13:04:38.886347-05:00
837,837,LOC,210000.00,APPROVED,2026-02-16 11:24:36.362007-05:00,2026-03-05 02:08:36.365089-05:00,NSC-DIRECT,2026-02-16 01:31:03.001231-05:00,2026-03-04 21:58:11.355846-05:00
838,838,TERM_LOAN,215000.00,FUNDED,2026-02-16 11:26:54.955353-05:00,2026-03-03 02:27:09.685031-05:00,2,2026-02-15 18:58:48.126666-05:00,2026-03-08 04:01:13.181278-05:00
839,839,EQUIPMENT,545000.00,FUNDED,2026-02-16 09:46:09.383500-05:00,2026-03-01 21:48:23.828789-05:00,BAY,2026-02-16 02:54:03.100263-05:00,2026-03-05 17:14:38.516977-05:00
840,840,TERM_LOAN,91000.00,FUNDED,2026-02-16 10:48:04.247691-05:00,2026-02-28 23:21:58.082597-05:00,,2026-02-15 10:13:57.223770-05:00,2026-03-03 05:27:03.161704-05:00
841,841,SBA_7A,1420000.00,FUNDED,2026-02-16 10:30:50.494301-05:00,,,2026-02-13 05:03:37.979817-05:00,2026-03-12 11:31:52.569926-05:00
842,842,TERM_LOAN,560000.00,FUNDED,2026-02-16 12:05:51.203349-05:00,2026-03-12 08:12:27.757081-05:00,,2026-02-16 07:38:48.034464-05:00,2026-03-14 13:18:50.884935-05:00
843,843,LOC,130000.00,FUNDED,2026-02-16 11:28:34.574272-05:00,,CASCADE-FUNDING,2026-02-16 07:45:21.290704-05:00,2026-02-25 08:42:48.291504-05:00
844,844,TERM_LOAN,345000.00,FUNDED,2026-02-16 10:54:28.679551-05:00,2026-03-01 10:11:07.054522-05:00,CASCADE-FUNDING,2026-02-16 03:38:19.010936-05:00,2026-03-06 03:24:58.284078-05:00
845,845,LOC,26000.00,APPROVED,2026-02-16 12:06:08.119275-05:00,2026-03-02 02:07:36.983628-05:00,CASCADE-FUNDING,2026-02-15 01:47:03.012979-05:00,2026-03-01 16:51:29.318476-05:00
846,846,LOC,160000.00,FUNDED,2026-02-16 12:53:13.745009-05:00,2026-03-07 02:32:59.302405-05:00,1,2026-02-16 03:30:53.349908-05:00,2026-03-11 04:24:35.859274-05:00
847,847,TERM_LOAN,215000.00,FUNDED,2026-02-16 12:52:07.829038-05:00,2026-03-04 04:04:21.896761-05:00,,2026-02-15 17:05:30.271945-05:00,2026-03-11 22:14:17.544071-05:00
848,848,LOC,30000.00,FUNDED,2026-02-16 12:48:03.029449-05:00,2026-02-21 02:09:17.984441-05:00,,2026-02-16 00:55:29.942276-05:00,2026-02-25 11:04:14.531843-05:00
849,849,TERM_LOAN,525000.00,WITHDRAWN,2026-02-16 13:19:32.039210-05:00,,NSC_DIRECT,2026-02-15 20:03:18.875404-05:00,2026-02-19 07:23:56.404369-05:00
850,850,SBA_7A,1275000.00,FUNDED,2026-02-16 13:23:44.624293-05:00,2026-02-22 02:25:33.379359-05:00,,2026-02-16 01:13:20.119964-05:00,2026-02-22 18:28:29.882617-05:00
851,851,TERM_LOAN,99000.00,DECLINED,2026-02-12 12:23:58.379736-05:00,2026-02-23 02:11:26.755674-05:00,CASCADE-FUNDING,2026-02-13 06:39:42.119561-05:00,2026-02-22 01:53:36.985588-05:00
852,852,EQUIPMENT,270000.00,DOCS_REQUESTED,2026-02-16 13:05:14.199766-05:00,,1,2026-02-16 11:34:16.794428-05:00,2026-02-16 14:12:19.702772-05:00
853,853,TERM_LOAN,170000.00,DECLINED,2026-02-16 13:43:08.100551-05:00,2026-03-02 21:00:48.203202-05:00,,2026-02-16 00:00:47.389237-05:00,2026-03-02 18:02:17.481970-05:00
854,854,SBA_7A,2240000.00,FUNDED,2026-02-16 13:21:50.557865-05:00,2026-03-02 12:19:54.522624-05:00,CASCADE-FUNDING,2026-02-16 09:00:45.099622-05:00,2026-03-11 23:11:11.790312-05:00
855,855,EQUIPMENT,65000.00,PENDING_INFO,2026-02-16 14:32:03.279180-05:00,,NSC-DIRECT,2026-02-16 02:10:14.769156-05:00,2026-02-19 14:30:31.014996-05:00
856,856,TERM_LOAN,275000.00,FUNDED,2026-02-16 13:36:50.688527-05:00,,BAY,2026-02-16 02:12:03.824756-05:00,2026-03-17 04:45:54.254209-05:00
857,857,TERM_LOAN,59000.00,DECLINED,2026-02-16 15:02:58.401789-05:00,,2,2026-02-16 05:37:24.053309-05:00,2026-02-19 19:49:32.792028-05:00
858,858,EQUIPMENT,270000.00,DECLINED,2026-02-16 14:52:26.237431-05:00,2026-03-15 02:10:11.604416-05:00,NSC-DIRECT,2026-02-15 16:58:43.628365-05:00,2026-03-14 02:38:14.843604-05:00
859,859,TERM_LOAN,72000.00,FUNDED,2026-02-17 02:10:00.312797-05:00,2026-02-23 16:46:30.334696-05:00,,2026-02-13 01:22:47.802187-05:00,2026-02-27 15:23:36.347148-05:00
860,860,LOC,340000.00,FUNDED,2026-02-16 14:11:37.512013-05:00,,1,2026-02-16 11:15:55.933576-05:00,2026-03-13 03:12:17.742840-05:00
861,861,LOC,270000.00,FUNDED,2026-02-16 15:11:43.952442-05:00,2026-03-09 18:01:36.227557-05:00,,2026-02-16 09:49:40.885313-05:00,2026-03-13 16:37:55.014779-05:00
862,862,TERM_LOAN,81000.00,DECLINED,2026-02-16 15:14:58.364259-05:00,2026-02-27 02:07:40.770217-05:00,NSC-DIRECT,2026-02-16 05:07:34.787264-05:00,2026-02-26 04:40:18.406429-05:00
863,863,LOC,54000.00,APPROVED,2026-02-16 15:44:22.849747-05:00,2026-02-22 00:30:49.051835-05:00,,2026-02-15 16:47:17.749996-05:00,2026-02-22 00:56:06.677087-05:00
864,864,SBA_7A,195000.00,FUNDED,2026-02-16 14:23:06.104485-05:00,2026-02-21 07:27:38.797541-05:00,CASCADE-FUNDING,2026-02-16 05:09:24.872200-05:00,2026-03-05 21:33:39.643876-05:00
865,865,SBA_7A,860000.00,APPROVED,2026-02-16 16:15:12.114133-05:00,2026-02-26 06:41:46.557182-05:00,3,2026-02-15 20:15:41.462363-05:00,2026-02-26 04:40:50.123128-05:00
866,866,TERM_LOAN,120000.00,FUNDED,2026-02-16 16:32:01.239386-05:00,2026-02-20 02:05:45.111310-05:00,1,2026-02-16 15:13:05.089881-05:00,2026-02-24 14:32:19.415920-05:00
867,867,EQUIPMENT,125000.00,FUNDED,2026-02-16 17:10:11.976524-05:00,2026-03-04 20:47:24.338134-05:00,CASCADE-FUNDING,2026-02-14 08:26:42.108755-05:00,2026-03-08 21:23:45.180362-05:00
868,868,TERM_LOAN,505000.00,DECLINED,2026-02-16 16:38:19.532848-05:00,2026-02-28 15:13:04.842625-05:00,,2026-02-16 06:17:53.908346-05:00,2026-02-28 13:40:08.908410-05:00
869,869,EQUIPMENT,680000.00,DRAFT,,,,2026-02-15 20:44:50.676976-05:00,2026-02-15 20:44:50.676976-05:00
870,870,TERM_LOAN,605000.00,PENDING_INFO,2026-02-16 16:47:26.655108-05:00,,,2026-02-13 00:28:33.134627-05:00,2026-02-25 18:03:18.331315-05:00
871,871,TERM_LOAN,310000.00,DECLINED,2026-02-16 17:33:40.528647-05:00,2026-02-22 15:30:41.662672-05:00,,2026-02-16 05:30:37.454187-05:00,2026-02-22 15:26:41.997015-05:00
872,872,TERM_LOAN,90000.00,DECLINED,2026-02-16 18:18:41.739852-05:00,2026-02-27 00:51:57.010832-05:00,,2026-02-15 20:58:43.588537-05:00,2026-02-26 21:38:37.461121-05:00
873,873,EQUIPMENT,48000.00,DECLINED,2026-02-16 18:16:04.474553-05:00,2026-02-18 23:18:50.878765-05:00,1,2026-02-16 14:01:28.827863-05:00,2026-02-18 22:46:00.566145-05:00
874,874,EQUIPMENT,375000.00,DECLINED,2026-02-16 18:17:38.383806-05:00,,NSC_DIRECT,2026-02-16 17:06:51.139857-05:00,2026-02-22 19:58:57.706867-05:00
875,875,TERM_LOAN,83000.00,DECLINED,2026-02-16 20:18:43.808049-05:00,2026-02-23 02:22:31.426504-05:00,,2026-02-15 02:43:39.716724-05:00,2026-02-22 07:05:07.961130-05:00
876,876,SBA_7A,575000.00,DECLINED,2026-02-16 20:34:12.407210-05:00,2026-02-23 21:56:46.780044-05:00,,2026-02-13 22:26:47.048538-05:00,2026-02-23 20:18:52.337516-05:00
877,877,LOC,28000.00,FUNDED,2026-02-17 02:10:00.512818-05:00,2026-02-21 00:37:44.897432-05:00,NSC-DIRECT,2026-02-16 15:34:08.397815-05:00,2026-02-25 03:14:37.275594-05:00
878,878,TERM_LOAN,135000.00,WITHDRAWN,2026-02-16 22:37:48.327171-05:00,,1,2026-02-16 02:11:37.077452-05:00,2026-02-20 18:10:01.924791-05:00
879,879,TERM_LOAN,320000.00,FUNDED,2026-02-16 22:56:36.811916-05:00,,,2026-02-15 05:33:14.465514-05:00,2026-02-24 13:19:23.893443-05:00
880,880,LOC,57000.00,FUNDED,2026-02-17 00:28:47.670963-05:00,2026-03-03 02:21:53.005479-05:00,BAY,2026-02-12 06:15:11.819563-05:00,2026-03-23 18:52:34.003597-05:00
881,881,EQUIPMENT,320000.00,WITHDRAWN,2026-02-17 00:35:47.624314-05:00,,NSC-DIRECT,2026-02-15 05:36:16.375810-05:00,2026-03-04 11:48:53.720261-05:00
882,882,SBA_7A,1135000.00,FUNDED,2026-02-17 00:35:17.462609-05:00,2026-02-27 19:58:15.535823-05:00,,2026-02-15 20:46:43.933639-05:00,2026-03-01 18:12:12.132143-05:00
883,883,SBA_7A,220000.00,DECLINED,2026-02-14 11:09:03.867154-05:00,2026-02-22 02:18:08.100782-05:00,,2026-02-11 08:39:22.657502-05:00,2026-02-21 07:55:14.552189-05:00
884,884,TERM_LOAN,78000.00,FUNDED,2026-02-17 02:03:22.699948-05:00,2026-02-28 02:32:59.904167-05:00,,2026-02-16 22:02:04.953830-05:00,2026-03-06 04:21:20.705335-05:00
885,885,TERM_LOAN,150000.00,WITHDRAWN,2026-02-17 02:21:49.947383-05:00,,,2026-02-16 06:01:40.976560-05:00,2026-02-24 12:26:51.603225-05:00
886,886,TERM_LOAN,63000.00,DECLINED,2026-02-17 04:00:16.772610-05:00,2026-03-03 01:26:30.071963-05:00,NSC-DIRECT,2026-02-16 00:34:54.675629-05:00,2026-03-03 00:02:05.786158-05:00
887,887,LOC,200000.00,FUNDED,2026-02-17 04:26:57.711987-05:00,2026-02-21 14:25:29.535471-05:00,1,2026-02-17 01:36:09.670104-05:00,2026-02-26 05:08:07.940581-05:00
888,888,TERM_LOAN,66000.00,DECLINED,2026-02-17 04:36:31.887366-05:00,2026-02-22 02:12:17.575496-05:00,,2026-02-16 10:12:09.499346-05:00,2026-02-21 01:33:06.350802-05:00
889,889,TERM_LOAN,35000.00,DECLINED,2026-02-17 05:40:26.805270-05:00,2026-03-15 07:48:38.395160-05:00,,2026-02-14 09:30:07.013809-05:00,2026-03-15 06:59:24.176576-05:00
890,890,TERM_LOAN,36000.00,DECLINED,2026-02-17 04:40:24.448855-05:00,2026-02-25 13:17:51.113172-05:00,,2026-02-15 05:35:32.956110-05:00,2026-02-25 11:10:14.090902-05:00
891,891,TERM_LOAN,605000.00,DECLINED,2026-02-17 06:57:21.444239-05:00,2026-02-23 08:39:14.256947-05:00,,2026-02-16 11:04:44.070507-05:00,2026-02-23 07:19:22.979426-05:00
892,892,TERM_LOAN,46000.00,DECLINED,2026-02-17 06:48:42.567940-05:00,2026-02-21 02:43:49.009777-05:00,,2026-02-15 15:28:23.373784-05:00,2026-02-20 23:43:09.714476-05:00
893,893,SBA_7A,350000.00,DECLINED,2026-02-17 07:19:25.971133-05:00,2026-02-23 02:15:00.927807-05:00,NSC-DIRECT,2026-02-15 22:34:33.458020-05:00,2026-02-22 19:20:51.450982-05:00
894,894,LOC,270000.00,FUNDED,2026-02-17 07:49:19.126811-05:00,2026-02-22 20:08:01.530907-05:00,,2026-02-12 02:42:51.457472-05:00,2026-03-07 23:23:31.290341-05:00
895,895,TERM_LOAN,195000.00,FUNDED,2026-02-17 07:46:03.735306-05:00,2026-02-27 02:48:59.751470-05:00,CASCADE-FUNDING,2026-02-14 19:55:02.410764-05:00,2026-02-28 23:29:18.628848-05:00
896,896,LOC,32000.00,DECLINED,2026-02-17 06:33:12.161504-05:00,2026-03-06 02:43:38.526583-05:00,NSC-DIRECT,2026-02-16 08:10:09.692358-05:00,2026-03-05 13:40:08.221500-05:00
897,897,SBA_7A,445000.00,DECLINED,2026-02-17 08:17:33.423549-05:00,2026-02-25 02:37:02.350614-05:00,,2026-02-16 22:16:19.079323-05:00,2026-02-24 09:30:43.958720-05:00
898,898,TERM_LOAN,530000.00,FUNDED,2026-02-17 08:46:14.526258-05:00,2026-02-22 02:46:05.611048-05:00,,2026-02-16 23:26:53.576910-05:00,2026-02-23 10:05:07.155023-05:00
899,899,SBA_7A,265000.00,DECLINED,2026-02-17 07:13:02.975575-05:00,2026-03-01 20:44:04.504431-05:00,NSC_DIRECT,2026-02-17 05:23:06.778787-05:00,2026-03-01 19:20:23.575983-05:00
900,900,EQUIPMENT,885000.00,FUNDED,2026-02-17 09:23:24.989925-05:00,2026-03-05 02:17:14.306723-05:00,,2026-02-16 20:00:42.942733-05:00,2026-03-08 21:21:26.219136-05:00
901,901,TERM_LOAN,67000.00,FUNDED,2026-02-17 08:50:09.083088-05:00,2026-03-03 01:05:54.888145-05:00,,2026-02-13 15:23:53.764434-05:00,2026-03-07 14:42:47.683739-05:00
902,902,EQUIPMENT,590000.00,DECLINED,2026-02-17 09:28:22.335126-05:00,2026-02-25 02:39:23.345884-05:00,,2026-02-08 05:51:58.534064-05:00,2026-02-24 20:07:44.948139-05:00
903,903,EQUIPMENT,405000.00,DECLINED,2026-02-17 10:02:38.598451-05:00,2026-02-24 02:21:49.739057-05:00,bayline,2026-02-17 04:02:26.852819-05:00,2026-02-23 23:26:30.933824-05:00
904,904,LOC,110000.00,FUNDED,2026-02-17 09:34:42.467821-05:00,2026-03-15 02:09:19.698251-05:00,,2026-02-16 05:14:05.118240-05:00,2026-03-18 23:18:49.512117-05:00
905,905,TERM_LOAN,205000.00,DECLINED,2026-02-17 08:25:01.736155-05:00,2026-02-22 02:31:59.510417-05:00,,2026-02-16 04:41:41.669241-05:00,2026-02-21 18:29:04.680204-05:00
906,906,TERM_LOAN,130000.00,DECLINED,2026-02-17 10:29:03.782652-05:00,2026-03-03 09:10:15.773521-05:00,,2026-02-14 03:35:39.471764-05:00,2026-03-03 08:12:49.236617-05:00
907,907,TERM_LOAN,120000.00,FUNDED,2026-02-17 10:24:31.088499-05:00,2026-03-01 19:27:53.853811-05:00,,2026-02-11 03:33:14.754625-05:00,2026-03-03 10:45:09.488071-05:00
908,908,TERM_LOAN,155000.00,APPROVED,2026-02-17 11:07:53.238098-05:00,2026-03-03 02:09:19.265441-05:00,NSC-DIRECT,2026-02-17 01:39:20.988116-05:00,2026-03-02 18:15:57.586344-05:00
909,909,LOC,250000.00,FUNDED,2026-02-17 09:51:52.057314-05:00,2026-03-01 02:28:27.434501-05:00,,2026-02-17 09:47:29.184248-05:00,2026-03-03 11:11:17.823425-05:00
910,910,SBA_7A,200000.00,DECLINED,2026-02-17 11:14:23.956628-05:00,2026-02-25 23:04:23.503316-05:00,,2026-02-15 08:36:26.984786-05:00,2026-02-25 22:10:56.943486-05:00
911,911,TERM_LOAN,90000.00,DECLINED,2026-02-17 11:44:54.772031-05:00,2026-02-27 02:29:12.384318-05:00,NSC-DIRECT,2026-02-14 21:31:34.565156-05:00,2026-02-26 15:11:47.878713-05:00
912,912,LOC,45000.00,PENDING_INFO,2026-02-17 11:34:44.986654-05:00,,1,2026-02-16 01:54:12.396734-05:00,2026-02-21 03:02:20.233453-05:00
913,913,TERM_LOAN,595000.00,FUNDED,2026-02-17 11:45:10.554200-05:00,2026-02-25 02:07:37.199865-05:00,CSC,2026-02-17 07:27:34.947405-05:00,2026-02-28 02:38:59.859779-05:00
914,914,LOC,300000.00,APPROVED,2026-02-13 21:01:23.569786-05:00,2026-03-06 00:09:52.789520-05:00,NSC-DIRECT,2026-02-13 08:42:17.069670-05:00,2026-03-05 20:56:30.891100-05:00
915,915,EQUIPMENT,62000.00,DECLINED,2026-02-17 11:44:14.763017-05:00,2026-03-03 10:59:07.033233-05:00,,2026-02-17 06:47:17.192920-05:00,2026-03-03 09:17:11.812278-05:00
916,916,LOC,98000.00,FUNDED,2026-02-18 02:10:00.678347-05:00,2026-03-20 02:42:56.585900-05:00,NSC-DIRECT,2026-02-16 20:55:43.070107-05:00,2026-03-22 15:29:17.697843-05:00
917,917,TERM_LOAN,130000.00,DECLINED,2026-02-17 12:43:24.144648-05:00,2026-02-19 17:23:56.160389-05:00,1,2026-02-16 18:19:41.219682-05:00,2026-02-19 17:57:58.067716-05:00
918,918,TERM_LOAN,88000.00,FUNDED,2026-02-17 12:07:31.802447-05:00,2026-02-18 18:01:12.251437-05:00,,2026-02-17 01:36:15.627472-05:00,2026-02-21 05:32:03.641350-05:00
919,919,TERM_LOAN,405000.00,DECLINED,2026-02-17 12:31:34.714513-05:00,,NSC-DIRECT,2026-02-13 21:12:13.939404-05:00,2026-03-10 20:05:08.468833-05:00
920,920,EQUIPMENT,53000.00,DECLINED,2026-02-17 10:46:35.975593-05:00,2026-03-13 10:18:16.289294-05:00,,2026-02-17 10:21:44.796082-05:00,2026-03-13 08:37:36.848229-05:00
921,921,TERM_LOAN,37000.00,DECLINED,2026-02-17 12:49:02.967878-05:00,2026-03-02 02:30:56.283885-05:00,,2026-02-16 05:43:28.824963-05:00,2026-03-01 02:17:02.121950-05:00
922,922,TERM_LOAN,410000.00,FUNDED,2026-02-17 12:54:18.940036-05:00,,NSC-DIRECT,2026-02-16 20:28:43.510203-05:00,2026-02-27 23:48:21.793009-05:00
923,923,EQUIPMENT,345000.00,FUNDED,2026-02-17 13:31:24.746440-05:00,2026-03-04 02:28:20.576874-05:00,NSC-DIRECT,2026-02-15 13:41:15.607904-05:00,2026-03-06 00:37:05.413153-05:00
924,924,EQUIPMENT,750000.00,APPROVED,2026-02-17 13:05:56.704635-05:00,2026-03-07 14:33:05.093883-05:00,,2026-02-17 10:57:18.505696-05:00,2026-03-07 12:55:42.303627-05:00
925,925,LOC,78000.00,FUNDED,2026-02-17 13:08:35.657000-05:00,2026-03-02 02:14:41.055643-05:00,,2026-02-16 20:01:59.010783-05:00,2026-03-03 20:09:44.710011-05:00
926,926,TERM_LOAN,100000.00,DECLINED,2026-02-17 11:57:41.571394-05:00,2026-02-28 02:42:14.094392-05:00,,2026-02-15 02:57:59.060449-05:00,2026-02-27 02:15:41.235176-05:00
927,927,EQUIPMENT,510000.00,FUNDED,2026-02-17 13:37:59.810647-05:00,,NSC-DIRECT,2026-02-16 13:39:04.574712-05:00,2026-03-04 09:37:28.079484-05:00
928,928,TERM_LOAN,215000.00,FUNDED,2026-02-17 13:40:38.124962-05:00,2026-03-01 02:42:00.388589-05:00,NSC-DIRECT,2026-02-17 10:22:25.341226-05:00,2026-03-11 21:21:18.538151-05:00
929,929,SBA_7A,815000.00,FUNDED,2026-02-17 13:56:04.274681-05:00,2026-02-26 02:24:42.108934-05:00,BAY,2026-02-17 08:09:31.584614-05:00,2026-03-02 06:17:05.204487-05:00
930,930,EQUIPMENT,235000.00,DECLINED,2026-02-17 14:04:22.928238-05:00,2026-03-04 02:45:02.902682-05:00,NSC_DIRECT,2026-02-16 10:01:00.595269-05:00,2026-03-03 20:35:31.400624-05:00
931,931,LOC,78000.00,DOCS_REQUESTED,2026-02-17 13:17:29.011810-05:00,,,2026-02-15 13:07:58.640369-05:00,2026-02-17 16:20:31.292412-05:00
932,932,TERM_LOAN,37000.00,DOCS_REQUESTED,2026-02-17 13:59:44.133313-05:00,,NSC-DIRECT,2026-02-16 02:38:31.824127-05:00,2026-02-17 15:29:03.287637-05:00
933,933,SBA_7A,1685000.00,DOCS_REQUESTED,2026-02-17 14:18:44.629813-05:00,,bayline,2026-02-15 20:39:28.919144-05:00,2026-02-17 15:45:29.841417-05:00
934,934,TERM_LOAN,87000.00,DECLINED,2026-02-17 13:54:25.113035-05:00,2026-02-22 12:55:22.708956-05:00,,2026-02-13 18:22:13.555805-05:00,2026-02-22 11:56:04.128628-05:00
935,935,TERM_LOAN,370000.00,FUNDED,2026-02-17 15:02:08.137672-05:00,2026-02-21 02:23:03.253047-05:00,1,2026-02-16 00:29:25.993487-05:00,2026-02-23 15:17:29.768063-05:00
936,936,TERM_LOAN,305000.00,DECLINED,2026-02-17 15:23:32.939393-05:00,2026-02-21 13:05:55.497126-05:00,,2026-02-17 08:31:28.752598-05:00,2026-02-21 11:37:30.524789-05:00
937,937,TERM_LOAN,165000.00,DECLINED,2026-02-17 15:08:02.254477-05:00,,1,2026-02-17 05:31:21.633758-05:00,2026-02-21 12:40:28.111742-05:00
938,938,TERM_LOAN,95000.00,WITHDRAWN,2026-02-17 15:58:54.831477-05:00,,,2026-02-17 03:50:12.082881-05:00,2026-02-21 11:24:37.645292-05:00
939,939,LOC,160000.00,APPROVED,2026-02-17 15:58:07.560256-05:00,2026-02-23 19:47:44.168674-05:00,,2026-02-16 08:57:25.850982-05:00,2026-02-23 17:38:05.967458-05:00
940,940,LOC,115000.00,DECLINED,2026-02-17 16:02:59.253386-05:00,2026-03-09 13:11:12.625113-05:00,,2026-02-16 02:50:24.362600-05:00,2026-03-09 12:19:30.312302-05:00
941,941,TERM_LOAN,265000.00,FUNDED,2026-02-17 15:42:54.406466-05:00,2026-03-08 05:17:04.554957-05:00,NSC-DIRECT,2026-02-16 04:28:39.215012-05:00,2026-03-11 04:30:34.407500-05:00
942,942,EQUIPMENT,62000.00,WITHDRAWN,2026-02-17 16:32:19.178683-05:00,,NSC-DIRECT,2026-02-17 14:25:04.601036-05:00,2026-02-21 14:54:29.952172-05:00
943,943,EQUIPMENT,470000.00,FUNDED,2026-02-17 16:52:29.083002-05:00,2026-02-24 02:10:12.905103-05:00,CASCADE-FUNDING,2026-02-17 00:15:21.819946-05:00,2026-02-26 18:49:26.857023-05:00
944,944,TERM_LOAN,485000.00,FUNDED,2026-02-17 16:58:31.880363-05:00,2026-02-19 02:26:16.861441-05:00,,2026-02-16 08:02:23.854539-05:00,2026-02-26 16:48:23.922485-05:00
945,945,TERM_LOAN,55000.00,FUNDED,2026-02-17 16:30:26.580389-05:00,2026-03-09 02:11:25.938673-05:00,,2026-02-13 14:12:51.909321-05:00,2026-03-12 17:07:33.476427-05:00
946,946,EQUIPMENT,295000.00,DECLINED,2026-02-17 17:16:35.174064-05:00,2026-02-27 04:08:20.619238-05:00,NSC_DIRECT,2026-02-17 11:25:42.817036-05:00,2026-02-27 01:07:46.193024-05:00
947,947,TERM_LOAN,43000.00,DECLINED,2026-02-17 17:46:43.546385-05:00,2026-03-04 10:24:33.067441-05:00,,2026-02-17 02:18:44.238962-05:00,2026-03-04 08:08:10.847645-05:00
948,948,TERM_LOAN,150000.00,DECLINED,2026-02-17 17:32:39.418792-05:00,2026-03-19 02:58:47.497883-05:00,bayline,2026-02-16 06:02:37.997052-05:00,2026-03-18 23:32:21.121573-05:00
949,949,EQUIPMENT,75000.00,FUNDED,,2026-02-25 22:54:40.997782-05:00,NSC-DIRECT,2026-02-17 12:53:16.475733-05:00,2026-03-01 13:50:03.746868-05:00
950,950,TERM_LOAN,87000.00,DECLINED,2026-02-17 19:02:51.748037-05:00,2026-02-21 23:00:58.345427-05:00,BAY,2026-02-17 15:04:08.624305-05:00,2026-02-21 20:37:21.820759-05:00
951,951,SBA_7A,435000.00,PENDING_INFO,2026-02-17 19:33:00.055935-05:00,,CASCADE-FUNDING,2026-02-17 08:41:55.291857-05:00,2026-02-20 21:51:34.056398-05:00
952,952,SBA_7A,2135000.00,FUNDED,2026-02-17 19:22:04.646139-05:00,2026-03-04 09:19:58.946481-05:00,,2026-02-15 13:27:50.046680-05:00,2026-03-10 11:54:26.571712-05:00
953,953,LOC,79000.00,FUNDED,2026-02-17 20:05:42.470104-05:00,2026-03-02 12:23:54.975070-05:00,,2026-02-17 03:35:03.487040-05:00,2026-03-07 16:20:44.087876-05:00
954,954,LOC,345000.00,WITHDRAWN,2026-02-17 20:49:08.954225-05:00,,BAY,2026-02-11 21:26:56.682949-05:00,2026-02-26 02:32:32.471896-05:00
955,955,SBA_7A,410000.00,DOCS_REQUESTED,2026-02-17 22:40:16.200749-05:00,,,2026-02-15 06:57:00.863343-05:00,2026-02-18 00:12:30.357145-05:00
956,956,TERM_LOAN,670000.00,FUNDED,2026-02-17 22:43:42.459219-05:00,2026-02-26 11:47:42.008663-05:00,bayline,2026-02-17 07:45:45.143220-05:00,2026-03-02 11:20:42.429204-05:00
957,957,LOC,395000.00,DECLINED,2026-02-17 22:55:04.713012-05:00,2026-03-02 07:22:24.542836-05:00,,2026-02-16 21:52:35.643485-05:00,2026-03-02 07:00:49.327118-05:00
958,958,TERM_LOAN,130000.00,WITHDRAWN,2026-02-19 02:10:00.351218-05:00,,CASCADE-FUNDING,2026-02-15 01:55:12.604634-05:00,2026-03-14 10:20:54.223081-05:00
959,959,TERM_LOAN,480000.00,FUNDED,2026-02-18 00:53:49.701831-05:00,2026-03-11 02:11:58.773855-05:00,,2026-02-17 18:24:15.307124-05:00,2026-03-16 14:50:57.190687-05:00
960,960,TERM_LOAN,87000.00,PENDING_INFO,2026-02-18 01:43:42.227276-05:00,,NSC-DIRECT,2026-02-15 15:38:03.305135-05:00,2026-02-24 16:05:06.517951-05:00
961,961,EQUIPMENT,160000.00,DECLINED,2026-02-18 02:34:04.302128-05:00,2026-02-27 01:06:48.659775-05:00,,2026-02-12 00:47:26.925911-05:00,2026-02-26 22:07:32.536830-05:00
962,962,TERM_LOAN,160000.00,FUNDED,2026-02-18 03:34:01.363090-05:00,,,2026-02-17 04:11:42.954859-05:00,2026-03-31 03:04:27.178812-05:00
963,963,TERM_LOAN,535000.00,PENDING_INFO,2026-02-18 04:42:56.498647-05:00,,,2026-02-13 22:08:47.725138-05:00,2026-03-05 06:47:25.610195-05:00
964,964,EQUIPMENT,335000.00,DECLINED,2026-02-18 05:34:06.758207-05:00,2026-03-04 22:36:11.066426-05:00,bayline,2026-02-17 16:53:52.751122-05:00,2026-03-04 19:45:21.864939-05:00
965,965,EQUIPMENT,205000.00,FUNDED,2026-02-18 06:13:35.867392-05:00,2026-02-24 17:45:08.484810-05:00,,2026-02-17 21:07:10.801346-05:00,2026-03-04 11:34:15.419579-05:00
966,966,TERM_LOAN,190000.00,FUNDED,2026-02-18 07:08:16.446835-05:00,2026-03-03 02:33:25.927702-05:00,BAY,2026-02-17 23:44:38.918560-05:00,2026-03-13 12:40:14.141182-05:00
967,967,TERM_LOAN,100000.00,DECLINED,2026-02-18 06:55:59.298213-05:00,2026-03-02 05:35:59.712933-05:00,,2026-02-17 00:42:24.438369-05:00,2026-03-02 05:06:31.656991-05:00
968,968,LOC,225000.00,DECLINED,2026-02-18 06:49:01.170293-05:00,2026-03-02 02:17:00.632968-05:00,3,2026-02-17 16:52:02.898111-05:00,2026-03-01 21:00:08.576129-05:00
969,969,TERM_LOAN,115000.00,APPROVED,2026-02-18 07:35:38.348813-05:00,2026-02-23 15:26:53.954966-05:00,NSC_DIRECT,2026-02-17 04:07:44.108408-05:00,2026-02-23 12:55:15.408800-05:00
970,970,LOC,53000.00,DECLINED,2026-02-18 07:57:56.873831-05:00,2026-03-11 02:28:12.045172-05:00,1,2026-02-17 11:11:08.439061-05:00,2026-03-10 03:22:16.334813-05:00
971,971,LOC,105000.00,DOCS_REQUESTED,2026-02-18 06:07:42.200381-05:00,,,2026-02-16 11:45:58.860139-05:00,2026-02-18 09:11:22.289881-05:00
972,972,TERM_LOAN,43000.00,FUNDED,2026-02-18 08:12:51.899896-05:00,2026-03-02 02:34:12.185205-05:00,CSC,2026-02-17 17:31:32.332238-05:00,2026-03-04 01:48:41.733392-05:00
973,973,TERM_LOAN,55000.00,FUNDED,2026-02-18 09:11:33.396027-05:00,2026-03-04 02:44:16.157521-05:00,,2026-02-17 09:31:35.999990-05:00,2026-03-05 00:31:09.841185-05:00
974,974,LOC,125000.00,FUNDED,2026-02-18 09:06:59.570049-05:00,,,2026-02-15 23:31:25.883728-05:00,2026-02-26 22:04:38.937581-05:00
975,975,SBA_7A,585000.00,WITHDRAWN,2026-02-18 08:56:02.873071-05:00,,,2026-02-17 09:28:33.982287-05:00,2026-03-12 17:03:46.619999-05:00
976,976,LOC,25000.00,APPROVED,2026-02-18 08:18:20.960074-05:00,2026-03-10 17:55:57.203077-05:00,BAY,2026-02-16 21:04:52.625697-05:00,2026-03-10 15:24:21.321482-05:00
977,977,TERM_LOAN,725000.00,WITHDRAWN,2026-02-18 08:28:32.031675-05:00,,,2026-02-17 04:22:32.198220-05:00,2026-03-10 22:35:40.257764-05:00
978,978,SBA_7A,185000.00,FUNDED,2026-02-18 15:02:33.521074-05:00,2026-03-04 02:34:08.797845-05:00,2,2026-02-17 23:20:41.773320-05:00,2026-03-13 01:34:35.416689-05:00
979,979,EQUIPMENT,130000.00,DECLINED,2026-02-18 08:51:56.851345-05:00,2026-02-22 20:01:49.287637-05:00,,2026-02-17 20:02:01.525628-05:00,2026-02-22 17:36:31.371588-05:00
980,980,TERM_LOAN,350000.00,DOCS_REQUESTED,2026-02-18 10:00:55.708121-05:00,,,2026-02-18 00:29:53.108980-05:00,2026-02-18 12:00:47.002141-05:00
981,981,TERM_LOAN,195000.00,DOCS_REQUESTED,2026-02-18 09:13:30.611723-05:00,,,2026-02-16 20:59:58.324427-05:00,2026-02-18 11:50:26.558181-05:00
982,982,EQUIPMENT,365000.00,DECLINED,2026-02-18 10:20:41.327377-05:00,2026-03-14 02:20:57.565092-05:00,,2026-02-17 15:36:40.166192-05:00,2026-03-13 22:23:53.889778-05:00
983,983,TERM_LOAN,365000.00,DECLINED,2026-02-18 10:23:41.692514-05:00,2026-02-22 02:20:07.285818-05:00,,2026-02-17 11:02:04.512513-05:00,2026-02-21 10:34:15.497241-05:00
984,984,LOC,68000.00,FUNDED,2026-02-18 10:23:07.293079-05:00,2026-03-08 09:26:28.585936-05:00,,2026-02-17 00:36:34.099046-05:00,2026-03-13 15:25:05.480839-05:00
985,985,TERM_LOAN,190000.00,FUNDED,2026-02-18 09:01:55.399628-05:00,2026-03-06 23:02:40.302143-05:00,1,2026-02-12 04:34:09.547596-05:00,2026-03-10 18:22:12.587221-05:00
986,986,LOC,80000.00,FUNDED,2026-02-18 10:39:20.566168-05:00,2026-02-28 10:46:45.801830-05:00,,2026-02-16 21:12:32.198215-05:00,2026-03-04 15:58:05.452467-05:00
987,987,LOC,105000.00,FUNDED,2026-02-18 10:32:55.067314-05:00,2026-03-02 02:24:22.331217-05:00,,2026-02-14 04:32:32.426771-05:00,2026-03-06 09:53:49.969144-05:00
988,988,TERM_LOAN,95000.00,WITHDRAWN,2026-02-18 11:08:26.286476-05:00,,1,2026-02-18 01:16:58.800743-05:00,2026-03-13 04:45:13.014784-05:00
989,989,EQUIPMENT,54000.00,DECLINED,2026-02-18 05:45:07.783568-05:00,2026-03-05 02:38:44.303491-05:00,NSC-DIRECT,2026-02-18 06:30:03.302831-05:00,2026-03-04 22:02:23.747097-05:00
990,990,SBA_7A,1650000.00,FUNDED,2026-02-18 10:41:20.290851-05:00,2026-02-23 02:35:00.095503-05:00,,2026-02-02 08:29:39.982360-05:00,2026-03-01 09:14:05.432313-05:00
991,991,EQUIPMENT,50000.00,FUNDED,2026-02-18 11:04:58.635678-05:00,2026-03-13 02:14:32.012261-05:00,BAY,2026-02-17 08:47:26.362687-05:00,2026-03-15 10:53:46.881288-05:00
992,992,TERM_LOAN,320000.00,FUNDED,2026-02-18 09:40:32.208531-05:00,2026-03-21 02:29:35.230883-05:00,NSC-DIRECT,2026-02-15 12:58:58.981791-05:00,2026-03-29 15:45:31.833227-05:00
993,993,LOC,285000.00,DECLINED,2026-02-18 11:14:35.243542-05:00,2026-02-24 12:49:39.431776-05:00,BAY,2026-02-17 22:28:33.299357-05:00,2026-02-24 09:21:53.712053-05:00
994,994,LOC,120000.00,DECLINED,2026-02-18 10:26:48.555408-05:00,2026-02-23 14:35:00.870479-05:00,,2026-02-17 20:40:07.394854-05:00,2026-02-23 13:31:38.347068-05:00
995,995,LOC,44000.00,DECLINED,2026-02-17 05:04:24.189275-05:00,2026-02-24 12:37:37.086273-05:00,CSC,2026-02-13 14:13:59.782534-05:00,2026-02-24 12:52:25.457710-05:00
996,996,EQUIPMENT,195000.00,APPROVED,2026-02-18 09:35:01.860722-05:00,2026-02-23 06:04:31.383481-05:00,NSC-DIRECT,2026-02-17 10:16:05.747814-05:00,2026-02-23 04:55:45.222868-05:00
997,997,TERM_LOAN,110000.00,DECLINED,2026-02-18 11:34:28.185844-05:00,2026-02-20 02:22:47.298942-05:00,,2026-02-18 03:25:39.441762-05:00,2026-02-19 14:21:43.957805-05:00
998,998,EQUIPMENT,370000.00,DECLINED,2026-02-18 12:22:27.128952-05:00,2026-02-27 02:07:27.389557-05:00,,2026-02-18 05:21:57.750252-05:00,2026-02-26 04:16:28.001163-05:00
999,999,LOC,26000.00,FUNDED,2026-02-18 11:59:59.648334-05:00,2026-03-04 02:43:23.905658-05:00,BAY,2026-02-18 06:21:24.252687-05:00,2026-03-06 04:29:02.315987-05:00
1000,1000,SBA_7A,735000.00,APPROVED,2026-02-18 12:31:55.798287-05:00,2026-03-01 07:58:33.111560-05:00,,2026-02-18 06:06:42.203383-05:00,2026-03-01 07:06:51.764921-05:00
1001,1001,TERM_LOAN,335000.00,FUNDED,2026-02-18 12:45:46.609364-05:00,2026-03-13 02:47:49.323293-05:00,1,2026-02-18 10:02:52.401090-05:00,2026-03-27 18:18:19.901600-05:00
1002,1002,SBA_7A,245000.00,WITHDRAWN,2026-02-18 12:02:26.206122-05:00,,NSC_DIRECT,2026-02-16 19:17:25.243628-05:00,2026-03-27 07:22:50.464003-05:00
1003,1003,LOC,27000.00,DOCS_REQUESTED,2026-02-18 12:58:51.993484-05:00,,NSC-DIRECT,2026-02-17 08:37:30.589373-05:00,2026-02-18 15:01:04.954137-05:00
1004,1004,EQUIPMENT,410000.00,FUNDED,2026-02-18 12:46:48.725907-05:00,,BAY,2026-02-16 13:33:43.171235-05:00,2026-02-24 00:36:33.506484-05:00
1005,1005,LOC,395000.00,DECLINED,2026-02-18 13:18:49.576643-05:00,2026-03-02 02:30:11.448770-05:00,NSC-DIRECT,2026-02-16 13:25:27.869361-05:00,2026-03-01 04:40:18.481517-05:00
1006,1006,LOC,100000.00,FUNDED,2026-02-18 13:19:58.033729-05:00,2026-03-04 02:21:02.520612-05:00,NSC-DIRECT,2026-02-18 01:33:30.240107-05:00,2026-03-11 11:45:33.330395-05:00
1007,1007,TERM_LOAN,645000.00,DECLINED,2026-02-18 13:49:56.617608-05:00,2026-02-28 02:25:50.161249-05:00,,2026-02-17 10:18:56.336730-05:00,2026-02-27 06:05:44.593550-05:00
1008,1008,TERM_LOAN,515000.00,DECLINED,2026-02-18 12:34:41.299755-05:00,2026-02-24 02:29:03.767265-05:00,,2026-02-18 01:16:39.801342-05:00,2026-02-23 21:44:08.805967-05:00
1009,1009,LOC,31000.00,FUNDED,2026-02-18 14:30:21.720309-05:00,2026-03-15 02:27:51.481875-05:00,CSC,2026-02-16 03:17:09.025547-05:00,2026-03-23 09:38:38.660153-05:00
1010,1010,TERM_LOAN,550000.00,FUNDED,2026-02-18 14:08:44.961341-05:00,2026-02-26 17:26:40.514524-05:00,,2026-02-17 06:07:40.256592-05:00,2026-03-05 20:36:55.719741-05:00
1011,1011,LOC,300000.00,DECLINED,2026-02-18 14:36:32.762149-05:00,2026-03-02 02:19:10.262892-05:00,,2026-02-13 22:34:02.494629-05:00,2026-03-01 23:31:30.871428-05:00
1012,1012,EQUIPMENT,270000.00,FUNDED,2026-02-18 14:38:36.819825-05:00,2026-02-28 10:29:47.783811-05:00,NSC-DIRECT,2026-02-16 15:21:44.460871-05:00,2026-03-04 17:39:42.343043-05:00
1013,1013,LOC,33000.00,FUNDED,2026-02-18 15:19:22.828643-05:00,,CSC,2026-02-15 18:54:42.183703-05:00,2026-02-24 16:18:22.314603-05:00
1014,1014,EQUIPMENT,425000.00,FUNDED,2026-02-18 15:38:35.725837-05:00,2026-02-28 02:47:51.936542-05:00,,2026-02-16 23:58:13.753728-05:00,2026-02-28 17:15:32.468378-05:00
1015,1015,TERM_LOAN,150000.00,DECLINED,2026-02-18 15:21:45.989506-05:00,2026-03-27 02:29:54.522268-05:00,NSC_DIRECT,2026-02-18 00:19:27.237694-05:00,2026-03-26 06:42:57.108856-05:00
1016,1016,EQUIPMENT,41000.00,DECLINED,2026-02-18 15:57:59.748908-05:00,2026-03-01 02:47:09.350826-05:00,bayline,2026-02-18 11:52:49.545256-05:00,2026-02-28 22:27:30.558209-05:00
1017,1017,EQUIPMENT,415000.00,FUNDED,2026-02-18 16:05:11.904618-05:00,,NSC-DIRECT,2026-02-17 06:58:59.286823-05:00,2026-03-17 06:36:39.191353-05:00
1018,1018,TERM_LOAN,220000.00,DRAFT,,,,2026-02-18 18:11:41.580496-05:00,2026-02-18 18:11:41.580496-05:00
1019,1019,EQUIPMENT,590000.00,FUNDED,2026-02-18 16:32:13.496302-05:00,2026-02-23 14:03:01.821190-05:00,,2026-02-17 08:06:51.617275-05:00,2026-02-28 06:59:37.258592-05:00
1020,1020,EQUIPMENT,335000.00,FUNDED,2026-02-18 16:26:53.158039-05:00,2026-02-27 02:22:02.128084-05:00,NSC-DIRECT,2026-02-07 19:57:18.348167-05:00,2026-02-28 20:03:13.762185-05:00
1021,1021,EQUIPMENT,100000.00,FUNDED,2026-02-18 16:22:08.482579-05:00,2026-03-04 12:28:26.170506-05:00,CASCADE-FUNDING,2026-02-16 19:07:20.227373-05:00,2026-03-07 03:54:24.836907-05:00
1022,1022,TERM_LOAN,155000.00,DECLINED,2026-02-18 16:41:15.839312-05:00,2026-02-25 10:20:53.409382-05:00,,2026-02-18 02:34:50.157200-05:00,2026-02-25 09:16:50.468139-05:00
1023,1023,SBA_7A,420000.00,FUNDED,2026-02-18 16:40:56.653331-05:00,2026-03-08 10:17:44.044407-05:00,CASCADE-FUNDING,2026-02-18 10:25:14.605047-05:00,2026-03-13 23:33:53.894803-05:00
1024,1024,EQUIPMENT,590000.00,FUNDED,2026-02-18 16:59:11.682652-05:00,2026-02-26 02:25:41.085199-05:00,,2026-02-17 17:32:46.171741-05:00,2026-03-02 14:25:33.164225-05:00
1025,1025,LOC,125000.00,DOCS_REQUESTED,2026-02-17 23:26:40.743242-05:00,,CSC,2026-02-18 02:51:14.611051-05:00,2026-02-18 19:40:53.772861-05:00
1026,1026,LOC,44000.00,DECLINED,2026-02-18 17:16:04.675411-05:00,2026-03-02 04:58:26.643499-05:00,,2026-02-14 05:11:45.297705-05:00,2026-03-02 04:39:07.828835-05:00
1027,1027,EQUIPMENT,205000.00,DECLINED,2026-02-18 18:02:58.438990-05:00,2026-03-09 02:45:12.258442-05:00,3,2026-02-18 15:02:57.787137-05:00,2026-03-08 03:33:55.950210-05:00
1028,1028,TERM_LOAN,145000.00,DECLINED,2026-02-18 19:03:41.008934-05:00,2026-02-25 10:39:15.819768-05:00,bayline,2026-02-16 16:31:19.664479-05:00,2026-02-25 07:47:19.424954-05:00
1029,1029,LOC,52000.00,FUNDED,2026-02-18 18:19:12.227020-05:00,,,2026-02-17 11:53:48.696119-05:00,2026-02-26 14:04:43.790801-05:00
1030,1030,LOC,105000.00,PENDING_INFO,2026-02-18 18:47:37.862683-05:00,,,2026-02-16 21:25:39.069972-05:00,2026-03-03 03:42:46.218750-05:00
1031,1031,LOC,270000.00,DECLINED,2026-02-18 20:07:35.092118-05:00,2026-03-15 02:45:48.596420-05:00,1,2026-02-14 17:24:01.870047-05:00,2026-03-14 08:54:44.879433-05:00
1032,1032,LOC,45000.00,APPROVED,2026-02-18 20:32:07.665943-05:00,2026-03-02 02:38:13.278296-05:00,NSC-DIRECT,2026-02-18 02:15:36.966321-05:00,2026-03-01 02:46:29.066164-05:00
1033,1033,TERM_LOAN,47000.00,DECLINED,2026-02-18 21:24:05.638159-05:00,2026-02-22 02:13:13.582706-05:00,,2026-02-17 13:28:25.315287-05:00,2026-02-21 04:13:23.734549-05:00
1034,1034,LOC,100000.00,DECLINED,2026-02-18 22:06:40.163077-05:00,2026-03-01 02:29:07.298999-05:00,CASCADE-FUNDING,2026-02-12 08:01:44.825511-05:00,2026-02-28 17:06:13.308094-05:00
1035,1035,TERM_LOAN,88000.00,APPROVED,2026-02-18 22:28:14.336753-05:00,2026-03-05 14:43:22.652860-05:00,CASCADE-FUNDING,2026-02-18 18:37:16.710629-05:00,2026-03-05 12:05:54.483908-05:00
1036,1036,LOC,165000.00,DECLINED,2026-02-20 02:10:00.559559-05:00,2026-04-14 06:37:08.210660-05:00,,2026-02-18 21:51:14.842525-05:00,2026-04-14 06:05:20.411506-05:00
1037,1037,TERM_LOAN,590000.00,FUNDED,2026-02-19 01:44:37.015903-05:00,2026-02-26 02:17:50.501101-05:00,2,2026-02-18 19:27:25.761420-05:00,2026-03-07 11:57:07.551236-05:00
1038,1038,TERM_LOAN,530000.00,DECLINED,2026-02-19 04:11:30.574579-05:00,2026-03-14 02:23:03.863134-05:00,2,2026-02-18 03:52:57.998485-05:00,2026-03-13 07:06:47.445878-05:00
1039,1039,LOC,230000.00,FUNDED,2026-02-19 05:02:56.448757-05:00,2026-02-28 15:36:53.566827-05:00,BAY,2026-02-18 04:10:35.587635-05:00,2026-03-03 21:05:10.544155-05:00
1040,1040,EQUIPMENT,445000.00,FUNDED,2026-02-19 03:54:32.602075-05:00,2026-02-28 02:30:53.707360-05:00,,2026-02-19 00:31:58.441003-05:00,2026-03-02 20:41:29.518195-05:00
1041,1041,LOC,37000.00,WITHDRAWN,2026-02-19 04:52:35.428406-05:00,,1,2026-02-18 00:56:55.081779-05:00,2026-02-25 11:07:34.669720-05:00
1042,1042,EQUIPMENT,125000.00,APPROVED,2026-02-19 05:28:44.566161-05:00,2026-03-01 01:44:42.591148-05:00,,2026-02-19 02:58:48.407808-05:00,2026-03-01 00:20:30.976840-05:00
1043,1043,SBA_7A,510000.00,FUNDED,2026-02-19 06:10:35.409271-05:00,2026-03-06 19:10:00.415039-05:00,BAY,2026-02-19 03:22:51.737207-05:00,2026-03-11 23:25:27.603462-05:00
1044,1044,SBA_7A,1200000.00,WITHDRAWN,2026-02-19 07:10:30.087939-05:00,,,2026-02-19 04:44:47.064632-05:00,2026-03-10 20:39:55.272836-05:00
1045,1045,SBA_7A,310000.00,FUNDED,2026-02-19 07:16:12.794134-05:00,2026-02-23 02:45:50.917641-05:00,,2026-02-18 10:41:03.693763-05:00,2026-02-28 21:25:03.270385-05:00
1046,1046,LOC,38000.00,FUNDED,2026-02-19 08:18:53.310550-05:00,2026-03-04 02:38:30.880207-05:00,,2026-02-18 13:49:12.370208-05:00,2026-03-09 23:58:16.008652-05:00
1047,1047,EQUIPMENT,260000.00,DECLINED,2026-02-19 08:23:01.293730-05:00,,1,2026-02-13 06:04:25.688622-05:00,2026-03-13 16:01:33.516425-05:00
1048,1048,EQUIPMENT,250000.00,FUNDED,2026-02-19 08:51:34.777328-05:00,2026-03-01 16:23:22.434407-05:00,NSC-DIRECT,2026-02-18 11:48:27.736164-05:00,2026-03-06 06:01:21.970914-05:00
1049,1049,TERM_LOAN,56000.00,DECLINED,2026-02-19 09:08:23.209229-05:00,2026-02-28 02:13:06.438366-05:00,,2026-02-17 19:03:17.875513-05:00,2026-02-27 03:24:50.442134-05:00
1050,1050,TERM_LOAN,270000.00,DECLINED,2026-02-19 08:52:05.517289-05:00,2026-03-06 02:05:35.194784-05:00,CSC,2026-02-17 06:57:24.852766-05:00,2026-03-05 17:29:24.071452-05:00
1051,1051,EQUIPMENT,735000.00,DECLINED,2026-02-19 09:44:53.277693-05:00,2026-03-07 07:44:13.293533-05:00,,2026-02-18 06:23:54.358164-05:00,2026-03-07 07:36:08.948779-05:00
1052,1052,TERM_LOAN,235000.00,FUNDED,,,1,2026-02-19 05:21:40.987459-05:00,2026-03-08 09:18:09.104650-05:00
1053,1053,TERM_LOAN,680000.00,APPROVED,2026-02-19 08:41:17.885249-05:00,2026-03-17 02:47:42.927400-05:00,NSC-DIRECT,2026-02-19 06:40:33.531211-05:00,2026-03-16 05:33:58.968600-05:00
1054,1054,TERM_LOAN,97000.00,FUNDED,2026-02-19 09:37:04.917455-05:00,,,2026-02-19 02:34:17.054226-05:00,2026-03-24 09:56:30.993500-05:00
1055,1055,EQUIPMENT,135000.00,FUNDED,2026-02-19 09:50:28.307451-05:00,2026-03-09 02:33:34.162192-05:00,,2026-02-19 03:05:43.051870-05:00,2026-03-10 12:02:32.640378-05:00
1056,1056,LOC,335000.00,FUNDED,2026-02-19 09:50:50.804341-05:00,2026-02-24 10:34:42.175656-05:00,,2026-02-17 20:11:22.236293-05:00,2026-02-27 00:14:52.616229-05:00
1057,1057,SBA_7A,2350000.00,DECLINED,2026-02-19 10:38:08.709037-05:00,2026-02-26 16:46:09.255328-05:00,2,2026-02-18 13:50:52.135179-05:00,2026-02-26 17:05:15.426206-05:00
1058,1058,LOC,345000.00,PENDING_INFO,2026-02-19 10:31:20.645325-05:00,,bayline,2026-02-15 10:12:32.979925-05:00,2026-02-22 15:01:31.980335-05:00
1059,1059,TERM_LOAN,66000.00,WITHDRAWN,2026-02-19 10:38:48.771236-05:00,,,2026-02-17 17:32:46.679198-05:00,2026-02-22 18:57:16.726286-05:00
1060,1060,EQUIPMENT,600000.00,PENDING_INFO,2026-02-19 10:09:54.375241-05:00,,CASCADE-FUNDING,2026-02-19 06:28:49.963703-05:00,2026-02-28 20:02:24.732574-05:00
1061,1061,TERM_LOAN,515000.00,FUNDED,2026-02-19 10:38:52.561138-05:00,2026-02-25 20:05:43.895557-05:00,,2026-02-17 05:04:13.445485-05:00,2026-03-01 01:08:06.184321-05:00
1062,1062,LOC,175000.00,DECLINED,2026-02-19 10:28:15.193829-05:00,2026-02-27 02:42:14.252708-05:00,,2026-02-19 03:37:34.573407-05:00,2026-02-26 22:15:29.117362-05:00
1063,1063,EQUIPMENT,345000.00,DECLINED,2026-02-19 10:30:15.156898-05:00,2026-02-23 02:19:25.061890-05:00,,2026-02-19 05:19:01.861888-05:00,2026-02-22 00:51:39.417364-05:00
1064,1064,SBA_7A,455000.00,DECLINED,2026-02-19 11:23:13.922654-05:00,2026-03-07 02:13:20.751705-05:00,,2026-02-16 08:41:25.323457-05:00,2026-03-06 00:44:37.942414-05:00
1065,1065,LOC,105000.00,DECLINED,2026-02-19 10:30:20.935066-05:00,2026-03-06 01:57:19.422143-05:00,,2026-02-14 11:40:45.306599-05:00,2026-03-05 23:22:10.799118-05:00
1066,1066,EQUIPMENT,515000.00,FUNDED,2026-02-19 11:41:28.885143-05:00,2026-02-27 09:25:23.879872-05:00,NSC_DIRECT,2026-02-15 11:37:13.831648-05:00,2026-03-08 02:37:59.589880-05:00
1067,1067,TERM_LOAN,50000.00,FUNDED,2026-02-19 10:57:31.846325-05:00,,NSC_DIRECT,2026-02-19 04:04:29.427624-05:00,2026-03-18 14:13:49.220657-05:00
1068,1068,LOC,26000.00,FUNDED,2026-02-19 11:35:01.289372-05:00,,3,2026-02-18 10:54:40.256071-05:00,2026-03-01 17:53:37.239156-05:00
1069,1069,LOC,295000.00,FUNDED,2026-02-19 11:15:09.047904-05:00,2026-02-27 02:28:00.129950-05:00,NSC-DIRECT,2026-02-19 04:27:19.571626-05:00,2026-03-03 20:47:47.462124-05:00
1070,1070,LOC,135000.00,DECLINED,2026-02-19 11:44:21.785478-05:00,,3,2026-02-18 23:29:21.410596-05:00,2026-02-23 09:40:49.223091-05:00
1071,1071,EQUIPMENT,270000.00,DECLINED,2026-02-19 12:09:20.559293-05:00,,,2026-02-18 18:58:30.312624-05:00,2026-03-05 03:12:13.498122-05:00
1072,1072,EQUIPMENT,535000.00,FUNDED,2026-02-19 12:11:48.272975-05:00,2026-03-06 07:37:15.925147-05:00,,2026-02-16 23:18:18.403709-05:00,2026-03-13 12:30:00.079642-05:00
1073,1073,EQUIPMENT,675000.00,FUNDED,2026-02-19 11:26:37.838543-05:00,2026-02-26 02:42:22.277036-05:00,CSC,2026-02-17 20:28:03.206500-05:00,2026-03-04 05:16:57.542599-05:00
1074,1074,TERM_LOAN,110000.00,WITHDRAWN,2026-02-19 12:36:43.074913-05:00,,2,2026-02-19 07:11:55.276820-05:00,2026-02-24 02:13:29.744075-05:00
1075,1075,EQUIPMENT,140000.00,FUNDED,2026-02-19 12:47:13.884832-05:00,2026-03-06 04:12:00.725673-05:00,BAY,2026-02-18 22:17:28.795554-05:00,2026-03-08 19:38:14.211378-05:00
1076,1076,LOC,25000.00,DECLINED,2026-02-19 11:36:39.463161-05:00,2026-03-08 07:03:18.723591-05:00,,2026-02-19 07:56:32.281379-05:00,2026-03-08 04:19:13.632276-05:00
1077,1077,TERM_LOAN,450000.00,APPROVED,2026-02-20 02:10:00.200806-05:00,2026-02-24 02:27:42.423180-05:00,,2026-02-18 08:11:50.333936-05:00,2026-02-23 21:30:37.457473-05:00
1078,1078,TERM_LOAN,225000.00,FUNDED,,2026-03-03 02:42:27.117973-05:00,,2026-02-16 12:24:34.387892-05:00,2026-03-07 07:15:14.546681-05:00
1079,1079,TERM_LOAN,135000.00,FUNDED,2026-02-19 13:48:56.051440-05:00,2026-03-19 23:05:34.268613-05:00,,2026-02-18 10:37:38.461296-05:00,2026-03-23 09:19:49.917303-05:00
1080,1080,EQUIPMENT,530000.00,PENDING_INFO,2026-02-19 13:59:39.650185-05:00,,,2026-02-18 18:39:21.132511-05:00,2026-02-22 06:58:35.518474-05:00
1081,1081,TERM_LOAN,120000.00,DECLINED,2026-02-19 14:01:51.856049-05:00,2026-02-27 10:27:36.789988-05:00,,2026-02-18 14:55:01.204975-05:00,2026-02-27 07:14:43.739052-05:00
1082,1082,LOC,31000.00,APPROVED,2026-02-19 14:49:12.714696-05:00,2026-03-05 23:19:17.284036-05:00,CASCADE-FUNDING,2026-02-19 14:07:40.263692-05:00,2026-03-05 20:28:44.918283-05:00
1083,1083,TERM_LOAN,135000.00,DECLINED,2026-02-19 15:00:06.452898-05:00,2026-02-27 06:00:41.566325-05:00,,2026-02-19 11:34:54.970380-05:00,2026-02-27 04:48:58.345791-05:00
1084,1084,EQUIPMENT,245000.00,FUNDED,2026-02-19 13:49:42.448182-05:00,2026-02-26 02:13:26.477010-05:00,,2026-02-18 02:33:11.083303-05:00,2026-02-27 09:37:13.014155-05:00
1085,1085,TERM_LOAN,265000.00,APPROVED,2026-02-20 02:10:00.378575-05:00,2026-04-27 02:45:47.302686-05:00,,2026-02-19 08:29:19.951943-05:00,2026-04-26 16:44:23.084510-05:00
1086,1086,TERM_LOAN,46000.00,DECLINED,,2026-03-08 02:38:07.461735-05:00,,2026-02-15 14:49:45.433573-05:00,2026-03-07 22:14:30.165641-05:00
1087,1087,TERM_LOAN,38000.00,FUNDED,2026-02-19 15:48:43.238686-05:00,2026-03-09 12:25:22.776105-05:00,,2026-02-18 07:26:13.285242-05:00,2026-03-16 18:40:10.756529-05:00
1088,1088,LOC,180000.00,FUNDED,2026-02-19 15:42:12.098167-05:00,2026-02-28 02:22:31.368205-05:00,NSC_DIRECT,2026-02-18 22:56:47.135342-05:00,2026-03-10 22:11:37.618189-05:00
1089,1089,EQUIPMENT,47000.00,PENDING_INFO,2026-02-19 16:12:01.047865-05:00,,,2026-02-19 03:50:40.612826-05:00,2026-02-25 05:37:16.909241-05:00
1090,1090,LOC,79000.00,WITHDRAWN,,,,2026-02-19 10:57:08.007141-05:00,2026-02-26 00:36:38.619692-05:00
1091,1091,LOC,225000.00,APPROVED,2026-02-19 16:43:20.705207-05:00,2026-03-10 02:07:05.066519-05:00,,2026-02-19 06:07:03.897655-05:00,2026-03-09 03:41:08.099630-05:00
1092,1092,LOC,56000.00,APPROVED,2026-02-19 16:34:11.641114-05:00,2026-02-24 01:36:54.033877-05:00,2,2026-02-17 23:37:19.038621-05:00,2026-02-24 00:37:04.662382-05:00
1093,1093,TERM_LOAN,60000.00,DECLINED,2026-02-19 16:28:23.394181-05:00,2026-03-11 02:12:43.960034-05:00,NSC-DIRECT,2026-02-04 13:56:20.434719-05:00,2026-03-10 05:51:09.179787-05:00
1094,1094,EQUIPMENT,835000.00,PENDING_INFO,2026-02-19 16:49:00.833274-05:00,,,2026-02-18 22:38:59.860840-05:00,2026-02-28 22:09:06.945357-05:00
1095,1095,TERM_LOAN,160000.00,DECLINED,2026-02-19 16:55:15.827071-05:00,,bayline,2026-02-19 10:55:10.222616-05:00,2026-03-06 01:47:12.477960-05:00
1096,1096,TERM_LOAN,300000.00,DECLINED,2026-02-19 17:30:41.199949-05:00,2026-03-01 02:09:34.552042-05:00,NSC-DIRECT,2026-02-19 11:39:44.995376-05:00,2026-02-28 22:48:15.383979-05:00
1097,1097,LOC,53000.00,FUNDED,2026-02-19 16:44:11.272896-05:00,2026-02-21 10:43:33.762423-05:00,NSC-DIRECT,2026-02-19 06:39:11.573142-05:00,2026-02-25 15:39:04.574690-05:00
1098,1098,TERM_LOAN,110000.00,DECLINED,2026-02-19 17:44:34.472423-05:00,2026-02-23 16:59:54.992496-05:00,3,2026-02-18 01:59:07.770829-05:00,2026-02-23 14:33:06.055104-05:00
1099,1099,LOC,370000.00,FUNDED,2026-02-19 18:48:17.224721-05:00,2026-02-27 02:13:23.464642-05:00,,2026-02-16 13:09:24.983762-05:00,2026-03-03 00:26:28.583182-05:00
1100,1100,LOC,78000.00,WITHDRAWN,2026-02-19 18:25:53.158769-05:00,,,2026-02-18 14:17:35.235901-05:00,2026-03-19 18:47:52.782758-05:00
1101,1101,LOC,280000.00,DECLINED,2026-02-19 19:47:09.024544-05:00,2026-02-24 02:29:18.720741-05:00,NSC-DIRECT,2026-02-18 20:46:02.378539-05:00,2026-02-23 16:13:50.456008-05:00
1102,1102,TERM_LOAN,615000.00,FUNDED,2026-02-19 20:28:31.956374-05:00,2026-03-11 02:45:57.944001-05:00,,2026-02-18 06:02:24.652938-05:00,2026-03-15 03:09:58.663238-05:00
1103,1103,TERM_LOAN,130000.00,FUNDED,2026-02-19 21:08:06.450848-05:00,2026-03-02 02:22:34.252865-05:00,,2026-02-19 02:01:39.638193-05:00,2026-03-04 16:14:39.444897-05:00
1104,1104,LOC,300000.00,FUNDED,2026-02-19 21:54:00.007279-05:00,2026-02-25 02:42:46.011079-05:00,CASCADE-FUNDING,2026-02-19 08:09:09.173698-05:00,2026-02-28 12:09:00.426222-05:00
1105,1105,EQUIPMENT,365000.00,DRAFT,,,BAY,2026-02-04 23:53:21.507172-05:00,2026-02-04 23:53:21.507172-05:00
1106,1106,TERM_LOAN,605000.00,APPROVED,,2026-02-24 20:49:22.036580-05:00,,2026-02-19 14:12:32.094906-05:00,2026-02-24 19:34:10.180959-05:00
1107,1107,TERM_LOAN,345000.00,WITHDRAWN,2026-02-19 23:49:19.637079-05:00,,,2026-02-19 09:09:29.737022-05:00,2026-03-05 09:21:57.915653-05:00
1108,1108,TERM_LOAN,81000.00,DECLINED,2026-02-20 01:43:20.315732-05:00,2026-02-25 02:29:28.606578-05:00,,2026-02-19 06:36:15.543476-05:00,2026-02-24 12:56:27.789618-05:00
1109,1109,EQUIPMENT,93000.00,FUNDED,2026-02-20 02:22:27.408886-05:00,2026-03-06 00:11:58.690851-05:00,CASCADE-FUNDING,2026-02-19 22:45:28.583763-05:00,2026-03-12 01:59:00.913922-05:00
1110,1110,TERM_LOAN,50000.00,APPROVED,2026-02-20 03:23:56.154094-05:00,2026-03-01 02:40:17.874702-05:00,NSC-DIRECT,2026-02-18 09:27:46.180142-05:00,2026-02-28 14:45:32.685315-05:00
1111,1111,LOC,78000.00,DECLINED,2026-02-20 03:37:15.634675-05:00,2026-03-21 02:43:24.928756-05:00,NSC-DIRECT,2026-02-19 01:23:09.684377-05:00,2026-03-20 22:38:25.628839-05:00
1112,1112,SBA_7A,250000.00,FUNDED,2026-02-20 04:40:17.632258-05:00,2026-02-25 02:16:19.678046-05:00,,2026-02-20 02:09:46.835919-05:00,2026-02-26 21:39:48.464022-05:00
1113,1113,LOC,86000.00,DECLINED,2026-02-20 04:40:32.243211-05:00,2026-03-12 05:21:28.405113-05:00,,2026-02-20 04:07:03.994506-05:00,2026-03-12 02:59:35.925525-05:00
1114,1114,EQUIPMENT,575000.00,FUNDED,2026-02-20 05:56:41.137230-05:00,2026-03-03 03:39:02.533211-05:00,,2026-02-20 01:57:41.654512-05:00,2026-03-06 13:07:41.725491-05:00
1115,1115,LOC,53000.00,FUNDED,2026-02-20 06:12:48.482890-05:00,2026-03-08 20:10:52.792958-05:00,CSC,2026-02-19 10:48:22.725603-05:00,2026-03-12 08:25:09.279533-05:00
1116,1116,TERM_LOAN,35000.00,DRAFT,,,1,2026-02-08 10:05:57.724355-05:00,2026-02-08 10:05:57.724355-05:00
1117,1117,TERM_LOAN,35000.00,APPROVED,2026-02-20 06:43:19.340963-05:00,,CSC,2026-02-05 17:08:06.885851-05:00,2026-02-24 12:22:25.226800-05:00
1118,1118,EQUIPMENT,99000.00,PENDING_INFO,,,,2026-02-15 14:00:19.761287-05:00,2026-02-24 15:45:09.860638-05:00
1119,1119,TERM_LOAN,61000.00,WITHDRAWN,,,NSC-DIRECT,2026-02-16 10:19:21.679774-05:00,2026-03-23 16:03:49.634902-05:00
1120,1120,TERM_LOAN,59000.00,DECLINED,2026-02-20 08:02:59.039835-05:00,2026-03-05 02:41:21.373903-05:00,3,2026-02-19 18:45:51.418579-05:00,2026-03-04 23:44:42.704744-05:00
1121,1121,TERM_LOAN,59000.00,DECLINED,2026-02-20 05:45:19.773508-05:00,2026-02-22 02:33:56.422410-05:00,,2026-02-18 22:32:24.872846-05:00,2026-02-21 21:18:04.744942-05:00
1122,1122,LOC,27000.00,DECLINED,2026-02-17 04:36:33.065362-05:00,2026-03-01 19:22:58.414548-05:00,BAY,2026-02-12 20:57:24.562191-05:00,2026-03-01 17:24:49.358619-05:00
1123,1123,TERM_LOAN,72000.00,FUNDED,2026-02-20 09:08:24.742216-05:00,2026-02-28 14:20:14.010760-05:00,,2026-02-17 20:18:26.498980-05:00,2026-03-02 17:48:08.143388-05:00
1124,1124,TERM_LOAN,47000.00,DRAFT,,,bayline,2026-02-13 22:04:27.430921-05:00,2026-02-13 22:04:27.430921-05:00
1125,1125,SBA_7A,965000.00,DRAFT,,,,2026-02-09 12:33:15.657900-05:00,2026-02-09 12:33:15.657900-05:00
1126,1126,LOC,160000.00,DECLINED,2026-02-20 07:58:40.751118-05:00,2026-03-06 02:27:57.648987-05:00,BAY,2026-02-19 03:46:07.625614-05:00,2026-03-05 01:09:23.910869-05:00
1127,1127,SBA_7A,1650000.00,DECLINED,2026-02-20 09:18:17.367518-05:00,2026-03-11 14:30:10.369057-05:00,bayline,2026-02-19 22:21:41.085004-05:00,2026-03-11 13:15:59.396157-05:00
1128,1128,EQUIPMENT,82000.00,FUNDED,2026-02-20 09:01:04.172304-05:00,2026-02-23 21:50:25.036042-05:00,,2026-02-20 01:43:50.037037-05:00,2026-02-25 02:49:56.207556-05:00
1129,1129,TERM_LOAN,145000.00,APPROVED,2026-02-20 09:21:10.292494-05:00,2026-02-24 02:23:26.169840-05:00,,2026-02-16 21:47:12.315107-05:00,2026-02-23 12:55:31.245655-05:00
1130,1130,TERM_LOAN,92000.00,FUNDED,2026-02-20 09:48:33.410268-05:00,2026-03-04 02:26:55.656296-05:00,CASCADE-FUNDING,2026-02-17 21:11:28.824807-05:00,2026-03-07 12:30:05.650844-05:00
1131,1131,EQUIPMENT,44000.00,FUNDED,2026-02-20 09:27:30.305828-05:00,2026-02-24 03:04:16.167420-05:00,NSC_DIRECT,2026-01-29 00:26:29.144540-05:00,2026-02-26 14:56:16.740956-05:00
1132,1132,EQUIPMENT,97000.00,WITHDRAWN,2026-02-20 10:13:09.946906-05:00,,,2026-02-20 02:34:22.859854-05:00,2026-04-15 17:06:09.088125-05:00
1133,1133,EQUIPMENT,89000.00,WITHDRAWN,2026-02-20 09:31:03.234979-05:00,,BAY,2026-02-20 02:42:59.644950-05:00,2026-02-26 16:28:48.065365-05:00
1134,1134,LOC,265000.00,FUNDED,2026-02-20 10:30:59.579688-05:00,2026-03-02 02:46:07.395979-05:00,,2026-02-19 19:17:08.971185-05:00,2026-03-07 15:41:11.404751-05:00
1135,1135,TERM_LOAN,52000.00,FUNDED,2026-02-20 10:00:21.304707-05:00,2026-03-08 02:32:46.663486-05:00,3,2026-02-19 16:00:42.437074-05:00,2026-03-09 22:00:15.151393-05:00
1136,1136,TERM_LOAN,740000.00,FUNDED,2026-02-20 09:11:37.285588-05:00,2026-02-26 02:18:17.465999-05:00,,2026-02-18 14:45:52.652738-05:00,2026-02-27 15:40:03.837525-05:00
1137,1137,EQUIPMENT,230000.00,WITHDRAWN,2026-02-20 10:58:43.907459-05:00,,,2026-02-20 02:26:25.761072-05:00,2026-03-31 04:17:37.027457-05:00
1138,1138,LOC,225000.00,FUNDED,2026-02-20 10:44:27.212338-05:00,2026-02-27 15:23:49.014027-05:00,2,2026-02-16 18:41:33.839112-05:00,2026-02-28 19:10:01.921808-05:00
1139,1139,TERM_LOAN,68000.00,FUNDED,2026-02-20 10:50:07.182508-05:00,2026-03-12 02:34:25.509825-05:00,NSC-DIRECT,2026-02-19 05:57:08.288127-05:00,2026-03-13 15:34:20.123873-05:00
1140,1140,EQUIPMENT,325000.00,FUNDED,2026-02-20 11:17:58.164403-05:00,2026-03-16 02:44:49.808044-05:00,,2026-02-20 09:07:23.525739-05:00,2026-03-19 18:49:48.793642-05:00
1141,1141,TERM_LOAN,61000.00,DECLINED,2026-02-20 11:19:38.958539-05:00,2026-03-05 02:42:19.052202-05:00,NSC-DIRECT,2026-02-19 23:58:17.393535-05:00,2026-03-04 15:06:36.689127-05:00
1142,1142,EQUIPMENT,47000.00,WITHDRAWN,2026-02-20 12:06:25.884482-05:00,,,2026-02-19 14:41:56.830338-05:00,2026-02-22 09:41:17.462072-05:00
1143,1143,TERM_LOAN,420000.00,FUNDED,2026-02-20 12:17:58.390358-05:00,2026-03-02 12:05:49.477375-05:00,,2026-02-15 13:47:55.659312-05:00,2026-03-05 02:33:02.971439-05:00
1144,1144,LOC,36000.00,APPROVED,2026-02-20 11:53:55.973263-05:00,2026-03-04 02:39:18.799469-05:00,CSC,2026-02-20 10:00:01.623315-05:00,2026-03-03 02:21:11.894495-05:00
1145,1145,TERM_LOAN,53000.00,WITHDRAWN,2026-02-20 11:38:29.874744-05:00,,NSC-DIRECT,2026-02-18 15:33:36.022927-05:00,2026-02-24 23:52:33.808603-05:00
1146,1146,TERM_LOAN,215000.00,FUNDED,2026-02-20 11:45:30.297121-05:00,2026-03-20 02:37:40.634903-05:00,,2026-02-18 08:44:06.885460-05:00,2026-03-22 10:51:35.324944-05:00
1147,1147,TERM_LOAN,48000.00,FUNDED,2026-02-20 12:23:58.308210-05:00,2026-03-02 02:35:48.616935-05:00,BAY,2026-02-19 16:44:03.984256-05:00,2026-03-04 18:50:42.389112-05:00
1148,1148,TERM_LOAN,56000.00,DECLINED,2026-02-20 12:53:19.390608-05:00,2026-02-28 18:35:48.920957-05:00,2,2026-02-19 03:53:38.139595-05:00,2026-02-28 16:22:30.987427-05:00
1149,1149,TERM_LOAN,245000.00,FUNDED,2026-02-20 12:06:53.989092-05:00,2026-03-21 02:24:14.906851-05:00,,2026-02-18 07:10:32.191580-05:00,2026-04-01 07:56:01.738213-05:00
1150,1150,TERM_LOAN,125000.00,APPROVED,2026-02-20 12:33:30.505847-05:00,2026-02-26 02:48:34.492711-05:00,CSC,2026-02-19 17:53:23.659600-05:00,2026-02-25 07:58:53.650903-05:00
1151,1151,TERM_LOAN,620000.00,FUNDED,2026-02-20 13:09:54.192202-05:00,2026-02-24 08:54:54.125384-05:00,bayline,2026-02-19 21:28:51.865273-05:00,2026-03-01 09:22:12.281747-05:00
1152,1152,SBA_7A,205000.00,FUNDED,2026-02-20 09:26:39.020885-05:00,,NSC-DIRECT,2026-02-17 15:51:13.460407-05:00,2026-03-10 00:14:51.688373-05:00
1153,1153,TERM_LOAN,130000.00,FUNDED,2026-02-20 12:02:27.266242-05:00,2026-03-05 14:50:38.516814-05:00,CASCADE-FUNDING,2026-02-19 19:33:53.932239-05:00,2026-03-07 10:37:26.162602-05:00
1154,1154,EQUIPMENT,110000.00,DECLINED,2026-02-20 12:51:53.762796-05:00,2026-03-04 14:43:00.822029-05:00,,2026-02-15 17:17:55.961875-05:00,2026-03-04 12:49:52.874524-05:00
1155,1155,EQUIPMENT,64000.00,FUNDED,2026-02-20 13:11:55.603995-05:00,2026-03-11 21:49:31.563709-05:00,NSC-DIRECT,2026-02-20 12:05:13.698345-05:00,2026-03-15 17:22:22.554908-05:00
1156,1156,TERM_LOAN,665000.00,APPROVED,2026-02-20 13:53:06.006782-05:00,,,2026-02-20 02:39:26.386793-05:00,2026-03-11 19:11:38.768541-05:00
1157,1157,TERM_LOAN,82000.00,FUNDED,2026-02-20 13:22:07.807069-05:00,,NSC-DIRECT,2026-02-19 19:00:49.784526-05:00,2026-03-08 01:15:29.836750-05:00
1158,1158,EQUIPMENT,240000.00,WITHDRAWN,2026-02-20 13:48:11.377540-05:00,,,2026-02-20 02:04:20.960271-05:00,2026-02-25 06:22:37.958443-05:00
1159,1159,TERM_LOAN,99000.00,FUNDED,2026-02-20 14:07:07.435704-05:00,2026-03-04 02:34:16.027667-05:00,,2026-02-18 10:00:28.369520-05:00,2026-03-10 02:00:41.285137-05:00
1160,1160,TERM_LOAN,340000.00,DECLINED,2026-02-20 14:07:15.815450-05:00,2026-03-02 02:25:34.206799-05:00,1,2026-02-20 06:09:18.579011-05:00,2026-03-01 12:20:39.894637-05:00
1161,1161,LOC,210000.00,APPROVED,2026-02-20 14:22:38.417555-05:00,2026-02-24 02:24:40.857991-05:00,NSC-DIRECT,2026-02-19 20:12:00.384301-05:00,2026-02-23 08:26:59.153871-05:00
1162,1162,EQUIPMENT,640000.00,DRAFT,,,1,2026-02-09 02:17:26.686272-05:00,2026-02-09 02:17:26.686272-05:00
1163,1163,LOC,155000.00,WITHDRAWN,2026-02-20 13:27:00.638976-05:00,,NSC-DIRECT,2026-02-20 02:37:55.435060-05:00,2026-03-02 19:58:18.399959-05:00
1164,1164,LOC,330000.00,DECLINED,2026-02-20 14:01:36.141653-05:00,2026-02-23 02:28:45.155055-05:00,CASCADE-FUNDING,2026-02-19 19:20:55.516079-05:00,2026-02-23 00:21:55.695525-05:00
1165,1165,EQUIPMENT,46000.00,DECLINED,2026-02-20 14:18:46.959446-05:00,2026-03-13 14:36:42.112550-05:00,,2026-02-20 07:59:10.900765-05:00,2026-03-13 12:40:40.827663-05:00
1166,1166,EQUIPMENT,155000.00,DECLINED,2026-02-20 15:13:55.940454-05:00,2026-02-23 02:22:43.410041-05:00,,2026-02-19 11:53:59.285427-05:00,2026-02-22 07:04:43.639227-05:00
1167,1167,TERM_LOAN,295000.00,DECLINED,2026-02-20 15:02:10.393570-05:00,2026-03-01 02:05:35.863933-05:00,,2026-02-20 01:59:59.338018-05:00,2026-02-28 22:24:10.033378-05:00
1168,1168,SBA_7A,285000.00,FUNDED,2026-02-20 14:12:58.322535-05:00,,bayline,2026-02-18 13:16:39.229724-05:00,2026-03-06 20:52:37.276902-05:00
1169,1169,LOC,250000.00,FUNDED,2026-02-20 15:22:00.987133-05:00,2026-03-03 10:52:15.373886-05:00,1,2026-02-19 22:04:09.847655-05:00,2026-03-11 09:51:53.702476-05:00
1170,1170,LOC,235000.00,DECLINED,2026-02-20 16:01:04.459756-05:00,2026-03-03 02:40:12.489289-05:00,BAY,2026-02-19 12:30:10.609027-05:00,2026-03-02 23:15:28.052574-05:00
1171,1171,LOC,390000.00,APPROVED,2026-02-21 02:10:00.754686-05:00,,NSC-DIRECT,2026-02-19 16:08:39.126672-05:00,2026-02-25 02:49:47.408435-05:00
1172,1172,EQUIPMENT,285000.00,FUNDED,2026-02-20 15:59:30.485635-05:00,2026-03-03 02:44:29.029262-05:00,,2026-02-20 05:59:03.609287-05:00,2026-03-07 03:53:24.033360-05:00
1173,1173,TERM_LOAN,240000.00,FUNDED,2026-02-20 16:05:07.293683-05:00,2026-02-23 03:30:34.722593-05:00,,2026-02-20 11:22:07.110503-05:00,2026-02-26 09:49:10.776177-05:00
1174,1174,TERM_LOAN,59000.00,FUNDED,2026-02-20 17:14:42.209509-05:00,2026-03-01 02:31:00.704969-05:00,NSC-DIRECT,2026-02-19 07:28:57.318439-05:00,2026-03-03 04:54:58.223818-05:00
1175,1175,LOC,160000.00,FUNDED,2026-02-20 17:22:57.062638-05:00,2026-02-25 16:20:07.277350-05:00,NSC_DIRECT,2026-02-15 01:15:44.580818-05:00,2026-02-27 17:30:41.185876-05:00
1176,1176,LOC,84000.00,DECLINED,2026-02-20 17:16:56.972786-05:00,2026-03-08 02:20:36.139130-05:00,,2026-02-16 12:59:03.737606-05:00,2026-03-07 10:14:21.939089-05:00
1177,1177,EQUIPMENT,535000.00,DECLINED,2026-02-20 18:10:08.248000-05:00,2026-02-27 12:37:22.741639-05:00,NSC-DIRECT,2026-02-18 13:15:04.406210-05:00,2026-02-27 10:27:43.763163-05:00
1178,1178,LOC,105000.00,APPROVED,2026-02-20 18:12:32.087583-05:00,2026-03-06 13:33:10.288199-05:00,,2026-02-18 15:25:55.210951-05:00,2026-03-06 12:58:58.706538-05:00
1179,1179,EQUIPMENT,445000.00,FUNDED,2026-02-20 18:09:00.416577-05:00,2026-02-25 02:38:43.999690-05:00,BAY,2026-02-20 04:26:40.216316-05:00,2026-02-27 07:49:23.688052-05:00
1180,1180,TERM_LOAN,56000.00,DRAFT,,,3,2026-02-13 05:14:57.307636-05:00,2026-02-13 05:14:57.307636-05:00
1181,1181,TERM_LOAN,150000.00,FUNDED,2026-02-20 18:36:03.459818-05:00,2026-03-02 02:35:06.691369-05:00,NSC-DIRECT,2026-02-19 21:07:09.375868-05:00,2026-03-04 12:17:42.389228-05:00
1182,1182,EQUIPMENT,515000.00,PENDING_INFO,2026-02-20 19:04:35.886314-05:00,,,2026-02-19 01:40:32.813890-05:00,2026-02-25 20:27:25.651575-05:00
1183,1183,TERM_LOAN,35000.00,APPROVED,2026-02-20 19:09:52.027851-05:00,2026-04-04 02:33:22.769663-05:00,NSC-DIRECT,2026-02-20 11:24:08.807287-05:00,2026-04-03 23:53:45.221256-05:00
1184,1184,TERM_LOAN,130000.00,FUNDED,2026-02-20 19:55:36.518140-05:00,2026-03-04 07:21:01.951135-05:00,NSC-DIRECT,2026-02-19 11:34:47.395721-05:00,2026-03-07 01:43:26.066120-05:00
1185,1185,LOC,330000.00,FUNDED,2026-02-20 20:19:31.511329-05:00,,bayline,2026-02-19 16:32:17.413878-05:00,2026-02-23 21:40:04.664608-05:00
1186,1186,LOC,130000.00,FUNDED,2026-02-20 19:31:58.100755-05:00,2026-03-02 05:04:31.295182-05:00,BAY,2026-02-20 01:45:44.098246-05:00,2026-03-04 12:42:45.644861-05:00
1187,1187,TERM_LOAN,42000.00,DECLINED,,2026-03-03 02:08:28.461204-05:00,,2026-02-20 09:50:01.442339-05:00,2026-03-02 11:26:05.006236-05:00
1188,1188,LOC,97000.00,FUNDED,2026-02-20 23:14:51.516119-05:00,2026-02-26 02:42:22.469606-05:00,,2026-01-20 03:28:55.695431-05:00,2026-03-01 01:42:25.842244-05:00
1189,1189,TERM_LOAN,725000.00,APPROVED,2026-02-21 00:16:07.348797-05:00,,BAY,2026-02-18 03:33:58.854599-05:00,2026-02-24 02:10:32.129908-05:00
1190,1190,SBA_7A,725000.00,FUNDED,2026-02-21 05:13:44.746695-05:00,2026-02-28 23:51:06.755068-05:00,BAY,2026-02-19 03:08:36.772975-05:00,2026-03-10 06:29:29.929965-05:00
1191,1191,TERM_LOAN,415000.00,APPROVED,2026-02-21 08:07:44.824172-05:00,2026-03-04 02:24:25.013512-05:00,,2026-02-19 19:49:54.171376-05:00,2026-03-03 08:59:13.992746-05:00
1192,1192,LOC,130000.00,DECLINED,2026-02-21 09:06:00.602324-05:00,,1,2026-02-20 12:46:38.589578-05:00,2026-02-24 11:21:03.279359-05:00
1193,1193,LOC,38000.00,FUNDED,2026-02-21 10:01:16.978715-05:00,2026-04-01 02:48:41.539089-05:00,NSC_DIRECT,2026-02-19 13:08:57.927933-05:00,2026-04-04 06:58:25.977864-05:00
1194,1194,TERM_LOAN,62000.00,DECLINED,2026-02-22 02:10:00.913970-05:00,2026-02-25 12:44:30.606896-05:00,,2026-02-20 12:46:55.782692-05:00,2026-02-25 11:44:53.306185-05:00
1195,1195,TERM_LOAN,190000.00,FUNDED,2026-02-21 09:25:24.782706-05:00,2026-02-28 22:53:10.648984-05:00,BAY,2026-02-17 07:49:14.250631-05:00,2026-03-03 17:18:45.680529-05:00
1196,1196,LOC,385000.00,DECLINED,2026-02-21 11:13:30.281247-05:00,2026-02-26 23:04:50.065751-05:00,CASCADE-FUNDING,2026-02-19 08:31:12.825947-05:00,2026-02-26 22:15:59.966611-05:00
1197,1197,TERM_LOAN,110000.00,FUNDED,2026-02-21 12:04:30.092114-05:00,2026-02-28 00:05:06.791676-05:00,NSC-DIRECT,2026-02-20 21:12:16.927303-05:00,2026-03-12 05:08:08.821438-05:00
1198,1198,TERM_LOAN,105000.00,FUNDED,2026-02-21 14:37:13.496709-05:00,2026-03-07 02:17:10.243680-05:00,CASCADE-FUNDING,2026-02-21 03:33:40.573597-05:00,2026-03-08 01:57:02.857560-05:00
1199,1199,EQUIPMENT,240000.00,FUNDED,2026-02-21 15:11:42.039836-05:00,2026-03-23 02:44:02.976802-05:00,,2026-02-21 00:23:23.737440-05:00,2026-03-26 17:49:19.151709-05:00
1200,1200,TERM_LOAN,86000.00,WITHDRAWN,2026-02-21 17:48:21.793881-05:00,,,2026-02-20 08:37:15.230553-05:00,2026-03-08 20:57:55.140841-05:00
