decision_id,application_id,outcome,approved_amount,rate_apr,term_months,reason_codes,decided_by,policy_version,monthly_revenue_used,dscr,decided_at,created_at
1,2,COUNTER_OFFER,35000.00,27.558,60,"TIB_OK,CREDIT_OK,REVENUE_VERIFIED",p.deshmukh,credit-policy-2025,88718.48,2.947,2026-02-07 02:05:26.211919-05:00,2026-02-07 02:05:36.205944-05:00
2,3,COUNTER_OFFER,200000.00,26.078,48,"TIB_OK,COLLATERAL_OK,REVENUE_VERIFIED",t.rivas,credit-policy-2025,291560.48,0.734,2026-03-12 00:31:30.027933-05:00,2026-03-12 00:31:58.425396-05:00
3,4,APPROVED,76000.00,11.744,84,CREDIT_OK,m.okonkwo,credit-policy-2025,163910.55,2.395,2026-02-08 00:09:08.284193-05:00,2026-02-08 00:09:12.240460-05:00
4,5,APPROVED,590000.00,20.73,60,"REVENUE_VERIFIED,POLICY_EXCEPTION_APPROVED,DSCR_OK",renee.blackwell,credit-policy-2024,1381098.40,2.5,2026-02-17 21:41:04.272480-05:00,2026-02-17 21:41:29.822627-05:00
5,8,APPROVED,434000.00,23.113,36,"COLLATERAL_OK,POLICY_EXCEPTION_APPROVED,CREDIT_OK",c.obrien,credit-policy-2025,1068698.91,2.162,2026-02-09 16:45:32.475575-05:00,2026-02-09 16:45:42.270643-05:00
6,9,APPROVED,102000.00,12.604,12,"TIB_OK,POLICY_EXCEPTION_APPROVED",a.castellanos,credit-policy-2024,289787.55,2.406,2026-02-03 12:40:44.921505-05:00,2026-02-03 12:40:52.308348-05:00
7,10,APPROVED,43000.00,17.573,60,"TIB_OK,CREDIT_OK",j.beaumont,credit-policy-FINAL2,86512.19,3.16,2026-02-13 12:54:53.706869-05:00,2026-02-13 12:55:17.202352-05:00
8,11,DECLINED,,,,"DSCR_BELOW_MIN,CREDIT_SCORE,STACKED_DEBT",m.okonkwo,credit-policy-2025,421224.54,2.575,2026-02-05 09:49:32.591380-05:00,2026-02-05 09:49:34.829074-05:00
9,12,APPROVED,53000.00,27.274,12,"REVENUE_VERIFIED,MANUAL_OVERRIDE_RB,COLLATERAL_OK",k.abernathy,credit-policy-2024,133166.67,2.539,2026-02-19 16:02:25.503256-05:00,2026-02-19 16:02:49.023938-05:00
10,13,APPROVED,72000.00,10.666,12,"POLICY_EXCEPTION_APPROVED, TIB_OK, REVENUE_VERIFIED",t.rivas,credit-policy-2025,90856.06,2.039,2026-02-22 21:46:34.554264-05:00,2026-02-22 21:46:46.889463-05:00
11,15,DECLINED,,,,"STACKED_DEBT,INDUSTRY_RESTRICTED,CREDIT_SCORE,TIME_IN_BUSINESS",m.okonkwo,credit-policy-2025,67002.74,3.285,2026-02-06 21:04:44.452280-05:00,2026-02-06 21:05:08.346887-05:00
12,16,DECLINED,,,,DSCR_BELOW_MIN,m.okonkwo,credit-policy-2025,629817.89,2.177,2026-02-18 17:17:13.503420-05:00,2026-02-18 17:17:23.149027-05:00
13,17,DECLINED,,,,"UNVERIFIED_REVENUE,EXISTING_DEBT,TIME_IN_BUSINESS",p.deshmukh,credit-policy-FINAL2,138320.00,2.479,2026-03-24 07:36:09.724547-05:00,2026-03-24 07:36:32.147234-05:00
14,18,APPROVED,510000.00,9.375,24,DSCR_OK,p.deshmukh,credit-policy-2025,617641.78,2.011,2026-02-03 19:10:02.992883-05:00,2026-02-03 19:10:25.606644-05:00
15,19,APPROVED,445000.00,10.265,60,"MANUAL_OVERRIDE_RB,REVENUE_VERIFIED",s.whitfield,credit-policy-2025,1538073.32,0.901,2026-02-09 16:20:45.355898-05:00,2026-02-09 16:20:47.693230-05:00
16,20,DECLINED,,,,"NSF_ACTIVITY,REVENUE_BELOW_MIN,EXISTING_DEBT",m.okonkwo,credit-policy-2025,102303.56,1.022,2026-02-14 11:54:52.869460-05:00,2026-02-14 11:54:55.876304-05:00
17,21,APPROVED,57800.00,16.078,84,"COLLATERAL_OK, REVENUE_VERIFIED",c.obrien,credit-policy-2025,88618.57,1.511,2026-02-13 23:22:07.349290-05:00,2026-02-13 23:22:10.537126-05:00
18,22,DECLINED,,,,"STACKED_DEBT,TIME_IN_BUSINESS,UNVERIFIED_REVENUE,NSF_ACTIVITY",s.whitfield,credit-policy-2025,226295.36,3.064,2026-02-18 16:24:57.506181-05:00,2026-02-18 16:25:21.449990-05:00
19,23,DECLINED,,,,"REVENUE_BELOW_MIN,UNVERIFIED_REVENUE",p.deshmukh,credit-policy-2025,759318.75,1.214,2026-02-19 01:48:16.580084-05:00,2026-02-19 01:48:42.175475-05:00
20,24,DECLINED,,,,"NSF_ACTIVITY,INDUSTRY_RESTRICTED,STACKED_DEBT,UNVERIFIED_REVENUE",k.abernathy,credit-policy-2025,172681.47,3.144,2026-02-06 20:40:15.186219-05:00,2026-02-06 20:40:23.676039-05:00
21,25,APPROVED,165000.00,10.733,12,CREDIT_OK,p.deshmukh,credit-policy-2025,215734.72,1.133,2026-02-11 17:23:16.824290-05:00,2026-02-11 17:23:27.760112-05:00
22,26,DECLINED,,,,,p.deshmukh,credit-policy-FINAL2,766994.26,1.098,2026-02-11 06:14:20.520030-05:00,2026-02-11 06:14:38.779867-05:00
23,27,DECLINED,,,,"NSF_ACTIVITY,EXISTING_DEBT",k.abernathy,credit-policy-2024,318439.01,2.615,2026-03-04 23:05:32.725751-05:00,2026-03-04 23:05:38.923277-05:00
24,28,DECLINED,,,,"REVENUE_BELOW_MIN,STACKED_DEBT,",a.castellanos,credit-policy-2025,1123970.06,2.315,2026-03-05 20:47:23.393216-05:00,2026-03-05 20:47:51.127861-05:00
25,29,APPROVED,101500.00,8.546,48,"MANUAL_OVERRIDE_RB,POLICY_EXCEPTION_APPROVED,REVENUE_VERIFIED",m.okonkwo,credit-policy-FINAL2,284309.05,3.363,2026-02-11 07:14:11.888613-05:00,2026-02-11 07:14:20.285698-05:00
26,30,COUNTER_OFFER,125000.00,9.478,60,REVENUE_VERIFIED,t.rivas,credit-policy-2025,118914.92,1.426,2026-02-05 19:42:27.417887-05:00,2026-02-05 19:42:38.876444-05:00
27,31,APPROVED,64600.00,21.043,48,,renee.blackwell,credit-policy-2025,46941.75,1.529,2026-03-04 19:13:37.403176-05:00,2026-03-04 19:13:52.205743-05:00
28,32,APPROVED,374500.00,20.616,12,"TIB_OK,MANUAL_OVERRIDE_RB,REVENUE_VERIFIED",m.okonkwo,credit-policy-2024,838905.09,1.191,2026-02-05 21:45:22.275454-05:00,2026-02-05 21:45:29.308294-05:00
29,33,APPROVED,216750.00,23.138,24,"DSCR_OK,CREDIT_OK,REVENUE_VERIFIED",m.okonkwo,credit-policy-2025,189391.95,3.087,2026-02-15 08:22:12.576303-05:00,2026-02-15 08:22:29.702806-05:00
30,35,DECLINED,,,,UNVERIFIED_REVENUE,k.abernathy,credit-policy-2025,97959.88,3.14,2026-02-26 13:17:59.713570-05:00,2026-02-26 13:18:22.295423-05:00
31,38,APPROVED,44500.00,8.021,48,"COLLATERAL_OK,TIB_OK,POLICY_EXCEPTION_APPROVED",a.castellanos,credit-policy-2025,90932.96,3.06,2026-02-07 08:02:12.789964-05:00,2026-02-07 08:02:14.542428-05:00
32,39,APPROVED,28000.00,9.914,12,"REVENUE_VERIFIED,",t.rivas,credit-policy-2025,95137.34,2.652,2026-02-06 11:52:45.977518-05:00,2026-02-06 11:53:00.202151-05:00
33,40,APPROVED,455000.00,20.641,60,REVENUE_VERIFIED,m.okonkwo,credit-policy-2025,5095167.58,1.824,2026-02-05 16:48:48.859609-05:00,2026-02-05 16:49:17.801799-05:00
34,41,DECLINED,,,,"DSCR_BELOW_MIN,UNVERIFIED_REVENUE,INDUSTRY_RESTRICTED",l.nakamura,credit-policy-2025,542800.44,1.496,2026-02-23 23:47:28.428860-05:00,2026-02-23 23:47:35.907297-05:00
35,42,APPROVED,175000.00,16.95,60,"DSCR_OK, MANUAL_OVERRIDE_RB",m.okonkwo,credit-policy-2025,449377.62,1.197,2026-02-09 23:50:21.839379-05:00,2026-02-09 23:50:31.334264-05:00
36,43,DECLINED,,,,"INDUSTRY_RESTRICTED, EXISTING_DEBT",s.whitfield,credit-policy-2025,83820.31,3.221,2026-02-08 16:04:59.480801-05:00,2026-02-08 16:05:01.829864-05:00
37,45,APPROVED,142500.00,17.032,36,"REVENUE_VERIFIED, MANUAL_OVERRIDE_RB",a.castellanos,credit-policy-2025,307390.02,2.218,2026-02-10 10:35:58.083694-05:00,2026-02-10 10:36:14.164217-05:00
38,47,COUNTER_OFFER,362500.00,21.97,36,"CREDIT_OK,COLLATERAL_OK,",a.castellanos,credit-policy-2025,892880.04,2.668,2026-02-10 18:17:58.508772-05:00,2026-02-10 18:18:03.966236-05:00
39,48,APPROVED,208250.00,20.716,84,"DSCR_OK,COLLATERAL_OK,POLICY_EXCEPTION_APPROVED",j.beaumont,credit-policy-FINAL2,232562.16,3.279,2026-02-20 09:52:40.519731-05:00,2026-02-20 09:53:05.730661-05:00
40,49,APPROVED,175000.00,11.418,24,POLICY_EXCEPTION_APPROVED,l.nakamura,credit-policy-2025,341558.42,2.543,2026-02-08 00:55:22.377675-05:00,2026-02-08 00:55:31.707931-05:00
41,50,APPROVED,185000.00,19.492,48,"COLLATERAL_OK,CREDIT_OK,DSCR_OK",s.whitfield,credit-policy-2025,249374.85,0.703,2026-02-13 18:52:09.668696-05:00,2026-02-13 18:52:11.531812-05:00
42,51,DECLINED,,,,CREDIT_SCORE,renee.blackwell,credit-policy-2025,294313.91,2.221,2026-02-05 10:44:41.973289-05:00,2026-02-05 10:45:11.185255-05:00
43,52,APPROVED,60000.00,28.842,84,"MANUAL_OVERRIDE_RB,COLLATERAL_OK",p.deshmukh,credit-policy-2024,131225.70,3.193,2026-02-08 22:21:41.886208-05:00,2026-02-08 22:22:06.894618-05:00
44,53,APPROVED,46200.00,26.931,12,REVENUE_VERIFIED,t.rivas,credit-policy-2025,116184.77,1.532,2026-02-17 09:27:43.384846-05:00,2026-02-17 09:28:06.293188-05:00
45,54,APPROVED,46000.00,22.571,84,"CREDIT_OK,POLICY_EXCEPTION_APPROVED",m.okonkwo,credit-policy-2025,100373.10,3.215,2026-02-05 00:54:37.534828-05:00,2026-02-05 00:55:03.302306-05:00
46,55,APPROVED,2015000.00,14.457,24,POLICY_EXCEPTION_APPROVED,c.obrien,credit-policy-FINAL2,1922188.94,1.992,2026-02-17 13:35:08.308703-05:00,2026-02-17 13:35:25.929062-05:00
47,56,DECLINED,,,,"NSF_ACTIVITY,INDUSTRY_RESTRICTED,DSCR_BELOW_MIN",l.nakamura,credit-policy-2025,355334.80,2.048,2026-02-05 22:04:36.456903-05:00,2026-02-05 22:04:54.421584-05:00
48,57,APPROVED,63700.00,20.063,60,"POLICY_EXCEPTION_APPROVED, TIB_OK, REVENUE_VERIFIED",t.rivas,credit-policy-2025,73590.25,0.892,2026-02-14 20:47:54.371573-05:00,2026-02-14 20:48:22.668919-05:00
49,58,APPROVED,347500.00,18.554,48,COLLATERAL_OK,t.rivas,credit-policy-FINAL2,837456.64,2.518,2026-02-22 07:56:56.070263-05:00,2026-02-22 07:57:24.848476-05:00
50,59,APPROVED,77500.00,12.2,12,,renee.blackwell,credit-policy-2024,109008.23,0.733,2026-02-11 22:48:53.762198-05:00,2026-02-11 22:49:23.015433-05:00
51,60,APPROVED,129500.00,8.728,60,"COLLATERAL_OK,MANUAL_OVERRIDE_RB",j.beaumont,credit-policy-FINAL2,230329.67,2.927,2026-02-04 15:24:54.389472-05:00,2026-02-04 15:25:13.805047-05:00
52,61,APPROVED,60000.00,27.197,36,"DSCR_OK, CREDIT_OK, TIB_OK",a.castellanos,credit-policy-2024,212083.07,0.865,2026-02-09 17:47:29.088347-05:00,2026-02-09 17:47:34.532056-05:00
53,63,DECLINED,,,,"TIME_IN_BUSINESS, NSF_ACTIVITY,",s.whitfield,credit-policy-2024,57777.50,0.863,2026-02-16 16:21:33.238328-05:00,2026-02-16 16:21:36.842663-05:00
54,65,COUNTER_OFFER,51850.00,16.511,84,"TIB_OK,COLLATERAL_OK,CREDIT_OK",t.rivas,credit-policy-2025,177864.65,2.611,2026-02-25 16:40:55.931421-05:00,2026-02-25 16:41:23.189817-05:00
55,66,DECLINED,,,,"REVENUE_BELOW_MIN,DSCR_BELOW_MIN,CREDIT_SCORE,UNVERIFIED_REVENUE",m.okonkwo,credit-policy-2025,170890.48,3.203,2026-02-09 02:54:02.128658-05:00,2026-02-09 02:54:10.217428-05:00
56,67,COUNTER_OFFER,18000.00,26.119,24,"DSCR_OK,POLICY_EXCEPTION_APPROVED",c.obrien,credit-policy-FINAL2,63386.54,2.268,2026-02-22 15:19:32.225369-05:00,2026-02-22 15:19:44.997488-05:00
57,68,APPROVED,890000.00,22.09,60,"COLLATERAL_OK,DSCR_OK,REVENUE_VERIFIED",j.beaumont,credit-policy-2025,1269349.85,2.818,2026-02-17 10:03:29.616167-05:00,2026-02-17 10:03:35.998184-05:00
58,69,DECLINED,,,,"COLLATERAL_SHORTFALL, UNVERIFIED_REVENUE, REVENUE_BELOW_MIN, STACKED_DEBT",s.whitfield,credit-policy-2025,152986.22,2.294,2026-02-17 14:59:00.418755-05:00,2026-02-17 14:59:09.259169-05:00
59,70,DECLINED,,,,"REVENUE_BELOW_MIN,UNVERIFIED_REVENUE,TIME_IN_BUSINESS,STACKED_DEBT",a.castellanos,credit-policy-2025,626784.06,3.393,2026-02-19 03:59:30.062958-05:00,2026-02-19 03:59:56.910280-05:00
60,72,APPROVED,102500.00,25.179,84,TIB_OK,j.beaumont,credit-policy-2025,183139.99,2.876,2026-02-18 06:34:36.807413-05:00,2026-02-18 06:34:39.462426-05:00
61,73,APPROVED,21250.00,22.615,60,"REVENUE_VERIFIED,CREDIT_OK,TIB_OK",renee.blackwell,credit-policy-2025,44984.03,1.33,2026-02-17 21:56:38.725175-05:00,2026-02-17 21:56:54.661711-05:00
62,74,APPROVED,97500.00,19.864,24,"TIB_OK, CREDIT_OK",s.whitfield,credit-policy-2025,363078.31,2.624,2026-02-15 02:47:50.710172-05:00,2026-02-15 02:47:57.708659-05:00
63,75,APPROVED,182750.00,17.488,84,"CREDIT_OK, COLLATERAL_OK",t.rivas,credit-policy-2025,317392.18,1.83,2026-02-15 08:32:38.449736-05:00,2026-02-15 08:32:55.484357-05:00
64,76,APPROVED,607750.00,17.582,12,COLLATERAL_OK,m.okonkwo,credit-policy-2024,200108.98,2.113,2026-02-11 15:42:48.788959-05:00,2026-02-11 15:43:17.223629-05:00
65,77,DECLINED,,,,DSCR_BELOW_MIN,j.beaumont,credit-policy-2025,129549.01,1.753,2026-02-11 04:12:20.519721-05:00,2026-02-11 04:12:45.018874-05:00
66,78,DECLINED,,,,,d.pham,credit-policy-2024,640402.34,2.522,2026-02-10 14:05:55.055388-05:00,2026-02-10 14:06:23.579532-05:00
67,79,APPROVED,600000.00,28.578,84,"REVENUE_VERIFIED,COLLATERAL_OK",renee.blackwell,credit-policy-2025,1601015.71,2.801,2026-03-12 07:41:42.450508-05:00,2026-03-12 07:41:45.340058-05:00
68,80,APPROVED,238000.00,8.193,60,"TIB_OK,REVENUE_VERIFIED,MANUAL_OVERRIDE_RB",p.deshmukh,credit-policy-2024,300577.98,1.6,2026-02-12 15:36:42.758622-05:00,2026-02-12 15:37:04.044012-05:00
69,81,COUNTER_OFFER,670000.00,14.528,12,"POLICY_EXCEPTION_APPROVED,REVENUE_VERIFIED,MANUAL_OVERRIDE_RB",k.abernathy,credit-policy-2025,863386.38,2.939,2026-02-15 16:44:18.294059-05:00,2026-02-15 16:44:44.235876-05:00
70,82,APPROVED,41300.00,28.595,48,"COLLATERAL_OK,CREDIT_OK,MANUAL_OVERRIDE_RB,",k.abernathy,credit-policy-2025,46188.63,1.308,2026-02-24 04:41:20.460684-05:00,2026-02-24 04:41:31.137259-05:00
71,83,APPROVED,225000.00,12.68,48,"POLICY_EXCEPTION_APPROVED,CREDIT_OK,COLLATERAL_OK",j.beaumont,credit-policy-2025,424032.02,1.597,2026-02-13 08:45:13.867863-05:00,2026-02-13 08:45:22.488005-05:00
72,84,DECLINED,,,,"INDUSTRY_RESTRICTED, TIME_IN_BUSINESS, EXISTING_DEBT, REVENUE_BELOW_MIN",a.castellanos,credit-policy-FINAL2,2474215.44,2.674,2026-02-17 10:02:11.457168-05:00,2026-02-17 10:02:25.536358-05:00
73,85,DECLINED,,,,"NSF_ACTIVITY,CREDIT_SCORE",a.castellanos,credit-policy-2025,62042.84,1.518,2026-02-07 17:23:10.051517-05:00,2026-02-07 17:23:19.364544-05:00
74,86,DECLINED,,,,INDUSTRY_RESTRICTED,j.beaumont,credit-policy-FINAL2,477372.98,1.152,2026-02-16 10:24:55.240641-05:00,2026-02-16 10:24:58.442489-05:00
75,87,DECLINED,,,,"DSCR_BELOW_MIN,STACKED_DEBT,REVENUE_BELOW_MIN,NSF_ACTIVITY",t.rivas,credit-policy-2025,251272.52,2.308,2026-02-26 03:14:04.527211-05:00,2026-02-26 03:14:14.865901-05:00
76,88,COUNTER_OFFER,60000.00,13.084,48,"POLICY_EXCEPTION_APPROVED, MANUAL_OVERRIDE_RB, TIB_OK",t.rivas,credit-policy-2025,184077.34,2.806,2026-02-08 10:53:50.806591-05:00,2026-02-08 10:53:59.595068-05:00
77,90,DECLINED,,,,INDUSTRY_RESTRICTED,renee.blackwell,credit-policy-2025,197683.50,0.798,2026-02-13 23:18:37.274332-05:00,2026-02-13 23:19:05.745790-05:00
78,91,APPROVED,105000.00,8.968,36,"TIB_OK,REVENUE_VERIFIED",m.okonkwo,credit-policy-2025,404021.04,1.457,2026-02-13 06:17:06.745295-05:00,2026-02-13 06:17:34.952238-05:00
79,92,DECLINED,,,,"DSCR_BELOW_MIN, NSF_ACTIVITY, UNVERIFIED_REVENUE",a.castellanos,credit-policy-2025,71628.77,2.92,2026-03-01 02:24:05.130834-05:00,2026-03-01 02:24:14.567607-05:00
80,93,APPROVED,77000.00,22.738,24,"COLLATERAL_OK,DSCR_OK",s.whitfield,credit-policy-2025,82334.95,2.447,2026-02-14 23:03:04.757135-05:00,2026-02-14 23:03:07.338259-05:00
81,94,APPROVED,76500.00,28.796,36,REVENUE_VERIFIED,c.obrien,credit-policy-2025,100657.33,1.542,2026-02-18 13:29:02.410631-05:00,2026-02-18 13:29:19.089386-05:00
82,95,DECLINED,,,,EXISTING_DEBT,k.abernathy,credit-policy-FINAL2,1266536.85,2.929,2026-02-12 04:54:44.582953-05:00,2026-02-12 04:54:58.434684-05:00
83,97,APPROVED,97750.00,15.49,60,"TIB_OK,REVENUE_VERIFIED",s.whitfield,credit-policy-2025,239130.91,1.339,2026-02-11 05:16:19.757158-05:00,2026-02-11 05:16:40.300224-05:00
84,98,DECLINED,,,,"REVENUE_BELOW_MIN,TIME_IN_BUSINESS",l.nakamura,credit-policy-2024,128893.83,1.424,2026-02-20 18:11:05.113134-05:00,2026-02-20 18:11:25.393017-05:00
85,99,APPROVED,157500.00,24.464,84,MANUAL_OVERRIDE_RB,p.deshmukh,credit-policy-2025,200821.49,2.672,2026-02-15 20:10:01.954098-05:00,2026-02-15 20:10:19.189762-05:00
86,100,APPROVED,155000.00,21.63,84,"CREDIT_OK,REVENUE_VERIFIED,MANUAL_OVERRIDE_RB",j.beaumont,credit-policy-FINAL2,252855.13,0.723,2026-02-28 06:39:49.514358-05:00,2026-02-28 06:40:09.811163-05:00
87,101,COUNTER_OFFER,1321750.00,15.779,48,"COLLATERAL_OK, TIB_OK",k.abernathy,credit-policy-2024,2017493.87,1.838,2026-02-04 15:59:25.458894-05:00,2026-02-04 15:59:40.084092-05:00
88,102,APPROVED,220000.00,22.582,24,"REVENUE_VERIFIED,TIB_OK,CREDIT_OK",renee.blackwell,credit-policy-2025,1007918.94,1.241,2026-02-14 10:53:38.446586-05:00,2026-02-14 10:53:43.291514-05:00
89,103,APPROVED,51000.00,8.488,60,"POLICY_EXCEPTION_APPROVED,TIB_OK",renee.blackwell,credit-policy-2025,96800.19,2.794,2026-02-19 01:06:45.246153-05:00,2026-02-19 01:07:08.751016-05:00
90,104,APPROVED,486500.00,15.248,12,CREDIT_OK,renee.blackwell,credit-policy-2025,2216125.98,2.163,2026-02-07 21:58:26.519277-05:00,2026-02-07 21:58:33.862967-05:00
91,106,DECLINED,,,,"NSF_ACTIVITY,CREDIT_SCORE,COLLATERAL_SHORTFALL",j.beaumont,credit-policy-2024,2657222.86,3.295,2026-02-06 23:27:34.456948-05:00,2026-02-06 23:27:50.548706-05:00
92,107,APPROVED,130000.00,20.128,48,"COLLATERAL_OK,REVENUE_VERIFIED",k.abernathy,credit-policy-2025,231063.17,1.838,2026-02-18 02:37:37.126445-05:00,2026-02-18 02:37:59.457228-05:00
93,108,APPROVED,360000.00,11.187,24,REVENUE_VERIFIED,t.rivas,credit-policy-2025,202069.52,2.382,2026-02-08 03:22:48.982208-05:00,2026-02-08 03:22:50.769634-05:00
94,109,DECLINED,,,,STACKED_DEBT,renee.blackwell,credit-policy-FINAL2,3098717.25,1.414,2026-02-06 22:28:25.618202-05:00,2026-02-06 22:28:43.462816-05:00
95,110,DECLINED,,,,"TIME_IN_BUSINESS,STACKED_DEBT,INDUSTRY_RESTRICTED",m.okonkwo,credit-policy-2024,1259423.89,3.388,2026-02-08 23:43:28.553954-05:00,2026-02-08 23:43:38.889553-05:00
96,111,COUNTER_OFFER,80000.00,20.058,84,"MANUAL_OVERRIDE_RB, DSCR_OK",m.okonkwo,credit-policy-2024,394957.06,2.219,2026-02-08 12:25:27.597470-05:00,2026-02-08 12:25:33.040980-05:00
97,113,DECLINED,,,,"INDUSTRY_RESTRICTED,COLLATERAL_SHORTFALL,NSF_ACTIVITY,EXISTING_DEBT",l.nakamura,credit-policy-2025,740693.12,2.286,2026-02-17 17:04:06.591942-05:00,2026-02-17 17:04:21.785904-05:00
98,114,DECLINED,,,,"DSCR_BELOW_MIN,COLLATERAL_SHORTFALL,CREDIT_SCORE,TIME_IN_BUSINESS",c.obrien,credit-policy-2025,171591.07,2.896,2026-02-13 15:13:50.215302-05:00,2026-02-13 15:13:57.565997-05:00
99,115,COUNTER_OFFER,479500.00,13.668,12,"MANUAL_OVERRIDE_RB,CREDIT_OK,TIB_OK",m.okonkwo,credit-policy-FINAL2,882605.36,1.16,2026-02-14 09:51:04.477932-05:00,2026-02-14 09:51:29.865442-05:00
100,117,APPROVED,21700.00,12.594,48,"POLICY_EXCEPTION_APPROVED,DSCR_OK",k.abernathy,credit-policy-FINAL2,69325.56,2.87,2026-02-19 10:38:36.086999-05:00,2026-02-19 10:38:45.833313-05:00
101,118,APPROVED,94500.00,23.054,36,"POLICY_EXCEPTION_APPROVED,CREDIT_OK,COLLATERAL_OK",l.nakamura,credit-policy-FINAL2,444377.80,3.057,2026-02-10 12:22:07.153163-05:00,2026-02-10 12:22:11.916344-05:00
102,120,APPROVED,44000.00,24.505,36,MANUAL_OVERRIDE_RB,s.whitfield,credit-policy-2024,167250.87,3.245,2026-02-06 10:48:14.922913-05:00,2026-02-06 10:48:36.776501-05:00
103,123,DECLINED,,,,,renee.blackwell,credit-policy-FINAL2,635504.24,1.427,2026-02-12 16:10:22.876199-05:00,2026-02-12 16:10:31.079680-05:00
104,125,APPROVED,175000.00,16.034,48,COLLATERAL_OK,l.nakamura,credit-policy-2025,246069.54,1.452,2026-02-20 03:34:18.208569-05:00,2026-02-20 03:34:47.186801-05:00
105,126,APPROVED,340000.00,24.366,48,"REVENUE_VERIFIED,TIB_OK",renee.blackwell,credit-policy-FINAL2,395753.29,1.742,2026-02-08 20:14:04.642388-05:00,2026-02-08 20:14:20.674738-05:00
106,127,APPROVED,340000.00,23.972,84,"DSCR_OK,COLLATERAL_OK",t.rivas,credit-policy-FINAL2,921946.62,1.965,2026-02-07 09:04:47.925315-05:00,2026-02-07 09:05:00.184737-05:00
107,128,DECLINED,,,,"UNVERIFIED_REVENUE, INDUSTRY_RESTRICTED, DSCR_BELOW_MIN",p.deshmukh,credit-policy-FINAL2,1093073.80,1.773,2026-02-18 05:56:32.239710-05:00,2026-02-18 05:56:51.131206-05:00
108,129,DECLINED,,,,"EXISTING_DEBT,NSF_ACTIVITY,UNVERIFIED_REVENUE,STACKED_DEBT",c.obrien,credit-policy-2024,453653.43,2.521,2026-02-15 16:45:46.878027-05:00,2026-02-15 16:46:03.783185-05:00
109,130,DECLINED,,,,"STACKED_DEBT,INDUSTRY_RESTRICTED,TIME_IN_BUSINESS",s.whitfield,credit-policy-2025,94315.66,1.227,2026-02-10 19:01:24.759015-05:00,2026-02-10 19:01:43.021826-05:00
110,131,DECLINED,,,,"EXISTING_DEBT,REVENUE_BELOW_MIN",a.castellanos,credit-policy-2025,205324.19,1.106,2026-02-14 09:17:07.856225-05:00,2026-02-14 09:17:09.046033-05:00
111,132,APPROVED,310250.00,16.201,60,REVENUE_VERIFIED,m.okonkwo,credit-policy-2024,925172.46,2.553,2026-02-15 14:46:22.217968-05:00,2026-02-15 14:46:43.438095-05:00
112,133,APPROVED,85000.00,12.018,60,"MANUAL_OVERRIDE_RB,CREDIT_OK",p.deshmukh,credit-policy-2025,102642.10,2.787,2026-02-10 11:16:33.349371-05:00,2026-02-10 11:16:44.446802-05:00
113,138,COUNTER_OFFER,33000.00,12.868,48,MANUAL_OVERRIDE_RB,l.nakamura,credit-policy-2025,152668.07,2.316,2026-02-19 02:30:05.525703-05:00,2026-02-19 02:30:13.148114-05:00
114,139,DECLINED,,,,"EXISTING_DEBT,UNVERIFIED_REVENUE,TIME_IN_BUSINESS",t.rivas,credit-policy-2024,88080.64,0.962,2026-02-13 04:58:15.139108-05:00,2026-02-13 04:58:18.849727-05:00
115,140,APPROVED,112000.00,24.421,36,"CREDIT_OK,MANUAL_OVERRIDE_RB,POLICY_EXCEPTION_APPROVED",s.whitfield,credit-policy-2025,263120.48,2.604,2026-02-11 12:20:29.710590-05:00,2026-02-11 12:20:50.266811-05:00
116,141,DECLINED,,,,"REVENUE_BELOW_MIN,NSF_ACTIVITY,STACKED_DEBT",j.beaumont,credit-policy-2024,52685.78,2.72,2026-02-11 17:13:15.167266-05:00,2026-02-11 17:13:36.281199-05:00
117,143,APPROVED,69000.00,22.535,48,"TIB_OK,POLICY_EXCEPTION_APPROVED",k.abernathy,credit-policy-2025,145167.19,2.412,2026-02-08 02:07:17.480440-05:00,2026-02-08 02:07:21.623317-05:00
118,144,APPROVED,25200.00,21.803,12,"TIB_OK,REVENUE_VERIFIED,",l.nakamura,credit-policy-2025,73945.00,2.904,2026-02-19 16:53:47.553276-05:00,2026-02-19 16:54:11.578990-05:00
119,145,DECLINED,,,,"DSCR_BELOW_MIN,TIME_IN_BUSINESS,UNVERIFIED_REVENUE",renee.blackwell,credit-policy-2024,119095.56,3.186,2026-02-05 23:44:06.256695-05:00,2026-02-05 23:44:14.274561-05:00
120,146,APPROVED,51850.00,16.14,24,REVENUE_VERIFIED,k.abernathy,credit-policy-FINAL2,55630.56,0.836,2026-03-03 18:23:00.848161-05:00,2026-03-03 18:23:15.706631-05:00
121,147,APPROVED,57000.00,8.877,36,,d.pham,credit-policy-2025,133277.25,1.605,2026-02-09 13:04:04.184218-05:00,2026-02-09 13:04:08.707566-05:00
122,148,APPROVED,37000.00,10.056,84,"TIB_OK,MANUAL_OVERRIDE_RB",t.rivas,credit-policy-FINAL2,85393.94,3.349,2026-03-07 16:34:30.020511-05:00,2026-03-07 16:34:59.775852-05:00
123,149,APPROVED,2100000.00,27.244,24,"DSCR_OK,REVENUE_VERIFIED",renee.blackwell,credit-policy-FINAL2,1287076.49,3.297,2026-02-08 12:26:59.016202-05:00,2026-02-08 12:27:00.672749-05:00
124,150,DECLINED,,,,INDUSTRY_RESTRICTED,a.castellanos,credit-policy-2025,1352064.08,2.439,2026-02-18 22:02:04.410193-05:00,2026-02-18 22:02:30.672244-05:00
125,151,COUNTER_OFFER,225000.00,27.093,48,"DSCR_OK,POLICY_EXCEPTION_APPROVED",renee.blackwell,credit-policy-2025,250032.59,2.981,2026-02-09 00:42:32.694188-05:00,2026-02-09 00:42:50.013942-05:00
126,152,COUNTER_OFFER,700000.00,21.636,48,"COLLATERAL_OK, CREDIT_OK, POLICY_EXCEPTION_APPROVED",l.nakamura,credit-policy-2024,3094585.18,2.067,2026-02-10 02:23:49.059878-05:00,2026-02-10 02:24:11.323276-05:00
127,153,APPROVED,314500.00,9.735,12,"TIB_OK, COLLATERAL_OK, REVENUE_VERIFIED",a.castellanos,credit-policy-FINAL2,474783.85,1.307,2026-02-14 13:33:50.991867-05:00,2026-02-14 13:34:06.122921-05:00
128,154,APPROVED,445000.00,15.22,36,"DSCR_OK,POLICY_EXCEPTION_APPROVED,TIB_OK",renee.blackwell,credit-policy-2025,840813.93,1.233,2026-02-08 09:49:59.763345-05:00,2026-02-08 09:50:05.236024-05:00
129,155,DECLINED,,,,"COLLATERAL_SHORTFALL,UNVERIFIED_REVENUE,EXISTING_DEBT",t.rivas,credit-policy-FINAL2,1135156.97,2.643,2026-03-22 08:42:25.885520-05:00,2026-03-22 08:42:31.276526-05:00
130,156,DECLINED,,,,"DSCR_BELOW_MIN,EXISTING_DEBT,TIME_IN_BUSINESS",d.pham,credit-policy-FINAL2,2525559.67,0.895,2026-02-14 21:20:04.910023-05:00,2026-02-14 21:20:19.102969-05:00
131,157,DECLINED,,,,"DSCR_BELOW_MIN,TIME_IN_BUSINESS",j.beaumont,credit-policy-2025,1061420.92,0.97,2026-02-09 21:38:47.480813-05:00,2026-02-09 21:39:03.973485-05:00
132,158,APPROVED,145000.00,28.047,36,"REVENUE_VERIFIED,DSCR_OK",d.pham,credit-policy-2025,275548.35,2.361,2026-02-17 21:49:06.832103-05:00,2026-02-17 21:49:27.000351-05:00
133,159,APPROVED,660000.00,10.985,36,,t.rivas,credit-policy-2025,1574456.83,1.949,2026-02-14 07:44:38.318278-05:00,2026-02-14 07:44:46.258087-05:00
134,160,DECLINED,,,,"TIME_IN_BUSINESS,REVENUE_BELOW_MIN",l.nakamura,credit-policy-FINAL2,56531.64,2.205,2026-02-18 05:20:52.394218-05:00,2026-02-18 05:20:56.416035-05:00
135,161,APPROVED,96000.00,14.994,48,"REVENUE_VERIFIED,MANUAL_OVERRIDE_RB,COLLATERAL_OK",d.pham,credit-policy-2024,189923.68,0.77,2026-02-07 19:06:18.420223-05:00,2026-02-07 19:06:25.745336-05:00
136,162,DECLINED,,,,"COLLATERAL_SHORTFALL, INDUSTRY_RESTRICTED",m.okonkwo,credit-policy-2025,472512.61,2.332,2026-02-14 10:37:25.627342-05:00,2026-02-14 10:37:35.756241-05:00
137,164,APPROVED,90000.00,14.089,24,MANUAL_OVERRIDE_RB,a.castellanos,credit-policy-2025,75024.27,1.093,2026-02-11 04:58:17.668298-05:00,2026-02-11 04:58:25.141872-05:00
138,165,APPROVED,240000.00,18.777,36,"COLLATERAL_OK,CREDIT_OK,POLICY_EXCEPTION_APPROVED",l.nakamura,credit-policy-2024,175803.45,1.179,2026-02-12 15:17:32.414504-05:00,2026-02-12 15:17:35.105410-05:00
139,166,APPROVED,161500.00,12.896,36,,c.obrien,credit-policy-2024,227979.65,2.815,2026-02-20 04:12:45.510220-05:00,2026-02-20 04:13:00.589070-05:00
140,167,DECLINED,,,,"DSCR_BELOW_MIN,UNVERIFIED_REVENUE,NSF_ACTIVITY",k.abernathy,credit-policy-2024,156978.73,2.556,2026-02-14 18:47:20.096369-05:00,2026-02-14 18:47:49.785165-05:00
141,168,DECLINED,,,,"DSCR_BELOW_MIN,NSF_ACTIVITY,TIME_IN_BUSINESS",a.castellanos,credit-policy-2025,225869.55,2.798,2026-02-11 12:03:08.467622-05:00,2026-02-11 12:03:31.518820-05:00
142,169,DECLINED,,,,"TIME_IN_BUSINESS,CREDIT_SCORE",t.rivas,credit-policy-2025,560642.65,1.5,2026-02-26 12:08:22.202472-05:00,2026-02-26 12:08:50.997508-05:00
143,170,APPROVED,24500.00,12.299,84,"DSCR_OK,CREDIT_OK,MANUAL_OVERRIDE_RB",c.obrien,credit-policy-2025,66831.97,1.953,2026-02-18 01:51:17.222022-05:00,2026-02-18 01:51:35.892150-05:00
144,171,APPROVED,100000.00,19.481,48,TIB_OK,p.deshmukh,credit-policy-2025,351687.62,3.343,2026-02-22 11:02:55.123229-05:00,2026-02-22 11:03:02.230394-05:00
145,172,DECLINED,,,,INDUSTRY_RESTRICTED,c.obrien,credit-policy-2025,173061.79,1.643,2026-02-14 02:37:56.445791-05:00,2026-02-14 02:38:13.857685-05:00
146,173,DECLINED,,,,"UNVERIFIED_REVENUE,TIME_IN_BUSINESS",k.abernathy,credit-policy-2025,169947.57,2.547,2026-02-09 02:13:26.762867-05:00,2026-02-09 02:13:38.553384-05:00
147,174,APPROVED,289000.00,9.712,84,COLLATERAL_OK,j.beaumont,credit-policy-FINAL2,255267.72,2.025,2026-02-17 17:17:53.626505-05:00,2026-02-17 17:18:13.640358-05:00
148,175,DECLINED,,,,"TIME_IN_BUSINESS,COLLATERAL_SHORTFALL,UNVERIFIED_REVENUE",renee.blackwell,credit-policy-2024,93134.86,1.866,2026-02-07 15:27:07.526050-05:00,2026-02-07 15:27:20.476555-05:00
149,177,APPROVED,311500.00,17.807,36,TIB_OK,c.obrien,credit-policy-2025,472541.34,1.116,2026-02-26 09:49:36.601467-05:00,2026-02-26 09:50:06.130982-05:00
150,178,DECLINED,,,,STACKED_DEBT,c.obrien,credit-policy-FINAL2,51852.90,0.945,2026-02-09 20:13:55.893311-05:00,2026-02-09 20:14:02.084243-05:00
151,179,DECLINED,,,,"INDUSTRY_RESTRICTED,STACKED_DEBT",a.castellanos,credit-policy-2025,86245.93,3.301,2026-02-22 03:59:47.750137-05:00,2026-02-22 03:59:53.617675-05:00
152,180,DECLINED,,,,"TIME_IN_BUSINESS,REVENUE_BELOW_MIN,",p.deshmukh,credit-policy-2025,88104.68,1.371,2026-02-06 00:12:45.226110-05:00,2026-02-06 00:12:55.238049-05:00
153,181,APPROVED,16000.00,28.499,12,"REVENUE_VERIFIED,MANUAL_OVERRIDE_RB,POLICY_EXCEPTION_APPROVED",c.obrien,credit-policy-2025,43344.04,1.744,2026-02-21 15:53:07.662417-05:00,2026-02-21 15:53:29.802184-05:00
154,182,DECLINED,,,,"STACKED_DEBT,EXISTING_DEBT",d.pham,credit-policy-2025,2046716.00,1.293,2026-02-09 05:19:37.150519-05:00,2026-02-09 05:19:39.326198-05:00
155,184,DECLINED,,,,"NSF_ACTIVITY, STACKED_DEBT, DSCR_BELOW_MIN",j.beaumont,credit-policy-2025,142136.50,2.676,2026-02-12 21:26:55.806663-05:00,2026-02-12 21:27:25.652117-05:00
156,185,APPROVED,87500.00,25.656,12,"DSCR_OK, REVENUE_VERIFIED,",renee.blackwell,credit-policy-2025,278644.68,2.28,2026-02-11 16:57:31.929768-05:00,2026-02-11 16:57:48.385215-05:00
157,187,COUNTER_OFFER,135000.00,12.218,36,"CREDIT_OK,MANUAL_OVERRIDE_RB,TIB_OK",t.rivas,credit-policy-FINAL2,210919.04,2.341,2026-02-16 07:50:02.899952-05:00,2026-02-16 07:50:08.888965-05:00
158,188,DECLINED,,,,"UNVERIFIED_REVENUE,INDUSTRY_RESTRICTED,NSF_ACTIVITY",c.obrien,credit-policy-2025,115412.81,2.5,2026-02-08 20:25:08.951062-05:00,2026-02-08 20:25:10.480288-05:00
159,190,DECLINED,,,,"NSF_ACTIVITY, COLLATERAL_SHORTFALL, TIME_IN_BUSINESS",t.rivas,credit-policy-2025,176560.80,2.819,2026-02-07 08:58:54.294270-05:00,2026-02-07 08:59:06.947441-05:00
160,192,APPROVED,38500.00,22.684,48,"DSCR_OK,REVENUE_VERIFIED",d.pham,credit-policy-2025,171398.62,1.611,2026-02-11 01:50:39.828159-05:00,2026-02-11 01:50:41.724250-05:00
161,193,APPROVED,100000.00,23.135,12,"DSCR_OK,TIB_OK",m.okonkwo,credit-policy-2024,86947.84,0.871,2026-02-17 17:00:57.931357-05:00,2026-02-17 17:01:27.025664-05:00
162,194,COUNTER_OFFER,27000.00,26.968,24,"REVENUE_VERIFIED,TIB_OK,DSCR_OK",s.whitfield,credit-policy-FINAL2,117476.21,1.155,2026-02-07 18:00:05.128596-05:00,2026-02-07 18:00:08.380377-05:00
163,195,APPROVED,56000.00,19.426,84,"COLLATERAL_OK,CREDIT_OK",j.beaumont,credit-policy-FINAL2,115501.58,2.914,2026-02-24 16:06:02.409402-05:00,2026-02-24 16:06:14.200269-05:00
164,196,APPROVED,107500.00,28.564,60,"POLICY_EXCEPTION_APPROVED, CREDIT_OK",l.nakamura,credit-policy-2025,53268.21,3.082,2026-02-15 14:15:29.820969-05:00,2026-02-15 14:15:50.214429-05:00
165,198,COUNTER_OFFER,410000.00,19.618,36,"MANUAL_OVERRIDE_RB,TIB_OK",c.obrien,credit-policy-2025,634926.39,2.196,2026-02-16 09:09:44.200588-05:00,2026-02-16 09:10:12.650569-05:00
166,199,COUNTER_OFFER,75000.00,21.891,84,"MANUAL_OVERRIDE_RB, TIB_OK, DSCR_OK",s.whitfield,credit-policy-2025,93000.90,2.973,2026-02-10 14:31:33.316388-05:00,2026-02-10 14:31:48.147089-05:00
167,200,DECLINED,,,,"TIME_IN_BUSINESS, COLLATERAL_SHORTFALL, REVENUE_BELOW_MIN,",j.beaumont,credit-policy-2024,112810.82,2.222,2026-02-07 10:34:30.029011-05:00,2026-02-07 10:34:35.861218-05:00
168,201,APPROVED,365000.00,7.981,36,TIB_OK,d.pham,credit-policy-2024,1103688.90,1.341,2026-02-11 01:17:25.718809-05:00,2026-02-11 01:17:48.981140-05:00
169,202,APPROVED,462000.00,20.801,12,"DSCR_OK,MANUAL_OVERRIDE_RB",j.beaumont,credit-policy-2025,993693.93,2.364,2026-02-15 00:54:37.242621-05:00,2026-02-15 00:54:46.402047-05:00
170,203,DECLINED,,,,"INDUSTRY_RESTRICTED,REVENUE_BELOW_MIN,DSCR_BELOW_MIN,NSF_ACTIVITY",l.nakamura,credit-policy-2025,129866.74,0.993,2026-02-21 20:31:43.408966-05:00,2026-02-21 20:31:59.895951-05:00
171,204,COUNTER_OFFER,82500.00,8.501,48,"DSCR_OK,POLICY_EXCEPTION_APPROVED",d.pham,credit-policy-2025,150972.37,2.166,2026-02-14 16:50:21.229673-05:00,2026-02-14 16:50:22.640091-05:00
172,205,APPROVED,67000.00,15.127,60,"TIB_OK, DSCR_OK",m.okonkwo,credit-policy-2025,102642.49,1.252,2026-02-19 03:57:14.388552-05:00,2026-02-19 03:57:43.468596-05:00
173,206,APPROVED,305000.00,20.518,12,DSCR_OK,p.deshmukh,credit-policy-FINAL2,447549.98,1.197,2026-02-10 23:26:07.732158-05:00,2026-02-10 23:26:35.330561-05:00
174,207,DECLINED,,,,"INDUSTRY_RESTRICTED,CREDIT_SCORE",j.beaumont,credit-policy-FINAL2,86311.29,2.609,2026-02-19 21:07:52.586724-05:00,2026-02-19 21:08:08.809503-05:00
175,208,APPROVED,49000.00,23.072,24,MANUAL_OVERRIDE_RB,a.castellanos,credit-policy-2025,182154.55,1.08,2026-03-08 05:46:53.395752-05:00,2026-03-08 05:47:11.209030-05:00
176,209,DECLINED,,,,"INDUSTRY_RESTRICTED,STACKED_DEBT,CREDIT_SCORE",j.beaumont,credit-policy-2025,148385.07,2.01,2026-02-12 11:16:11.873245-05:00,2026-02-12 11:16:39.703260-05:00
177,210,APPROVED,425000.00,24.286,36,"DSCR_OK,REVENUE_VERIFIED,COLLATERAL_OK",m.okonkwo,credit-policy-2025,1559158.29,3.337,2026-02-09 00:45:14.871957-05:00,2026-02-09 00:45:25.956596-05:00
178,211,DECLINED,,,,"UNVERIFIED_REVENUE,COLLATERAL_SHORTFALL,CREDIT_SCORE,DSCR_BELOW_MIN",a.castellanos,credit-policy-FINAL2,88664.47,1.436,2026-03-01 17:42:47.596331-05:00,2026-03-01 17:43:03.681645-05:00
179,212,DECLINED,,,,"TIME_IN_BUSINESS,CREDIT_SCORE,UNVERIFIED_REVENUE,REVENUE_BELOW_MIN",k.abernathy,credit-policy-2025,820905.27,2.832,2026-02-23 16:27:37.976911-05:00,2026-02-23 16:27:55.095853-05:00
180,213,DECLINED,,,,COLLATERAL_SHORTFALL,j.beaumont,credit-policy-2025,180501.37,1.255,2026-02-11 04:58:05.701762-05:00,2026-02-11 04:58:28.419113-05:00
181,214,DECLINED,,,,"TIME_IN_BUSINESS,REVENUE_BELOW_MIN",renee.blackwell,credit-policy-2024,168005.97,1.071,2026-03-10 05:01:19.034316-05:00,2026-03-10 05:01:35.665696-05:00
182,217,DECLINED,,,,"UNVERIFIED_REVENUE, CREDIT_SCORE, EXISTING_DEBT",p.deshmukh,credit-policy-2024,452296.82,1.656,2026-02-07 19:32:04.873039-05:00,2026-02-07 19:32:26.955631-05:00
183,218,DECLINED,,,,"EXISTING_DEBT,DSCR_BELOW_MIN,CREDIT_SCORE",d.pham,credit-policy-2025,1188065.04,2.904,2026-02-23 21:26:14.231496-05:00,2026-02-23 21:26:27.839822-05:00
184,219,APPROVED,48500.00,24.065,12,CREDIT_OK,l.nakamura,credit-policy-FINAL2,139566.42,1.866,2026-02-16 02:56:24.531654-05:00,2026-02-16 02:56:52.605457-05:00
185,220,DECLINED,,,,EXISTING_DEBT,d.pham,credit-policy-2025,396512.71,1.218,2026-02-12 04:25:49.411138-05:00,2026-02-12 04:26:16.718349-05:00
186,221,DECLINED,,,,EXISTING_DEBT,m.okonkwo,credit-policy-2025,579112.99,0.795,2026-02-15 16:15:47.835972-05:00,2026-02-15 16:16:05.624516-05:00
187,222,DECLINED,,,,"TIME_IN_BUSINESS,NSF_ACTIVITY,CREDIT_SCORE,INDUSTRY_RESTRICTED",p.deshmukh,credit-policy-2025,291223.82,1.737,2026-02-11 11:40:22.413302-05:00,2026-02-11 11:40:36.087056-05:00
188,224,DECLINED,,,,"COLLATERAL_SHORTFALL,TIME_IN_BUSINESS,EXISTING_DEBT",renee.blackwell,credit-policy-FINAL2,127308.71,2.018,2026-02-09 15:29:45.730706-05:00,2026-02-09 15:30:00.558712-05:00
189,225,DECLINED,,,,EXISTING_DEBT,m.okonkwo,credit-policy-FINAL2,60475.57,2.329,2026-02-18 09:05:40.137109-05:00,2026-02-18 09:05:58.003037-05:00
190,226,DECLINED,,,,STACKED_DEBT,m.okonkwo,credit-policy-2025,72748.75,1.571,2026-02-09 23:45:41.691786-05:00,2026-02-09 23:45:51.445932-05:00
191,227,COUNTER_OFFER,29400.00,10.197,36,"MANUAL_OVERRIDE_RB,REVENUE_VERIFIED",c.obrien,credit-policy-2025,120324.54,2.551,2026-02-28 21:42:37.359280-05:00,2026-02-28 21:42:46.154625-05:00
192,228,APPROVED,315000.00,11.813,60,MANUAL_OVERRIDE_RB,t.rivas,credit-policy-FINAL2,411717.42,1.001,2026-02-19 11:42:03.785161-05:00,2026-02-19 11:42:17.721468-05:00
193,229,APPROVED,200000.00,16.283,84,"MANUAL_OVERRIDE_RB,CREDIT_OK,DSCR_OK",k.abernathy,credit-policy-2025,235285.68,1.861,2026-02-12 01:00:48.302814-05:00,2026-02-12 01:00:51.996542-05:00
194,230,DECLINED,,,,COLLATERAL_SHORTFALL,k.abernathy,credit-policy-FINAL2,213986.75,2.525,2026-02-20 07:02:07.060706-05:00,2026-02-20 07:02:19.864742-05:00
195,231,DECLINED,,,,"COLLATERAL_SHORTFALL,EXISTING_DEBT",d.pham,credit-policy-2024,240794.76,1.572,2026-02-10 10:53:18.518905-05:00,2026-02-10 10:53:33.842646-05:00
196,233,DECLINED,,,,DSCR_BELOW_MIN,a.castellanos,credit-policy-2025,85865.32,1.835,2026-02-07 05:33:39.351971-05:00,2026-02-07 05:33:42.911025-05:00
197,235,APPROVED,29500.00,7.548,24,"COLLATERAL_OK,REVENUE_VERIFIED,DSCR_OK",k.abernathy,credit-policy-2025,171372.72,2.112,2026-02-28 21:39:12.388473-05:00,2026-02-28 21:39:25.729411-05:00
198,236,APPROVED,122500.00,19.745,12,"POLICY_EXCEPTION_APPROVED,REVENUE_VERIFIED",c.obrien,credit-policy-2025,255840.61,2.38,2026-02-18 10:24:27.115068-05:00,2026-02-18 10:24:50.198500-05:00
199,237,APPROVED,155000.00,17.906,84,"CREDIT_OK,POLICY_EXCEPTION_APPROVED",m.okonkwo,credit-policy-2025,204197.72,0.722,2026-02-14 17:25:03.124677-05:00,2026-02-14 17:25:13.212331-05:00
200,238,APPROVED,276500.00,24.973,12,"REVENUE_VERIFIED,POLICY_EXCEPTION_APPROVED",k.abernathy,credit-policy-FINAL2,698312.32,2.567,2026-02-10 04:36:19.396039-05:00,2026-02-10 04:36:35.537062-05:00
201,239,APPROVED,130000.00,11.412,84,"POLICY_EXCEPTION_APPROVED, MANUAL_OVERRIDE_RB",k.abernathy,credit-policy-2025,100634.83,2.555,2026-02-10 08:05:18.240483-05:00,2026-02-10 08:05:28.792843-05:00
202,240,APPROVED,150000.00,20.445,48,"COLLATERAL_OK, CREDIT_OK, REVENUE_VERIFIED",p.deshmukh,credit-policy-2025,270490.84,3.029,2026-02-10 10:05:51.109213-05:00,2026-02-10 10:06:07.317550-05:00
203,241,APPROVED,415000.00,26.558,12,MANUAL_OVERRIDE_RB,t.rivas,credit-policy-2025,636157.42,0.804,2026-02-23 00:59:24.208068-05:00,2026-02-23 00:59:29.395684-05:00
204,242,DECLINED,,,,"REVENUE_BELOW_MIN, UNVERIFIED_REVENUE, DSCR_BELOW_MIN, INDUSTRY_RESTRICTED",a.castellanos,credit-policy-2024,75357.51,2.731,2026-02-12 19:44:24.541444-05:00,2026-02-12 19:44:25.765689-05:00
205,243,APPROVED,145000.00,11.742,60,"REVENUE_VERIFIED,DSCR_OK,TIB_OK",a.castellanos,credit-policy-2025,170330.08,3.358,2026-02-08 14:09:31.993317-05:00,2026-02-08 14:09:42.254271-05:00
206,244,APPROVED,204000.00,10.83,48,"POLICY_EXCEPTION_APPROVED,CREDIT_OK",t.rivas,credit-policy-2025,274742.49,2.395,2026-02-18 05:17:15.504042-05:00,2026-02-18 05:17:16.660334-05:00
207,245,APPROVED,178500.00,11.197,36,COLLATERAL_OK,p.deshmukh,credit-policy-2025,501195.55,2.664,2026-02-12 15:38:38.566183-05:00,2026-02-12 15:38:58.229592-05:00
208,246,APPROVED,305000.00,23.264,60,TIB_OK,s.whitfield,credit-policy-2025,846264.07,2.66,2026-02-14 19:33:20.725358-05:00,2026-02-14 19:33:49.640951-05:00
209,247,COUNTER_OFFER,174250.00,18.613,84,DSCR_OK,j.beaumont,credit-policy-FINAL2,255905.27,1.769,2026-02-18 01:35:07.539555-05:00,2026-02-18 01:35:13.370304-05:00
210,248,DECLINED,,,,"STACKED_DEBT, DSCR_BELOW_MIN",l.nakamura,credit-policy-2025,119844.39,2.982,2026-02-11 05:00:02.802981-05:00,2026-02-11 05:00:18.992558-05:00
211,249,APPROVED,157250.00,8.879,12,"TIB_OK,REVENUE_VERIFIED",k.abernathy,credit-policy-FINAL2,261828.18,0.706,2026-02-08 23:26:57.723024-05:00,2026-02-08 23:27:11.569755-05:00
212,250,APPROVED,119000.00,25.558,36,"POLICY_EXCEPTION_APPROVED,COLLATERAL_OK,REVENUE_VERIFIED",l.nakamura,credit-policy-2025,145986.55,2.137,2026-03-03 18:33:47.359298-05:00,2026-03-03 18:33:52.618623-05:00
213,251,APPROVED,301000.00,8.931,24,"CREDIT_OK,TIB_OK,",k.abernathy,credit-policy-2025,590654.30,3.158,2026-02-18 11:13:11.885394-05:00,2026-02-18 11:13:20.913947-05:00
214,252,DECLINED,,,,"COLLATERAL_SHORTFALL, INDUSTRY_RESTRICTED, CREDIT_SCORE, REVENUE_BELOW_MIN",renee.blackwell,credit-policy-FINAL2,748799.93,2.171,2026-02-13 14:20:38.587696-05:00,2026-02-13 14:21:07.992875-05:00
215,253,APPROVED,195500.00,21.927,48,"REVENUE_VERIFIED,",a.castellanos,credit-policy-2025,306451.60,2.953,2026-02-13 18:29:04.714782-05:00,2026-02-13 18:29:29.996295-05:00
216,254,DECLINED,,,,"CREDIT_SCORE,NSF_ACTIVITY,UNVERIFIED_REVENUE,COLLATERAL_SHORTFALL",k.abernathy,credit-policy-FINAL2,70002.39,2.85,2026-02-11 20:53:51.087088-05:00,2026-02-11 20:54:06.808193-05:00
217,255,APPROVED,1625000.00,22.28,60,"DSCR_OK,COLLATERAL_OK",j.beaumont,credit-policy-2025,3554398.86,2.882,2026-02-12 04:02:33.095716-05:00,2026-02-12 04:02:39.702908-05:00
218,257,COUNTER_OFFER,190000.00,17.495,12,"REVENUE_VERIFIED, CREDIT_OK, DSCR_OK",c.obrien,credit-policy-FINAL2,347404.58,1.394,2026-03-01 12:22:05.313253-05:00,2026-03-01 12:22:33.260229-05:00
219,258,APPROVED,280000.00,17.685,48,"COLLATERAL_OK,DSCR_OK,POLICY_EXCEPTION_APPROVED",p.deshmukh,credit-policy-2025,487044.13,0.941,2026-02-11 16:32:55.431825-05:00,2026-02-11 16:33:22.954845-05:00
220,259,DECLINED,,,,"REVENUE_BELOW_MIN,EXISTING_DEBT",d.pham,credit-policy-2025,314343.94,1.436,2026-02-20 08:19:35.648056-05:00,2026-02-20 08:19:41.103136-05:00
221,260,APPROVED,680000.00,15.401,12,"DSCR_OK,REVENUE_VERIFIED,TIB_OK",p.deshmukh,credit-policy-FINAL2,1852061.99,2.927,2026-02-22 11:19:35.442209-05:00,2026-02-22 11:19:57.157710-05:00
222,261,APPROVED,120000.00,14.87,60,"COLLATERAL_OK,POLICY_EXCEPTION_APPROVED,REVENUE_VERIFIED",a.castellanos,credit-policy-2025,173395.26,1.712,2026-02-11 20:36:16.019241-05:00,2026-02-11 20:36:33.917847-05:00
223,262,APPROVED,97750.00,26.782,12,REVENUE_VERIFIED,p.deshmukh,credit-policy-2025,162597.17,1.13,2026-02-10 21:49:46.234427-05:00,2026-02-10 21:50:15.863318-05:00
224,263,APPROVED,290000.00,14.204,36,"COLLATERAL_OK,MANUAL_OVERRIDE_RB,POLICY_EXCEPTION_APPROVED",renee.blackwell,credit-policy-2025,616056.58,3.019,2026-02-12 18:54:54.338901-05:00,2026-02-12 18:54:58.779637-05:00
225,264,APPROVED,202500.00,21.032,48,"DSCR_OK,TIB_OK,REVENUE_VERIFIED",p.deshmukh,credit-policy-2025,997369.50,2.822,2026-03-13 19:38:43.500579-05:00,2026-03-13 19:38:59.946940-05:00
226,265,APPROVED,80500.00,23.825,24,CREDIT_OK,d.pham,credit-policy-2024,84946.09,2.904,2026-02-08 10:59:04.123331-05:00,2026-02-08 10:59:21.898727-05:00
227,266,APPROVED,41000.00,15.954,12,"COLLATERAL_OK,TIB_OK,REVENUE_VERIFIED",s.whitfield,credit-policy-2025,82948.45,0.726,2026-02-10 15:07:13.893885-05:00,2026-02-10 15:07:36.763482-05:00
228,267,DECLINED,,,,"REVENUE_BELOW_MIN,INDUSTRY_RESTRICTED,DSCR_BELOW_MIN",d.pham,credit-policy-2025,1941859.60,0.793,2026-02-08 00:47:59.565606-05:00,2026-02-08 00:48:14.824589-05:00
229,268,APPROVED,23000.00,17.704,12,"TIB_OK,",k.abernathy,credit-policy-2024,274358.20,2.079,2026-02-14 13:08:54.989719-05:00,2026-02-14 13:09:13.137120-05:00
230,269,APPROVED,164500.00,19.255,24,"CREDIT_OK, POLICY_EXCEPTION_APPROVED",p.deshmukh,credit-policy-2025,191493.48,0.796,2026-02-14 05:36:15.964641-05:00,2026-02-14 05:36:31.961258-05:00
231,270,COUNTER_OFFER,400000.00,10.312,24,DSCR_OK,a.castellanos,credit-policy-2024,563502.89,1.681,2026-02-13 09:03:37.681536-05:00,2026-02-13 09:03:44.975245-05:00
232,273,DECLINED,,,,"DSCR_BELOW_MIN,",c.obrien,credit-policy-2025,320366.27,3.354,2026-02-14 21:17:40.051650-05:00,2026-02-14 21:17:55.747474-05:00
233,274,APPROVED,85000.00,23.89,48,"CREDIT_OK, MANUAL_OVERRIDE_RB",l.nakamura,credit-policy-FINAL2,124669.06,0.852,2026-02-13 11:55:10.478563-05:00,2026-02-13 11:55:37.306199-05:00
234,275,APPROVED,105000.00,24.205,24,"COLLATERAL_OK,DSCR_OK",k.abernathy,credit-policy-2025,149226.51,2.182,2026-02-13 16:07:31.223461-05:00,2026-02-13 16:07:48.958162-05:00
235,276,DECLINED,,,,"UNVERIFIED_REVENUE,EXISTING_DEBT,INDUSTRY_RESTRICTED,COLLATERAL_SHORTFALL",k.abernathy,credit-policy-2025,82912.67,2.818,2026-02-11 04:46:27.537290-05:00,2026-02-11 04:46:54.498949-05:00
236,277,DECLINED,,,,"EXISTING_DEBT,INDUSTRY_RESTRICTED,NSF_ACTIVITY,DSCR_BELOW_MIN",c.obrien,credit-policy-2025,255596.42,2.424,2026-02-11 23:06:55.706464-05:00,2026-02-11 23:07:04.644666-05:00
237,278,DECLINED,,,,"UNVERIFIED_REVENUE,STACKED_DEBT,EXISTING_DEBT,REVENUE_BELOW_MIN",c.obrien,credit-policy-FINAL2,135099.08,2.318,2026-02-11 11:14:05.090692-05:00,2026-02-11 11:14:28.453133-05:00
238,279,APPROVED,60350.00,15.299,48,"DSCR_OK,MANUAL_OVERRIDE_RB,REVENUE_VERIFIED",s.whitfield,credit-policy-2024,108650.65,1.188,2026-02-14 03:08:54.707629-05:00,2026-02-14 03:09:18.220033-05:00
239,282,APPROVED,395500.00,10.329,48,REVENUE_VERIFIED,d.pham,credit-policy-2025,963202.66,1.167,2026-02-12 07:30:14.781066-05:00,2026-02-12 07:30:41.495245-05:00
240,283,APPROVED,108500.00,11.33,60,DSCR_OK,m.okonkwo,credit-policy-2024,181613.11,2.32,2026-02-15 08:35:42.090969-05:00,2026-02-15 08:35:43.962187-05:00
241,284,APPROVED,73950.00,17.663,24,"COLLATERAL_OK,MANUAL_OVERRIDE_RB",renee.blackwell,credit-policy-2025,99543.19,2.25,2026-02-06 23:35:14.606243-05:00,2026-02-06 23:35:32.600798-05:00
242,285,DECLINED,,,,"TIME_IN_BUSINESS,DSCR_BELOW_MIN,CREDIT_SCORE",s.whitfield,credit-policy-2024,189563.16,0.894,2026-02-12 10:06:13.386023-05:00,2026-02-12 10:06:29.069329-05:00
243,286,DECLINED,,,,"UNVERIFIED_REVENUE,CREDIT_SCORE,INDUSTRY_RESTRICTED,DSCR_BELOW_MIN",k.abernathy,credit-policy-2024,56894.24,2.758,2026-02-19 04:08:15.746888-05:00,2026-02-19 04:08:25.092267-05:00
244,287,DECLINED,,,,REVENUE_BELOW_MIN,renee.blackwell,credit-policy-FINAL2,220316.21,3.236,2026-02-18 23:21:17.868160-05:00,2026-02-18 23:21:29.104250-05:00
245,288,DECLINED,,,,"STACKED_DEBT,COLLATERAL_SHORTFALL",a.castellanos,credit-policy-2025,136914.25,2.628,2026-02-13 17:56:47.517115-05:00,2026-02-13 17:56:58.892969-05:00
246,289,COUNTER_OFFER,135000.00,15.521,36,"COLLATERAL_OK, MANUAL_OVERRIDE_RB",t.rivas,credit-policy-2025,105887.69,1.124,2026-02-15 22:24:01.440170-05:00,2026-02-15 22:24:20.942087-05:00
247,290,APPROVED,180000.00,15.105,48,REVENUE_VERIFIED,p.deshmukh,credit-policy-FINAL2,364172.44,2.384,2026-02-28 17:18:28.262523-05:00,2026-02-28 17:18:35.633021-05:00
248,291,DECLINED,,,,UNVERIFIED_REVENUE,renee.blackwell,credit-policy-2024,893631.38,3.09,2026-02-13 07:37:09.805521-05:00,2026-02-13 07:37:11.263528-05:00
249,292,DECLINED,,,,REVENUE_BELOW_MIN,s.whitfield,credit-policy-2025,139058.16,2.034,2026-02-23 16:14:10.722199-05:00,2026-02-23 16:14:18.933186-05:00
250,293,COUNTER_OFFER,260000.00,12.482,36,MANUAL_OVERRIDE_RB,t.rivas,credit-policy-2025,209316.68,1.953,2026-02-19 15:50:36.276543-05:00,2026-02-19 15:50:46.253212-05:00
251,294,APPROVED,97750.00,13.626,24,"REVENUE_VERIFIED,CREDIT_OK,TIB_OK",d.pham,credit-policy-FINAL2,323757.50,1.521,2026-02-16 11:53:23.169202-05:00,2026-02-16 11:53:49.026221-05:00
252,295,DECLINED,,,,"NSF_ACTIVITY,UNVERIFIED_REVENUE,EXISTING_DEBT,CREDIT_SCORE",a.castellanos,credit-policy-2025,100957.66,3.015,2026-02-10 18:24:53.104897-05:00,2026-02-10 18:24:55.554699-05:00
253,298,DECLINED,,,,DSCR_BELOW_MIN,j.beaumont,credit-policy-2024,388551.95,2.427,2026-02-27 07:23:58.824606-05:00,2026-02-27 07:24:12.703100-05:00
254,299,APPROVED,87000.00,8.728,24,"MANUAL_OVERRIDE_RB,TIB_OK",renee.blackwell,credit-policy-2024,170621.52,2.659,2026-02-08 07:56:47.416214-05:00,2026-02-08 07:56:49.582555-05:00
255,300,APPROVED,280500.00,15.846,12,"CREDIT_OK, MANUAL_OVERRIDE_RB",s.whitfield,credit-policy-2025,308994.03,2.881,2026-02-09 13:01:06.856435-05:00,2026-02-09 13:01:32.951172-05:00
256,301,DECLINED,,,,COLLATERAL_SHORTFALL,m.okonkwo,credit-policy-2025,147855.33,1.857,2026-02-20 00:08:48.339377-05:00,2026-02-20 00:09:17.670839-05:00
257,302,DECLINED,,,,COLLATERAL_SHORTFALL,m.okonkwo,credit-policy-FINAL2,340721.13,2.449,2026-02-11 02:45:00.992415-05:00,2026-02-11 02:45:07.196756-05:00
258,304,APPROVED,125000.00,20.752,24,POLICY_EXCEPTION_APPROVED,renee.blackwell,credit-policy-2025,192927.72,2.934,2026-02-18 17:50:08.876954-05:00,2026-02-18 17:50:12.882581-05:00
259,305,DECLINED,,,,"STACKED_DEBT,DSCR_BELOW_MIN,EXISTING_DEBT,REVENUE_BELOW_MIN",a.castellanos,credit-policy-2025,92747.90,1.569,2026-02-17 17:34:46.574762-05:00,2026-02-17 17:34:58.466554-05:00
260,306,APPROVED,68000.00,11.691,48,"DSCR_OK,REVENUE_VERIFIED",k.abernathy,credit-policy-2025,135827.47,2.38,2026-02-21 23:03:58.717846-05:00,2026-02-21 23:04:23.714250-05:00
261,307,APPROVED,1200000.00,16.438,12,MANUAL_OVERRIDE_RB,p.deshmukh,credit-policy-FINAL2,11619.38,1.797,2026-02-10 18:18:45.579531-05:00,2026-02-10 18:19:01.359713-05:00
262,308,APPROVED,91000.00,23.523,60,"REVENUE_VERIFIED,COLLATERAL_OK",a.castellanos,credit-policy-2024,126274.46,0.807,2026-02-19 00:43:13.558289-05:00,2026-02-19 00:43:41.681054-05:00
263,309,APPROVED,167500.00,19.644,12,REVENUE_VERIFIED,s.whitfield,credit-policy-2025,432365.31,1.968,2026-02-16 15:35:49.281117-05:00,2026-02-16 15:36:12.702169-05:00
264,311,APPROVED,50000.00,10.18,48,"POLICY_EXCEPTION_APPROVED, COLLATERAL_OK, TIB_OK,",s.whitfield,credit-policy-2025,85269.83,3.286,2026-03-25 16:26:49.555821-05:00,2026-03-25 16:27:05.811478-05:00
265,312,APPROVED,42500.00,12.677,12,"DSCR_OK,MANUAL_OVERRIDE_RB",l.nakamura,credit-policy-2024,97632.41,2.279,2026-02-22 20:35:25.381515-05:00,2026-02-22 20:35:35.475803-05:00
266,313,APPROVED,80000.00,28.257,84,REVENUE_VERIFIED,m.okonkwo,credit-policy-2025,179533.83,2.381,2026-02-13 14:55:15.118368-05:00,2026-02-13 14:55:33.753661-05:00
267,314,DECLINED,,,,"INDUSTRY_RESTRICTED, NSF_ACTIVITY, UNVERIFIED_REVENUE",j.beaumont,credit-policy-2025,94395.06,1.382,2026-02-17 18:54:58.478673-05:00,2026-02-17 18:55:27.894331-05:00
268,315,APPROVED,295000.00,21.788,60,"MANUAL_OVERRIDE_RB,TIB_OK",d.pham,credit-policy-FINAL2,422228.22,2.261,2026-03-17 21:11:18.125789-05:00,2026-03-17 21:11:43.410881-05:00
269,316,DECLINED,,,,"REVENUE_BELOW_MIN, UNVERIFIED_REVENUE, TIME_IN_BUSINESS, CREDIT_SCORE",renee.blackwell,credit-policy-2024,121929.15,3.042,2026-02-22 01:37:06.797426-05:00,2026-02-22 01:37:29.037608-05:00
270,317,APPROVED,135000.00,17.709,60,COLLATERAL_OK,l.nakamura,credit-policy-2025,217634.12,1.514,2026-02-16 16:18:18.412496-05:00,2026-02-16 16:18:39.291287-05:00
271,318,COUNTER_OFFER,31500.00,19.222,60,"TIB_OK, DSCR_OK, COLLATERAL_OK",j.beaumont,credit-policy-2024,18443.83,0.751,2026-02-08 05:34:14.020237-05:00,2026-02-08 05:34:25.161950-05:00
272,319,APPROVED,357000.00,9.427,24,"POLICY_EXCEPTION_APPROVED,MANUAL_OVERRIDE_RB",a.castellanos,credit-policy-2024,371778.05,1.122,2026-02-09 18:03:57.715895-05:00,2026-02-09 18:04:15.673352-05:00
273,320,APPROVED,58650.00,8.58,60,COLLATERAL_OK,k.abernathy,credit-policy-FINAL2,63557.43,3.201,2026-02-26 00:32:39.074908-05:00,2026-02-26 00:33:04.354547-05:00
274,321,APPROVED,315000.00,14.385,48,"CREDIT_OK,COLLATERAL_OK,MANUAL_OVERRIDE_RB",p.deshmukh,credit-policy-FINAL2,254441.42,2.414,2026-03-07 04:19:33.697222-05:00,2026-03-07 04:19:59.223583-05:00
275,323,APPROVED,89000.00,12.393,36,"POLICY_EXCEPTION_APPROVED, COLLATERAL_OK",j.beaumont,credit-policy-FINAL2,146688.85,2.507,2026-02-22 05:51:14.104014-05:00,2026-02-22 05:51:15.628155-05:00
276,324,APPROVED,71000.00,26.336,84,POLICY_EXCEPTION_APPROVED,m.okonkwo,credit-policy-2025,158830.83,1.504,2026-02-20 19:39:47.499390-05:00,2026-02-20 19:40:10.553618-05:00
277,325,APPROVED,416500.00,8.244,48,COLLATERAL_OK,t.rivas,credit-policy-2024,1306950.96,0.852,2026-02-09 08:34:31.512427-05:00,2026-02-09 08:34:50.160126-05:00
278,328,DECLINED,,,,DSCR_BELOW_MIN,t.rivas,credit-policy-FINAL2,137387.74,1.57,2026-02-14 01:07:23.147953-05:00,2026-02-14 01:07:32.035075-05:00
279,330,APPROVED,1239000.00,26.031,36,"MANUAL_OVERRIDE_RB, CREDIT_OK",s.whitfield,credit-policy-2025,2823807.24,2.23,2026-02-10 03:35:44.810102-05:00,2026-02-10 03:35:49.509222-05:00
280,331,DECLINED,,,,"UNVERIFIED_REVENUE, TIME_IN_BUSINESS",l.nakamura,credit-policy-2025,1130793.69,2.622,2026-02-13 05:58:55.734640-05:00,2026-02-13 05:59:08.348984-05:00
281,332,DECLINED,,,,NSF_ACTIVITY,j.beaumont,credit-policy-FINAL2,1354355.37,2.695,2026-02-11 13:33:45.917608-05:00,2026-02-11 13:34:01.818262-05:00
282,333,APPROVED,85000.00,15.608,24,DSCR_OK,d.pham,credit-policy-FINAL2,357183.73,0.908,2026-02-10 19:59:39.675819-05:00,2026-02-10 19:59:48.473970-05:00
283,335,DECLINED,,,,"CREDIT_SCORE,TIME_IN_BUSINESS,DSCR_BELOW_MIN,COLLATERAL_SHORTFALL",s.whitfield,credit-policy-FINAL2,697267.59,2.834,2026-02-17 02:32:16.827369-05:00,2026-02-17 02:32:28.469586-05:00
284,336,DECLINED,,,,"EXISTING_DEBT,NSF_ACTIVITY,UNVERIFIED_REVENUE,INDUSTRY_RESTRICTED",t.rivas,credit-policy-2024,271500.14,3.121,2026-02-19 23:14:42.722738-05:00,2026-02-19 23:15:11.091104-05:00
285,337,APPROVED,360000.00,23.575,24,"CREDIT_OK,COLLATERAL_OK,POLICY_EXCEPTION_APPROVED",c.obrien,credit-policy-2025,449927.36,0.941,2026-02-23 13:37:36.361192-05:00,2026-02-23 13:37:43.930679-05:00
286,338,DECLINED,,,,NSF_ACTIVITY,j.beaumont,credit-policy-2025,208177.75,2.089,2026-02-28 18:52:58.751004-05:00,2026-02-28 18:53:06.783495-05:00
287,340,APPROVED,190000.00,17.85,60,"DSCR_OK,POLICY_EXCEPTION_APPROVED,CREDIT_OK",j.beaumont,credit-policy-2024,201170.04,1.917,2026-02-11 08:21:19.591219-05:00,2026-02-11 08:21:44.233563-05:00
288,341,APPROVED,77000.00,21.306,24,"CREDIT_OK,TIB_OK,POLICY_EXCEPTION_APPROVED",a.castellanos,credit-policy-2025,315515.89,3.029,2026-02-15 00:18:09.358390-05:00,2026-02-15 00:18:14.605857-05:00
289,344,APPROVED,28000.00,12.365,60,"REVENUE_VERIFIED,COLLATERAL_OK",renee.blackwell,credit-policy-2025,132052.02,2.983,2026-02-26 13:10:58.982987-05:00,2026-02-26 13:11:00.197725-05:00
290,345,APPROVED,290000.00,20.006,48,"REVENUE_VERIFIED, POLICY_EXCEPTION_APPROVED, DSCR_OK",t.rivas,credit-policy-2025,478030.64,1.865,2026-02-14 09:28:03.798242-05:00,2026-02-14 09:28:16.794081-05:00
291,346,APPROVED,46500.00,19.339,12,"POLICY_EXCEPTION_APPROVED,DSCR_OK,",k.abernathy,credit-policy-2025,245432.11,3.309,2026-02-18 09:18:38.628221-05:00,2026-02-18 09:19:07.982440-05:00
292,348,DECLINED,,,,"NSF_ACTIVITY,DSCR_BELOW_MIN",m.okonkwo,credit-policy-2025,130695.55,1.276,2026-02-15 14:09:40.844204-05:00,2026-02-15 14:10:00.103167-05:00
293,350,DECLINED,,,,EXISTING_DEBT,p.deshmukh,credit-policy-2025,1435794.06,2.123,2026-02-18 21:02:12.786788-05:00,2026-02-18 21:02:31.255176-05:00
294,351,DECLINED,,,,"TIME_IN_BUSINESS,UNVERIFIED_REVENUE,DSCR_BELOW_MIN",d.pham,credit-policy-FINAL2,160061.10,2.266,2026-02-08 12:26:27.944694-05:00,2026-02-08 12:26:47.995520-05:00
295,352,DECLINED,,,,COLLATERAL_SHORTFALL,a.castellanos,credit-policy-2025,1410838.31,1.305,2026-02-19 06:08:00.410811-05:00,2026-02-19 06:08:27.089718-05:00
296,354,COUNTER_OFFER,78000.00,15.336,48,"POLICY_EXCEPTION_APPROVED,MANUAL_OVERRIDE_RB,COLLATERAL_OK",s.whitfield,credit-policy-2025,46488.25,1.249,2026-02-13 04:42:48.531622-05:00,2026-02-13 04:43:11.600559-05:00
297,355,DECLINED,,,,UNVERIFIED_REVENUE,k.abernathy,credit-policy-2025,44184.40,0.771,2026-02-16 20:29:38.869429-05:00,2026-02-16 20:30:07.767124-05:00
298,356,APPROVED,89250.00,24.178,48,COLLATERAL_OK,d.pham,credit-policy-2025,189201.86,0.843,2026-02-12 20:01:33.907632-05:00,2026-02-12 20:02:02.352223-05:00
299,357,APPROVED,79050.00,25.911,12,CREDIT_OK,p.deshmukh,credit-policy-2024,197748.30,2.938,2026-02-17 06:46:55.058519-05:00,2026-02-17 06:47:09.808583-05:00
300,358,APPROVED,100000.00,16.343,48,DSCR_OK,s.whitfield,credit-policy-2025,226483.93,2.317,2026-02-20 00:53:58.197412-05:00,2026-02-20 00:54:07.433286-05:00
301,359,DECLINED,,,,"COLLATERAL_SHORTFALL,TIME_IN_BUSINESS,REVENUE_BELOW_MIN",t.rivas,credit-policy-2025,599965.60,1.511,2026-03-10 04:17:26.070102-05:00,2026-03-10 04:17:55.295970-05:00
302,360,APPROVED,332500.00,25.44,12,"MANUAL_OVERRIDE_RB, POLICY_EXCEPTION_APPROVED, DSCR_OK",t.rivas,credit-policy-2024,950849.21,2.459,2026-02-24 09:04:39.732225-05:00,2026-02-24 09:04:41.355590-05:00
303,362,APPROVED,190000.00,25.125,24,MANUAL_OVERRIDE_RB,renee.blackwell,credit-policy-2025,468476.00,1.536,2026-02-18 07:23:11.504527-05:00,2026-02-18 07:23:28.579349-05:00
304,363,APPROVED,488750.00,23.454,84,"DSCR_OK,TIB_OK,COLLATERAL_OK,",k.abernathy,credit-policy-2025,1215077.68,2.871,2026-02-11 17:46:23.573163-05:00,2026-02-11 17:46:49.366462-05:00
305,365,APPROVED,79000.00,21.603,60,"REVENUE_VERIFIED,TIB_OK,CREDIT_OK",j.beaumont,credit-policy-2024,99965.00,3.127,2026-02-11 05:38:51.367086-05:00,2026-02-11 05:39:19.022890-05:00
306,367,DECLINED,,,,"EXISTING_DEBT,STACKED_DEBT,TIME_IN_BUSINESS",t.rivas,credit-policy-FINAL2,1235569.14,2.692,2026-02-18 13:25:19.894092-05:00,2026-02-18 13:25:37.121693-05:00
307,369,APPROVED,97750.00,15.898,36,CREDIT_OK,j.beaumont,credit-policy-2025,192641.96,2.76,2026-02-13 06:44:55.319151-05:00,2026-02-13 06:45:24.228684-05:00
308,371,APPROVED,85000.00,7.433,24,"TIB_OK,DSCR_OK",k.abernathy,credit-policy-2025,170817.43,3.355,2026-02-20 21:05:16.329998-05:00,2026-02-20 21:05:35.657631-05:00
309,372,APPROVED,69000.00,24.398,48,"DSCR_OK,CREDIT_OK,MANUAL_OVERRIDE_RB",m.okonkwo,credit-policy-2025,82636.86,1.676,2026-02-16 13:52:17.761748-05:00,2026-02-16 13:52:39.602499-05:00
310,373,DECLINED,,,,UNVERIFIED_REVENUE,t.rivas,credit-policy-FINAL2,297649.83,1.661,2026-02-27 09:16:33.299602-05:00,2026-02-27 09:16:34.426031-05:00
311,374,APPROVED,40000.00,12.821,12,DSCR_OK,m.okonkwo,credit-policy-2025,81708.69,2.976,2026-02-11 07:23:49.445908-05:00,2026-02-11 07:24:18.614247-05:00
312,375,APPROVED,68000.00,10.989,84,"DSCR_OK, MANUAL_OVERRIDE_RB",j.beaumont,credit-policy-FINAL2,39711.70,1.384,2026-02-15 00:15:48.655264-05:00,2026-02-15 00:16:15.891512-05:00
313,376,APPROVED,705000.00,20.675,84,"COLLATERAL_OK,MANUAL_OVERRIDE_RB,DSCR_OK",d.pham,credit-policy-2025,1953067.96,2.279,2026-02-12 08:09:53.194362-05:00,2026-02-12 08:10:21.206507-05:00
314,377,APPROVED,235000.00,16.927,36,"DSCR_OK,CREDIT_OK",d.pham,credit-policy-2024,234481.54,2.413,2026-02-15 07:22:49.835302-05:00,2026-02-15 07:22:54.886188-05:00
315,378,COUNTER_OFFER,145000.00,9.414,36,,renee.blackwell,credit-policy-2025,448784.60,3.375,2026-02-20 02:21:58.536988-05:00,2026-02-20 02:22:02.669726-05:00
316,379,DECLINED,,,,"DSCR_BELOW_MIN, EXISTING_DEBT, UNVERIFIED_REVENUE",t.rivas,credit-policy-2024,118382.24,3.108,2026-02-13 14:27:29.975538-05:00,2026-02-13 14:27:36.335529-05:00
317,380,DECLINED,,,,"UNVERIFIED_REVENUE,INDUSTRY_RESTRICTED,EXISTING_DEBT",s.whitfield,credit-policy-2024,114158.78,2.856,2026-02-17 15:37:30.681530-05:00,2026-02-17 15:37:35.382581-05:00
318,381,DECLINED,,,,CREDIT_SCORE,l.nakamura,credit-policy-2025,75424.75,2.457,2026-02-18 16:05:18.958762-05:00,2026-02-18 16:05:45.704378-05:00
319,382,APPROVED,96000.00,14.514,12,"DSCR_OK, POLICY_EXCEPTION_APPROVED",l.nakamura,credit-policy-2024,196873.41,1.883,2026-02-13 10:56:07.409145-05:00,2026-02-13 10:56:18.417090-05:00
320,383,APPROVED,381500.00,27.386,60,"COLLATERAL_OK,TIB_OK,",k.abernathy,credit-policy-2025,38643.42,2.172,2026-02-15 22:55:03.655996-05:00,2026-02-15 22:55:10.231761-05:00
321,384,DECLINED,,,,"COLLATERAL_SHORTFALL,NSF_ACTIVITY",renee.blackwell,credit-policy-FINAL2,376878.64,2.235,2026-02-17 21:12:30.758752-05:00,2026-02-17 21:12:36.888568-05:00
322,385,APPROVED,70000.00,27.125,12,CREDIT_OK,l.nakamura,credit-policy-2025,429990.37,1.819,2026-02-13 23:45:02.258020-05:00,2026-02-13 23:45:07.714008-05:00
323,386,APPROVED,375000.00,24.646,48,REVENUE_VERIFIED,m.okonkwo,credit-policy-2025,202500.59,1.323,2026-02-11 17:04:11.829122-05:00,2026-02-11 17:04:26.982724-05:00
324,387,DECLINED,,,,"REVENUE_BELOW_MIN,DSCR_BELOW_MIN,INDUSTRY_RESTRICTED,TIME_IN_BUSINESS",m.okonkwo,credit-policy-FINAL2,157311.61,1.727,2026-02-20 06:12:20.974552-05:00,2026-02-20 06:12:44.187325-05:00
325,388,DECLINED,,,,"INDUSTRY_RESTRICTED,COLLATERAL_SHORTFALL,DSCR_BELOW_MIN,",l.nakamura,credit-policy-2025,780314.07,2.921,2026-02-21 00:32:01.946275-05:00,2026-02-21 00:32:05.476614-05:00
326,389,DECLINED,,,,EXISTING_DEBT,l.nakamura,credit-policy-2024,81103.54,1.136,2026-02-15 00:31:48.195277-05:00,2026-02-15 00:31:52.020731-05:00
327,390,DECLINED,,,,"UNVERIFIED_REVENUE, INDUSTRY_RESTRICTED, COLLATERAL_SHORTFALL",k.abernathy,credit-policy-FINAL2,633148.39,1.152,2026-02-20 15:56:13.774764-05:00,2026-02-20 15:56:42.992413-05:00
328,391,APPROVED,40000.00,19.973,84,"CREDIT_OK,COLLATERAL_OK",k.abernathy,credit-policy-2025,146594.33,3.354,2026-02-14 17:21:04.803236-05:00,2026-02-14 17:21:23.237077-05:00
329,392,DECLINED,,,,STACKED_DEBT,renee.blackwell,credit-policy-FINAL2,522967.88,3.347,2026-02-14 14:18:23.622727-05:00,2026-02-14 14:18:30.176536-05:00
330,393,COUNTER_OFFER,27500.00,20.838,36,MANUAL_OVERRIDE_RB,t.rivas,credit-policy-2025,105993.73,2.67,2026-02-16 23:06:11.409446-05:00,2026-02-16 23:06:36.704636-05:00
331,394,DECLINED,,,,"NSF_ACTIVITY, TIME_IN_BUSINESS",renee.blackwell,credit-policy-2025,95553.03,1.951,2026-02-22 19:45:56.235335-05:00,2026-02-22 19:46:03.955322-05:00
332,397,DECLINED,,,,"INDUSTRY_RESTRICTED, EXISTING_DEBT",l.nakamura,credit-policy-2024,68053.13,2.299,2026-02-14 22:16:32.751067-05:00,2026-02-14 22:16:39.416185-05:00
333,398,APPROVED,215000.00,9.508,60,"MANUAL_OVERRIDE_RB,DSCR_OK",s.whitfield,credit-policy-2025,219951.73,2.256,2026-03-01 08:21:47.734961-05:00,2026-03-01 08:21:52.567425-05:00
334,399,DECLINED,,,,TIME_IN_BUSINESS,s.whitfield,credit-policy-2025,21423.16,0.798,2026-02-25 23:40:21.357872-05:00,2026-02-25 23:40:31.578406-05:00
335,400,APPROVED,170000.00,9.713,84,,c.obrien,credit-policy-2025,511978.34,0.753,2026-02-14 05:19:15.605045-05:00,2026-02-14 05:19:36.190635-05:00
336,401,APPROVED,33500.00,8.325,24,POLICY_EXCEPTION_APPROVED,p.deshmukh,credit-policy-2025,12329.46,1.829,2026-02-14 22:17:07.945141-05:00,2026-02-14 22:17:22.023944-05:00
337,402,APPROVED,83000.00,27.601,12,POLICY_EXCEPTION_APPROVED,l.nakamura,credit-policy-2024,63986.10,1.645,2026-03-02 16:33:15.750486-05:00,2026-03-02 16:33:22.065636-05:00
338,404,APPROVED,510000.00,9.564,48,"MANUAL_OVERRIDE_RB,DSCR_OK",k.abernathy,credit-policy-2024,818765.19,2.923,2026-02-16 23:37:13.021336-05:00,2026-02-16 23:37:19.535737-05:00
339,405,APPROVED,1498000.00,7.628,60,CREDIT_OK,s.whitfield,credit-policy-2025,1726492.96,1.767,2026-02-20 21:37:12.857859-05:00,2026-02-20 21:37:41.335230-05:00
340,406,APPROVED,395000.00,16.765,48,"CREDIT_OK,DSCR_OK,MANUAL_OVERRIDE_RB",j.beaumont,credit-policy-2025,672343.56,2.873,2026-02-16 07:12:39.015257-05:00,2026-02-16 07:13:08.054820-05:00
341,407,DECLINED,,,,"UNVERIFIED_REVENUE, COLLATERAL_SHORTFALL, CREDIT_SCORE, DSCR_BELOW_MIN",d.pham,credit-policy-2024,152375.57,1.431,2026-02-18 20:53:20.118358-05:00,2026-02-18 20:53:37.467864-05:00
342,408,DECLINED,,,,"UNVERIFIED_REVENUE, STACKED_DEBT, REVENUE_BELOW_MIN, COLLATERAL_SHORTFALL",c.obrien,credit-policy-2025,87290.22,1.711,2026-02-25 00:01:15.326730-05:00,2026-02-25 00:01:24.021539-05:00
343,410,APPROVED,267750.00,11.957,48,"DSCR_OK,CREDIT_OK,REVENUE_VERIFIED",c.obrien,credit-policy-2025,627223.07,3.055,2026-02-17 17:00:07.193810-05:00,2026-02-17 17:00:17.311241-05:00
344,411,DECLINED,,,,"UNVERIFIED_REVENUE,REVENUE_BELOW_MIN,COLLATERAL_SHORTFALL,TIME_IN_BUSINESS",j.beaumont,credit-policy-2025,54144.74,2.77,2026-02-18 11:08:19.896269-05:00,2026-02-18 11:08:43.964963-05:00
345,412,DECLINED,,,,"STACKED_DEBT, TIME_IN_BUSINESS, EXISTING_DEBT",t.rivas,credit-policy-FINAL2,76754.75,3.342,2026-02-15 17:13:22.935412-05:00,2026-02-15 17:13:43.043779-05:00
346,413,DECLINED,,,,"CREDIT_SCORE,UNVERIFIED_REVENUE",renee.blackwell,credit-policy-2025,121446.30,0.91,2026-02-19 04:58:30.365285-05:00,2026-02-19 04:58:54.851830-05:00
347,414,APPROVED,345000.00,17.421,24,CREDIT_OK,p.deshmukh,credit-policy-2024,919214.27,2.963,2026-02-13 05:37:02.671506-05:00,2026-02-13 05:37:14.688790-05:00
348,415,APPROVED,360000.00,26.414,84,"POLICY_EXCEPTION_APPROVED,",renee.blackwell,credit-policy-2024,766063.62,2.815,2026-02-16 13:54:25.433570-05:00,2026-02-16 13:54:52.135481-05:00
349,416,APPROVED,306000.00,17.434,48,"DSCR_OK,POLICY_EXCEPTION_APPROVED,CREDIT_OK",s.whitfield,credit-policy-2025,212937.31,1.131,2026-02-22 15:36:03.898816-05:00,2026-02-22 15:36:26.175626-05:00
350,417,DECLINED,,,,,l.nakamura,credit-policy-2024,141992.23,0.985,2026-03-07 10:28:02.774348-05:00,2026-03-07 10:28:09.304023-05:00
351,418,DECLINED,,,,NSF_ACTIVITY,a.castellanos,credit-policy-2024,107363.10,1.685,2026-02-23 18:45:04.657881-05:00,2026-02-23 18:45:31.580898-05:00
352,419,APPROVED,37800.00,17.676,24,,t.rivas,credit-policy-FINAL2,89458.73,3.252,2026-02-24 07:29:08.294345-05:00,2026-02-24 07:29:16.733015-05:00
353,420,COUNTER_OFFER,350000.00,8.972,12,"TIB_OK,CREDIT_OK,MANUAL_OVERRIDE_RB",k.abernathy,credit-policy-2025,1673096.47,1.131,2026-02-12 20:42:17.191262-05:00,2026-02-12 20:42:41.717526-05:00
354,421,APPROVED,235000.00,11.196,24,"CREDIT_OK,DSCR_OK",j.beaumont,credit-policy-FINAL2,330348.88,1.614,2026-03-19 21:51:21.977151-05:00,2026-03-19 21:51:51.558443-05:00
355,423,DECLINED,,,,CREDIT_SCORE,l.nakamura,credit-policy-2025,189542.13,0.733,2026-03-03 11:58:10.444050-05:00,2026-03-03 11:58:26.037613-05:00
356,424,APPROVED,930000.00,21.581,12,"MANUAL_OVERRIDE_RB, POLICY_EXCEPTION_APPROVED, DSCR_OK",a.castellanos,credit-policy-2025,985111.36,2.768,2026-02-15 01:43:43.836571-05:00,2026-02-15 01:43:49.296233-05:00
357,425,DECLINED,,,,NSF_ACTIVITY,p.deshmukh,credit-policy-FINAL2,369983.90,1.226,2026-02-22 21:07:24.214616-05:00,2026-02-22 21:07:42.020662-05:00
358,428,DECLINED,,,,"STACKED_DEBT, DSCR_BELOW_MIN, COLLATERAL_SHORTFALL, TIME_IN_BUSINESS",j.beaumont,credit-policy-2024,226001.65,0.863,2026-02-17 00:19:01.329101-05:00,2026-02-17 00:19:30.159240-05:00
359,430,DECLINED,,,,REVENUE_BELOW_MIN,p.deshmukh,credit-policy-2025,253891.18,1.149,2026-02-14 23:42:26.439207-05:00,2026-02-14 23:42:44.750192-05:00
360,431,DECLINED,,,,"COLLATERAL_SHORTFALL,",c.obrien,credit-policy-2024,80946.23,3.245,2026-02-27 09:39:33.823705-05:00,2026-02-27 09:39:45.232860-05:00
361,432,DECLINED,,,,REVENUE_BELOW_MIN,t.rivas,credit-policy-2025,579354.06,1.833,2026-02-21 00:01:39.333917-05:00,2026-02-21 00:02:07.794082-05:00
362,434,APPROVED,180000.00,26.187,84,"DSCR_OK,CREDIT_OK",k.abernathy,credit-policy-2025,252811.77,1.168,2026-03-02 20:14:44.908440-05:00,2026-03-02 20:15:04.293893-05:00
363,435,COUNTER_OFFER,80000.00,10.181,84,DSCR_OK,l.nakamura,credit-policy-2024,197358.49,1.653,2026-03-03 23:38:17.651568-05:00,2026-03-03 23:38:28.363530-05:00
364,436,APPROVED,52000.00,23.056,48,CREDIT_OK,d.pham,credit-policy-2025,119753.25,1.939,2026-02-16 16:07:09.619821-05:00,2026-02-16 16:07:34.225596-05:00
365,437,DECLINED,,,,REVENUE_BELOW_MIN,renee.blackwell,credit-policy-2025,70282.26,0.836,2026-02-21 19:27:46.847183-05:00,2026-02-21 19:27:53.039233-05:00
366,438,APPROVED,70000.00,10.641,24,"REVENUE_VERIFIED,CREDIT_OK",t.rivas,credit-policy-2024,118999.11,2.573,2026-02-15 16:42:46.956349-05:00,2026-02-15 16:42:54.293538-05:00
367,439,DECLINED,,,,"EXISTING_DEBT, REVENUE_BELOW_MIN",l.nakamura,credit-policy-2025,316847.67,2.31,2026-02-19 00:46:43.893038-05:00,2026-02-19 00:47:02.023227-05:00
368,440,APPROVED,187500.00,13.915,60,TIB_OK,k.abernathy,credit-policy-2025,655099.50,1.222,2026-02-16 07:01:25.629757-05:00,2026-02-16 07:01:54.784155-05:00
369,441,APPROVED,93500.00,18.689,36,"DSCR_OK, REVENUE_VERIFIED,",l.nakamura,credit-policy-2024,315774.30,2.289,2026-04-20 20:48:12.224208-05:00,2026-04-20 20:48:32.543281-05:00
370,442,APPROVED,367500.00,15.98,36,"DSCR_OK, COLLATERAL_OK",d.pham,credit-policy-2024,720545.16,0.959,2026-02-12 01:57:31.371368-05:00,2026-02-12 01:57:49.180132-05:00
371,443,COUNTER_OFFER,437750.00,15.467,12,"DSCR_OK,TIB_OK,CREDIT_OK",renee.blackwell,credit-policy-2025,853532.03,2.858,2026-02-11 10:13:16.489174-05:00,2026-02-11 10:13:32.940623-05:00
372,444,COUNTER_OFFER,60000.00,8.603,84,"CREDIT_OK,POLICY_EXCEPTION_APPROVED,MANUAL_OVERRIDE_RB",s.whitfield,credit-policy-2025,175813.13,2.564,2026-02-16 09:53:11.808071-05:00,2026-02-16 09:53:41.760551-05:00
373,445,DECLINED,,,,"COLLATERAL_SHORTFALL,INDUSTRY_RESTRICTED,TIME_IN_BUSINESS",t.rivas,credit-policy-2025,743528.50,3.131,2026-02-16 14:32:29.280920-05:00,2026-02-16 14:32:57.752664-05:00
374,447,APPROVED,70000.00,11.855,48,"DSCR_OK,CREDIT_OK,MANUAL_OVERRIDE_RB",a.castellanos,credit-policy-2025,93841.34,2.49,2026-02-27 08:20:58.422155-05:00,2026-02-27 08:21:25.023931-05:00
375,448,DECLINED,,,,"INDUSTRY_RESTRICTED,UNVERIFIED_REVENUE,DSCR_BELOW_MIN,STACKED_DEBT",j.beaumont,credit-policy-2025,193963.91,2.029,2026-02-26 05:09:47.745213-05:00,2026-02-26 05:10:07.362160-05:00
376,449,DECLINED,,,,"CREDIT_SCORE,EXISTING_DEBT,INDUSTRY_RESTRICTED,UNVERIFIED_REVENUE",p.deshmukh,credit-policy-2024,125852.56,1.218,2026-02-16 05:47:37.269991-05:00,2026-02-16 05:47:39.570570-05:00
377,450,DECLINED,,,,"INDUSTRY_RESTRICTED,DSCR_BELOW_MIN",j.beaumont,credit-policy-2024,691214.40,1.157,2026-02-13 08:30:38.637986-05:00,2026-02-13 08:30:46.037825-05:00
378,451,APPROVED,174250.00,22.675,84,POLICY_EXCEPTION_APPROVED,p.deshmukh,credit-policy-FINAL2,338191.59,2.645,2026-03-04 05:06:57.282000-05:00,2026-03-04 05:07:06.170197-05:00
379,452,APPROVED,45000.00,12.601,36,"MANUAL_OVERRIDE_RB,DSCR_OK,COLLATERAL_OK",t.rivas,credit-policy-2025,133116.09,1.452,2026-02-15 06:05:56.924370-05:00,2026-02-15 06:06:16.295530-05:00
380,453,APPROVED,60000.00,22.646,24,"TIB_OK,MANUAL_OVERRIDE_RB",a.castellanos,credit-policy-FINAL2,173219.85,1.148,2026-02-11 14:34:53.849313-05:00,2026-02-11 14:35:05.391657-05:00
381,455,DECLINED,,,,"CREDIT_SCORE,TIME_IN_BUSINESS,REVENUE_BELOW_MIN,UNVERIFIED_REVENUE",d.pham,credit-policy-2025,179352.34,1.402,2026-02-23 09:26:31.101769-05:00,2026-02-23 09:26:56.354658-05:00
382,456,APPROVED,710000.00,8.794,24,"TIB_OK, MANUAL_OVERRIDE_RB, POLICY_EXCEPTION_APPROVED",j.beaumont,credit-policy-2024,1945174.99,2.102,2026-02-19 19:24:10.136184-05:00,2026-02-19 19:24:18.895155-05:00
383,458,COUNTER_OFFER,32900.00,18.607,12,POLICY_EXCEPTION_APPROVED,renee.blackwell,credit-policy-2025,111816.46,2.068,2026-02-20 11:42:31.453464-05:00,2026-02-20 11:42:49.057838-05:00
384,459,APPROVED,344250.00,22.106,12,CREDIT_OK,s.whitfield,credit-policy-2025,831237.09,1.912,2026-02-13 11:25:17.482641-05:00,2026-02-13 11:25:34.731116-05:00
385,460,DECLINED,,,,"UNVERIFIED_REVENUE, REVENUE_BELOW_MIN, EXISTING_DEBT",j.beaumont,credit-policy-2025,781664.15,2.203,2026-02-24 17:58:04.102420-05:00,2026-02-24 17:58:05.870907-05:00
386,463,APPROVED,335000.00,9.511,48,TIB_OK,a.castellanos,credit-policy-2025,495251.23,2.291,2026-03-14 01:56:55.531311-05:00,2026-03-14 01:57:00.977901-05:00
387,464,COUNTER_OFFER,62050.00,8.448,60,"DSCR_OK, TIB_OK, MANUAL_OVERRIDE_RB",p.deshmukh,credit-policy-2025,70930.15,1.874,2026-02-17 20:39:20.544717-05:00,2026-02-17 20:39:44.250088-05:00
388,465,DECLINED,,,,"COLLATERAL_SHORTFALL,STACKED_DEBT,TIME_IN_BUSINESS,UNVERIFIED_REVENUE",a.castellanos,credit-policy-2025,1370657.44,1.009,2026-02-26 01:13:50.766321-05:00,2026-02-26 01:14:18.637087-05:00
389,468,APPROVED,297500.00,23.617,12,"DSCR_OK,REVENUE_VERIFIED,CREDIT_OK",k.abernathy,credit-policy-2025,1045452.12,3.223,2026-02-14 22:21:43.622519-05:00,2026-02-14 22:21:58.201306-05:00
390,469,DECLINED,,,,"TIME_IN_BUSINESS,STACKED_DEBT",p.deshmukh,credit-policy-2025,757233.35,3.334,2026-02-24 23:50:36.661330-05:00,2026-02-24 23:50:45.655335-05:00
391,470,DECLINED,,,,"NSF_ACTIVITY,COLLATERAL_SHORTFALL,REVENUE_BELOW_MIN",k.abernathy,credit-policy-FINAL2,664611.29,1.743,2026-02-17 15:12:49.900505-05:00,2026-02-17 15:13:09.156955-05:00
392,471,APPROVED,495000.00,17.64,24,"POLICY_EXCEPTION_APPROVED, DSCR_OK",s.whitfield,credit-policy-2025,3319903.04,1.804,2026-02-12 04:08:20.118483-05:00,2026-02-12 04:08:40.285320-05:00
393,472,APPROVED,225000.00,11.054,84,TIB_OK,d.pham,credit-policy-2025,260874.35,0.91,2026-02-16 23:27:13.227446-05:00,2026-02-16 23:27:40.215960-05:00
394,473,APPROVED,19000.00,21.968,48,"DSCR_OK,COLLATERAL_OK,TIB_OK",t.rivas,credit-policy-FINAL2,119394.02,2.649,2026-03-03 08:26:48.743662-05:00,2026-03-03 08:27:14.380230-05:00
395,475,APPROVED,225250.00,21.688,84,"REVENUE_VERIFIED,POLICY_EXCEPTION_APPROVED",renee.blackwell,credit-policy-2025,109256.32,1.577,2026-03-01 06:39:43.683056-05:00,2026-03-01 06:40:07.885493-05:00
396,477,APPROVED,46900.00,21.894,12,"POLICY_EXCEPTION_APPROVED,REVENUE_VERIFIED",p.deshmukh,credit-policy-2025,166709.11,2.059,2026-03-24 21:14:29.924773-05:00,2026-03-24 21:14:51.022227-05:00
397,478,APPROVED,37100.00,24.471,36,"TIB_OK,DSCR_OK,COLLATERAL_OK",a.castellanos,credit-policy-2024,78040.20,1.913,2026-02-20 14:02:13.948286-05:00,2026-02-20 14:02:18.806363-05:00
398,479,DECLINED,,,,"INDUSTRY_RESTRICTED,COLLATERAL_SHORTFALL,NSF_ACTIVITY",renee.blackwell,credit-policy-2025,149148.85,1.322,2026-02-13 02:40:56.135013-05:00,2026-02-13 02:41:03.409571-05:00
399,480,APPROVED,94500.00,26.252,12,"POLICY_EXCEPTION_APPROVED,REVENUE_VERIFIED,MANUAL_OVERRIDE_RB",k.abernathy,credit-policy-2025,255601.11,2.587,2026-02-12 11:55:11.283030-05:00,2026-02-12 11:55:13.697360-05:00
400,481,DECLINED,,,,,d.pham,credit-policy-FINAL2,77557.89,0.849,2026-03-02 11:09:09.402061-05:00,2026-03-02 11:09:30.505784-05:00
401,482,COUNTER_OFFER,71000.00,9.54,36,"COLLATERAL_OK, TIB_OK, REVENUE_VERIFIED",j.beaumont,credit-policy-2025,133195.48,0.717,2026-02-24 03:52:44.021570-05:00,2026-02-24 03:53:13.732484-05:00
402,483,DECLINED,,,,"EXISTING_DEBT,STACKED_DEBT,TIME_IN_BUSINESS",t.rivas,credit-policy-2025,344425.95,1.095,2026-02-26 00:12:03.093642-05:00,2026-02-26 00:12:24.298132-05:00
403,486,DECLINED,,,,"UNVERIFIED_REVENUE,CREDIT_SCORE,COLLATERAL_SHORTFALL,NSF_ACTIVITY",t.rivas,credit-policy-2024,289335.95,1.0,2026-02-28 19:45:59.186064-05:00,2026-02-28 19:46:18.154951-05:00
404,487,APPROVED,460000.00,19.589,12,"MANUAL_OVERRIDE_RB,COLLATERAL_OK",l.nakamura,credit-policy-2024,1586556.53,2.204,2026-03-10 11:30:50.282403-05:00,2026-03-10 11:31:12.512061-05:00
405,489,APPROVED,385000.00,12.468,24,"CREDIT_OK,COLLATERAL_OK,REVENUE_VERIFIED",p.deshmukh,credit-policy-2025,2160945.08,3.353,2026-02-20 08:50:48.290649-05:00,2026-02-20 08:51:01.220368-05:00
406,491,DECLINED,,,,"EXISTING_DEBT, CREDIT_SCORE, COLLATERAL_SHORTFALL",k.abernathy,credit-policy-2025,254608.91,3.065,2026-02-19 12:09:21.953253-05:00,2026-02-19 12:09:26.791427-05:00
407,492,APPROVED,245000.00,21.488,12,"TIB_OK,DSCR_OK,COLLATERAL_OK",renee.blackwell,credit-policy-2025,303650.67,1.874,2026-02-22 12:09:35.412837-05:00,2026-02-22 12:10:04.338769-05:00
408,493,COUNTER_OFFER,99000.00,28.158,60,MANUAL_OVERRIDE_RB,k.abernathy,credit-policy-FINAL2,218059.65,2.949,2026-02-23 07:30:32.107461-05:00,2026-02-23 07:30:34.608105-05:00
409,495,DECLINED,,,,"UNVERIFIED_REVENUE, DSCR_BELOW_MIN",a.castellanos,credit-policy-2024,123001.49,2.37,2026-02-17 00:05:00.400921-05:00,2026-02-17 00:05:12.421295-05:00
410,496,COUNTER_OFFER,660000.00,26.907,84,REVENUE_VERIFIED,a.castellanos,credit-policy-2025,1444107.92,3.061,2026-02-12 16:36:32.544386-05:00,2026-02-12 16:37:00.918981-05:00
411,497,APPROVED,115000.00,7.288,24,"REVENUE_VERIFIED,TIB_OK,CREDIT_OK",m.okonkwo,credit-policy-2025,268251.00,3.277,2026-02-19 06:53:34.458944-05:00,2026-02-19 06:54:04.432553-05:00
412,498,APPROVED,460000.00,17.693,84,"MANUAL_OVERRIDE_RB, POLICY_EXCEPTION_APPROVED",t.rivas,credit-policy-2025,1121107.89,0.811,2026-03-15 18:43:51.345528-05:00,2026-03-15 18:44:08.620708-05:00
413,499,DECLINED,,,,"INDUSTRY_RESTRICTED,COLLATERAL_SHORTFALL,TIME_IN_BUSINESS,REVENUE_BELOW_MIN",t.rivas,credit-policy-2025,152879.33,1.189,2026-02-18 16:01:04.219387-05:00,2026-02-18 16:01:12.219961-05:00
414,500,DECLINED,,,,CREDIT_SCORE,renee.blackwell,credit-policy-FINAL2,299116.71,1.151,2026-02-13 00:38:53.738239-05:00,2026-02-13 00:39:08.270100-05:00
415,502,APPROVED,68000.00,17.62,84,"POLICY_EXCEPTION_APPROVED, TIB_OK, COLLATERAL_OK",c.obrien,credit-policy-2025,185158.95,1.251,2026-02-18 21:29:39.957818-05:00,2026-02-18 21:30:07.975026-05:00
416,503,DECLINED,,,,"CREDIT_SCORE,COLLATERAL_SHORTFALL,NSF_ACTIVITY",k.abernathy,credit-policy-2025,235406.34,1.63,2026-03-13 03:29:29.933612-05:00,2026-03-13 03:29:33.329300-05:00
417,504,APPROVED,35700.00,14.203,48,COLLATERAL_OK,k.abernathy,credit-policy-FINAL2,85850.09,2.068,2026-02-19 19:44:43.934018-05:00,2026-02-19 19:45:11.981129-05:00
418,505,APPROVED,108500.00,26.322,36,POLICY_EXCEPTION_APPROVED,m.okonkwo,credit-policy-2025,200222.63,3.194,2026-02-13 09:53:37.818637-05:00,2026-02-13 09:53:50.582974-05:00
419,506,APPROVED,77000.00,23.299,60,"TIB_OK,COLLATERAL_OK,MANUAL_OVERRIDE_RB",renee.blackwell,credit-policy-2025,184391.67,3.078,2026-03-20 18:17:13.041956-05:00,2026-03-20 18:17:24.041695-05:00
420,507,APPROVED,51000.00,19.754,12,"POLICY_EXCEPTION_APPROVED, CREDIT_OK, REVENUE_VERIFIED",j.beaumont,credit-policy-2025,149195.47,1.681,2026-02-16 19:04:19.695009-05:00,2026-02-16 19:04:33.019736-05:00
421,509,APPROVED,105000.00,23.464,36,"COLLATERAL_OK,DSCR_OK,TIB_OK",j.beaumont,credit-policy-2024,100869.93,3.251,2026-02-25 13:43:56.434423-05:00,2026-02-25 13:44:10.652497-05:00
422,511,APPROVED,357500.00,24.204,24,,k.abernathy,credit-policy-2025,1151712.42,1.226,2026-02-13 10:32:46.636798-05:00,2026-02-13 10:32:47.961477-05:00
423,512,DECLINED,,,,"STACKED_DEBT, TIME_IN_BUSINESS, INDUSTRY_RESTRICTED, UNVERIFIED_REVENUE",d.pham,credit-policy-2024,245597.45,1.37,2026-02-28 13:44:47.481843-05:00,2026-02-28 13:44:49.971881-05:00
424,513,DECLINED,,,,"CREDIT_SCORE,UNVERIFIED_REVENUE,COLLATERAL_SHORTFALL",c.obrien,credit-policy-2025,75928.93,3.11,2026-02-24 13:52:46.448619-05:00,2026-02-24 13:53:09.014204-05:00
425,514,COUNTER_OFFER,187000.00,20.623,84,TIB_OK,c.obrien,credit-policy-2025,507604.95,2.42,2026-02-20 15:49:23.622702-05:00,2026-02-20 15:49:27.585380-05:00
426,516,DECLINED,,,,"REVENUE_BELOW_MIN,NSF_ACTIVITY",l.nakamura,credit-policy-2024,62482.07,3.313,2026-02-19 05:39:42.659418-05:00,2026-02-19 05:39:50.388487-05:00
427,517,APPROVED,330000.00,13.216,84,TIB_OK,l.nakamura,credit-policy-2024,418981.73,0.762,2026-02-19 23:38:12.722976-05:00,2026-02-19 23:38:40.149540-05:00
428,519,APPROVED,68000.00,12.539,24,DSCR_OK,renee.blackwell,credit-policy-2025,79218.51,2.978,2026-02-12 20:35:29.034372-05:00,2026-02-12 20:35:51.019231-05:00
429,520,DECLINED,,,,"DSCR_BELOW_MIN,EXISTING_DEBT,REVENUE_BELOW_MIN",t.rivas,credit-policy-2025,1845058.70,2.365,2026-02-14 11:07:25.594385-05:00,2026-02-14 11:07:47.516940-05:00
430,521,DECLINED,,,,"STACKED_DEBT,REVENUE_BELOW_MIN,EXISTING_DEBT",s.whitfield,credit-policy-2025,3860717.27,1.929,2026-02-16 22:34:56.797187-05:00,2026-02-16 22:35:13.784636-05:00
431,522,APPROVED,310000.00,9.391,84,DSCR_OK,m.okonkwo,credit-policy-2025,244800.43,2.538,2026-02-16 15:15:27.230340-05:00,2026-02-16 15:15:39.122744-05:00
432,523,DECLINED,,,,"EXISTING_DEBT,CREDIT_SCORE",t.rivas,credit-policy-2024,107873.47,3.136,2026-04-05 02:05:31.785886-05:00,2026-04-05 02:05:43.152155-05:00
433,525,APPROVED,122500.00,28.409,24,TIB_OK,a.castellanos,credit-policy-FINAL2,345183.84,1.552,2026-02-13 11:28:16.162775-05:00,2026-02-13 11:28:31.869652-05:00
434,526,APPROVED,24500.00,24.905,36,"COLLATERAL_OK,CREDIT_OK",t.rivas,credit-policy-FINAL2,173739.48,2.554,2026-02-22 11:08:41.824293-05:00,2026-02-22 11:09:04.795694-05:00
435,527,DECLINED,,,,"UNVERIFIED_REVENUE,EXISTING_DEBT,COLLATERAL_SHORTFALL,CREDIT_SCORE",m.okonkwo,credit-policy-FINAL2,2186234.96,1.738,2026-03-04 15:30:55.759114-05:00,2026-03-04 15:31:10.462691-05:00
436,528,DECLINED,,,,"EXISTING_DEBT, UNVERIFIED_REVENUE, TIME_IN_BUSINESS, REVENUE_BELOW_MIN",d.pham,credit-policy-2025,627661.88,3.323,2026-02-13 06:11:19.457493-05:00,2026-02-13 06:11:33.628782-05:00
437,529,COUNTER_OFFER,527000.00,16.737,84,DSCR_OK,c.obrien,credit-policy-2025,971711.16,2.149,2026-03-15 13:15:15.221607-05:00,2026-03-15 13:15:20.917723-05:00
438,531,DECLINED,,,,"COLLATERAL_SHORTFALL, REVENUE_BELOW_MIN",p.deshmukh,credit-policy-2025,230940.54,2.083,2026-02-23 03:55:01.912264-05:00,2026-02-23 03:55:15.608984-05:00
439,532,DECLINED,,,,"CREDIT_SCORE,DSCR_BELOW_MIN,UNVERIFIED_REVENUE,REVENUE_BELOW_MIN",c.obrien,credit-policy-2025,269978.38,0.954,2026-02-19 00:29:49.683264-05:00,2026-02-19 00:30:14.081146-05:00
440,533,APPROVED,445000.00,12.338,60,"POLICY_EXCEPTION_APPROVED,CREDIT_OK,REVENUE_VERIFIED",s.whitfield,credit-policy-2025,635166.87,3.13,2026-03-07 02:31:06.216194-05:00,2026-03-07 02:31:09.492651-05:00
441,534,APPROVED,162500.00,18.666,84,"TIB_OK, MANUAL_OVERRIDE_RB, COLLATERAL_OK",s.whitfield,credit-policy-FINAL2,504588.96,1.405,2026-02-15 16:49:43.106001-05:00,2026-02-15 16:49:56.169789-05:00
442,535,DECLINED,,,,TIME_IN_BUSINESS,a.castellanos,credit-policy-2025,85508.34,1.664,2026-02-14 05:40:38.726715-05:00,2026-02-14 05:40:46.539082-05:00
443,536,APPROVED,530000.00,27.606,48,REVENUE_VERIFIED,t.rivas,credit-policy-2024,1820156.20,0.719,2026-02-11 21:31:33.040044-05:00,2026-02-11 21:31:58.453754-05:00
444,537,DECLINED,,,,"TIME_IN_BUSINESS, UNVERIFIED_REVENUE",l.nakamura,credit-policy-2024,71653.14,1.275,2026-03-03 09:49:20.947480-05:00,2026-03-03 09:49:41.103799-05:00
445,539,APPROVED,90000.00,23.458,24,"CREDIT_OK,MANUAL_OVERRIDE_RB",t.rivas,credit-policy-2024,146148.58,1.147,2026-02-14 12:41:47.874849-05:00,2026-02-14 12:42:03.997489-05:00
446,540,DECLINED,,,,"COLLATERAL_SHORTFALL,REVENUE_BELOW_MIN,DSCR_BELOW_MIN,INDUSTRY_RESTRICTED",j.beaumont,credit-policy-2024,193276.13,1.269,2026-02-21 12:46:29.089444-05:00,2026-02-21 12:46:54.155835-05:00
447,542,DECLINED,,,,"TIME_IN_BUSINESS,INDUSTRY_RESTRICTED,EXISTING_DEBT,NSF_ACTIVITY",t.rivas,credit-policy-FINAL2,462114.15,2.785,2026-02-13 14:48:27.804674-05:00,2026-02-13 14:48:44.355517-05:00
448,543,DECLINED,,,,NSF_ACTIVITY,l.nakamura,credit-policy-2025,97906.18,2.681,2026-02-21 09:55:24.838863-05:00,2026-02-21 09:55:27.323504-05:00
449,544,DECLINED,,,,NSF_ACTIVITY,c.obrien,credit-policy-2025,81437.26,1.493,2026-02-21 00:12:03.121231-05:00,2026-02-21 00:12:24.084870-05:00
450,545,APPROVED,24500.00,16.115,84,POLICY_EXCEPTION_APPROVED,k.abernathy,credit-policy-2025,150475.02,1.463,2026-02-19 11:43:00.469805-05:00,2026-02-19 11:43:09.449339-05:00
451,546,APPROVED,486500.00,27.075,84,TIB_OK,renee.blackwell,credit-policy-2024,774938.42,1.365,2026-02-14 03:22:36.032055-05:00,2026-02-14 03:22:56.841814-05:00
452,547,DECLINED,,,,"STACKED_DEBT,INDUSTRY_RESTRICTED",s.whitfield,credit-policy-FINAL2,185125.59,2.361,2026-02-18 04:33:48.645849-05:00,2026-02-18 04:33:54.685611-05:00
453,549,DECLINED,,,,"CREDIT_SCORE, TIME_IN_BUSINESS, STACKED_DEBT",j.beaumont,credit-policy-2025,563165.95,2.583,2026-03-05 22:27:31.136299-05:00,2026-03-05 22:27:57.053510-05:00
454,550,APPROVED,42500.00,9.318,24,CREDIT_OK,p.deshmukh,credit-policy-2025,121544.88,2.36,2026-02-26 18:26:42.789182-05:00,2026-02-26 18:26:44.639076-05:00
455,551,DECLINED,,,,"DSCR_BELOW_MIN,STACKED_DEBT,EXISTING_DEBT,NSF_ACTIVITY",c.obrien,credit-policy-FINAL2,868784.55,1.221,2026-02-13 23:35:46.866188-05:00,2026-02-13 23:36:00.675361-05:00
456,552,DECLINED,,,,"TIME_IN_BUSINESS,CREDIT_SCORE",k.abernathy,credit-policy-2024,135785.50,3.107,2026-02-14 07:01:23.854857-05:00,2026-02-14 07:01:39.375474-05:00
457,553,APPROVED,126000.00,9.324,24,"DSCR_OK, COLLATERAL_OK",k.abernathy,credit-policy-2025,349097.53,1.775,2026-02-13 18:49:42.896298-05:00,2026-02-13 18:50:04.853293-05:00
458,554,DECLINED,,,,DSCR_BELOW_MIN,renee.blackwell,credit-policy-2025,938260.88,3.363,2026-02-18 00:07:05.178408-05:00,2026-02-18 00:07:33.422570-05:00
459,555,COUNTER_OFFER,46000.00,26.424,48,DSCR_OK,renee.blackwell,credit-policy-FINAL2,97967.04,2.406,2026-02-28 06:24:44.845513-05:00,2026-02-28 06:25:08.057354-05:00
460,556,DECLINED,,,,INDUSTRY_RESTRICTED,m.okonkwo,credit-policy-2025,148526.27,1.514,2026-03-01 20:31:04.570243-05:00,2026-03-01 20:31:31.441390-05:00
461,557,APPROVED,275000.00,26.734,84,"REVENUE_VERIFIED,CREDIT_OK",d.pham,credit-policy-FINAL2,277439.20,1.889,2026-02-21 10:06:05.935481-05:00,2026-02-21 10:06:10.275793-05:00
462,559,DECLINED,,,,"COLLATERAL_SHORTFALL, UNVERIFIED_REVENUE, TIME_IN_BUSINESS, INDUSTRY_RESTRICTED",j.beaumont,credit-policy-2025,138402.25,3.075,2026-02-20 04:22:52.681381-05:00,2026-02-20 04:22:54.878428-05:00
463,560,APPROVED,35700.00,15.384,48,COLLATERAL_OK,k.abernathy,credit-policy-FINAL2,153350.69,1.429,2026-02-15 23:12:12.890043-05:00,2026-02-15 23:12:17.213651-05:00
464,561,APPROVED,160000.00,11.681,48,"TIB_OK,DSCR_OK",s.whitfield,credit-policy-2025,370391.19,1.702,2026-03-26 18:24:30.167457-05:00,2026-03-26 18:24:31.786447-05:00
465,562,APPROVED,480000.00,28.017,36,"REVENUE_VERIFIED, TIB_OK",s.whitfield,credit-policy-2024,1304019.85,0.712,2026-02-20 21:34:35.127464-05:00,2026-02-20 21:34:45.410677-05:00
466,563,APPROVED,1035000.00,11.62,36,"TIB_OK,DSCR_OK",t.rivas,credit-policy-2024,6346025.44,0.914,2026-02-15 04:04:02.007699-05:00,2026-02-15 04:04:13.319416-05:00
467,564,DECLINED,,,,"COLLATERAL_SHORTFALL,EXISTING_DEBT,NSF_ACTIVITY",s.whitfield,credit-policy-2024,62608.62,3.301,2026-02-20 11:26:29.935290-05:00,2026-02-20 11:26:52.939365-05:00
468,566,APPROVED,544000.00,20.92,12,"POLICY_EXCEPTION_APPROVED,COLLATERAL_OK",s.whitfield,credit-policy-2025,839310.48,1.687,2026-02-16 11:15:44.852381-05:00,2026-02-16 11:15:48.470005-05:00
469,567,DECLINED,,,,"REVENUE_BELOW_MIN,COLLATERAL_SHORTFALL,INDUSTRY_RESTRICTED",renee.blackwell,credit-policy-FINAL2,360470.48,0.968,2026-02-26 01:30:11.916397-05:00,2026-02-26 01:30:20.961891-05:00
470,568,DECLINED,,,,"REVENUE_BELOW_MIN,STACKED_DEBT,CREDIT_SCORE,COLLATERAL_SHORTFALL",k.abernathy,credit-policy-2025,35578.00,2.78,2026-03-23 20:59:22.432022-05:00,2026-03-23 20:59:47.685674-05:00
471,569,APPROVED,32000.00,7.924,24,"COLLATERAL_OK,CREDIT_OK,TIB_OK,",l.nakamura,credit-policy-FINAL2,191617.39,1.042,2026-02-27 22:15:37.964308-05:00,2026-02-27 22:15:56.513033-05:00
472,570,APPROVED,200000.00,13.395,36,"DSCR_OK,COLLATERAL_OK,REVENUE_VERIFIED",m.okonkwo,credit-policy-2025,396395.10,2.884,2026-02-19 10:28:48.834826-05:00,2026-02-19 10:28:52.770431-05:00
473,571,APPROVED,230000.00,16.944,24,"COLLATERAL_OK,POLICY_EXCEPTION_APPROVED",l.nakamura,credit-policy-2025,157395.99,2.224,2026-02-28 01:58:30.264002-05:00,2026-02-28 01:58:55.106508-05:00
474,572,APPROVED,67500.00,15.417,36,REVENUE_VERIFIED,l.nakamura,credit-policy-2025,184488.54,3.014,2026-02-24 14:23:35.899817-05:00,2026-02-24 14:23:56.406030-05:00
475,573,APPROVED,565250.00,27.088,24,"TIB_OK, CREDIT_OK",m.okonkwo,credit-policy-2025,651894.60,2.498,2026-02-22 17:09:53.451959-05:00,2026-02-22 17:09:55.812255-05:00
476,574,DECLINED,,,,"EXISTING_DEBT,NSF_ACTIVITY",k.abernathy,credit-policy-2024,260687.64,2.189,2026-02-21 20:56:35.818069-05:00,2026-02-21 20:56:56.062149-05:00
477,575,APPROVED,221000.00,19.42,12,"POLICY_EXCEPTION_APPROVED,TIB_OK",c.obrien,credit-policy-2025,230310.38,2.194,2026-02-19 10:35:18.956290-05:00,2026-02-19 10:35:32.633369-05:00
478,576,APPROVED,390000.00,19.998,12,TIB_OK,s.whitfield,credit-policy-2025,540585.40,2.754,2026-02-16 16:33:50.106516-05:00,2026-02-16 16:34:03.375983-05:00
479,577,APPROVED,13500.00,27.347,24,"TIB_OK,DSCR_OK",l.nakamura,credit-policy-2025,122235.72,0.955,2026-02-23 15:21:59.421359-05:00,2026-02-23 15:22:25.297072-05:00
480,579,COUNTER_OFFER,119000.00,22.793,36,"TIB_OK,COLLATERAL_OK,MANUAL_OVERRIDE_RB",s.whitfield,credit-policy-FINAL2,252545.49,2.925,2026-03-03 20:42:43.187202-05:00,2026-03-03 20:42:57.833971-05:00
481,580,APPROVED,640000.00,11.699,24,"COLLATERAL_OK,DSCR_OK",renee.blackwell,credit-policy-2025,1133389.62,1.056,2026-02-15 23:59:27.856214-05:00,2026-02-15 23:59:40.130962-05:00
482,581,APPROVED,65000.00,15.189,36,"DSCR_OK,MANUAL_OVERRIDE_RB,POLICY_EXCEPTION_APPROVED",a.castellanos,credit-policy-2024,134649.17,3.194,2026-02-19 01:34:50.671068-05:00,2026-02-19 01:35:09.132700-05:00
483,582,DECLINED,,,,"TIME_IN_BUSINESS,CREDIT_SCORE,EXISTING_DEBT",m.okonkwo,credit-policy-FINAL2,404303.71,1.477,2026-02-21 16:38:07.662612-05:00,2026-02-21 16:38:18.314009-05:00
484,583,DECLINED,,,,"REVENUE_BELOW_MIN,NSF_ACTIVITY",c.obrien,credit-policy-2025,153589.45,2.308,2026-02-18 06:17:35.837741-05:00,2026-02-18 06:17:58.672515-05:00
485,586,DECLINED,,,,"DSCR_BELOW_MIN,COLLATERAL_SHORTFALL,EXISTING_DEBT",c.obrien,credit-policy-2025,868370.93,2.693,2026-02-27 16:43:04.004058-05:00,2026-02-27 16:43:29.334791-05:00
486,587,APPROVED,22950.00,28.294,84,REVENUE_VERIFIED,renee.blackwell,credit-policy-2024,105438.49,0.932,2026-02-13 18:56:56.142920-05:00,2026-02-13 18:56:59.954371-05:00
487,589,APPROVED,610000.00,9.268,48,CREDIT_OK,k.abernathy,credit-policy-2024,170494.69,2.887,2026-02-19 02:48:58.514869-05:00,2026-02-19 02:49:23.995639-05:00
488,590,APPROVED,225250.00,26.045,60,"CREDIT_OK, MANUAL_OVERRIDE_RB",j.beaumont,credit-policy-2025,481963.21,2.972,2026-02-19 06:34:30.690544-05:00,2026-02-19 06:34:32.858046-05:00
489,591,COUNTER_OFFER,187000.00,27.914,84,MANUAL_OVERRIDE_RB,l.nakamura,credit-policy-2024,550513.45,2.712,2026-02-16 15:16:41.289953-05:00,2026-02-16 15:16:44.987275-05:00
490,592,DECLINED,,,,"REVENUE_BELOW_MIN, INDUSTRY_RESTRICTED",k.abernathy,credit-policy-2024,473775.39,3.115,2026-02-16 10:14:51.336098-05:00,2026-02-16 10:14:54.402280-05:00
491,593,DECLINED,,,,TIME_IN_BUSINESS,t.rivas,credit-policy-2025,117774.23,0.986,2026-02-24 00:08:59.471616-05:00,2026-02-24 00:09:00.753264-05:00
492,595,APPROVED,77500.00,27.332,84,"POLICY_EXCEPTION_APPROVED,COLLATERAL_OK,REVENUE_VERIFIED",k.abernathy,credit-policy-2025,190949.26,1.405,2026-02-21 18:55:51.500907-05:00,2026-02-21 18:56:05.678282-05:00
493,597,DECLINED,,,,"TIME_IN_BUSINESS, COLLATERAL_SHORTFALL",m.okonkwo,credit-policy-2024,97555.62,0.744,2026-02-17 02:57:51.152835-05:00,2026-02-17 02:58:05.478727-05:00
494,598,DECLINED,,,,"CREDIT_SCORE,DSCR_BELOW_MIN,STACKED_DEBT,REVENUE_BELOW_MIN",d.pham,credit-policy-FINAL2,81759.13,3.121,2026-03-04 23:01:22.961850-05:00,2026-03-04 23:01:37.721369-05:00
495,599,DECLINED,,,,"COLLATERAL_SHORTFALL,DSCR_BELOW_MIN",c.obrien,credit-policy-2025,13454.88,0.934,2026-02-20 10:07:28.399966-05:00,2026-02-20 10:07:44.758487-05:00
496,600,DECLINED,,,,"COLLATERAL_SHORTFALL,NSF_ACTIVITY,",j.beaumont,credit-policy-2025,229215.58,0.8,2026-02-28 10:55:37.537832-05:00,2026-02-28 10:55:42.338059-05:00
497,601,APPROVED,220500.00,11.927,84,"COLLATERAL_OK,POLICY_EXCEPTION_APPROVED,MANUAL_OVERRIDE_RB",a.castellanos,credit-policy-2025,395600.21,2.202,2026-02-16 08:20:53.075628-05:00,2026-02-16 08:21:19.215946-05:00
498,603,DECLINED,,,,"NSF_ACTIVITY,",s.whitfield,credit-policy-FINAL2,61114.72,2.481,2026-02-21 19:37:23.750746-05:00,2026-02-21 19:37:28.711375-05:00
499,605,APPROVED,145000.00,22.519,24,"CREDIT_OK,TIB_OK,MANUAL_OVERRIDE_RB",p.deshmukh,credit-policy-2024,110177.36,0.941,2026-02-14 15:51:57.812455-05:00,2026-02-14 15:52:13.175857-05:00
500,606,APPROVED,59000.00,26.682,84,"TIB_OK,REVENUE_VERIFIED",renee.blackwell,credit-policy-2025,85082.19,3.113,2026-02-18 09:47:20.033088-05:00,2026-02-18 09:47:30.039792-05:00
501,607,APPROVED,242500.00,11.437,24,TIB_OK,c.obrien,credit-policy-2025,1016147.98,2.852,2026-02-20 09:18:43.040399-05:00,2026-02-20 09:18:49.291456-05:00
502,608,APPROVED,54000.00,11.741,48,"MANUAL_OVERRIDE_RB,DSCR_OK",p.deshmukh,credit-policy-2024,44712.75,2.875,2026-02-13 09:37:42.388119-05:00,2026-02-13 09:37:54.038105-05:00
503,609,APPROVED,174250.00,25.783,36,"POLICY_EXCEPTION_APPROVED, REVENUE_VERIFIED, MANUAL_OVERRIDE_RB",t.rivas,credit-policy-2025,300091.58,1.786,2026-02-23 00:35:54.400156-05:00,2026-02-23 00:36:17.315361-05:00
504,610,DECLINED,,,,"EXISTING_DEBT, DSCR_BELOW_MIN, CREDIT_SCORE",renee.blackwell,credit-policy-2025,188634.11,3.348,2026-02-15 09:15:38.374583-05:00,2026-02-15 09:16:08.199960-05:00
505,611,DECLINED,,,,"COLLATERAL_SHORTFALL, REVENUE_BELOW_MIN, CREDIT_SCORE",l.nakamura,credit-policy-2025,99174.59,2.245,2026-03-09 09:51:50.949392-05:00,2026-03-09 09:51:58.864842-05:00
506,612,DECLINED,,,,"COLLATERAL_SHORTFALL,REVENUE_BELOW_MIN,EXISTING_DEBT,STACKED_DEBT",k.abernathy,credit-policy-2025,217303.06,1.972,2026-02-17 21:32:09.792146-05:00,2026-02-17 21:32:16.452556-05:00
507,613,APPROVED,170000.00,13.801,84,"MANUAL_OVERRIDE_RB,POLICY_EXCEPTION_APPROVED",c.obrien,credit-policy-2025,316951.38,1.382,2026-02-13 16:25:32.870762-05:00,2026-02-13 16:25:41.970122-05:00
508,615,DECLINED,,,,"TIME_IN_BUSINESS, INDUSTRY_RESTRICTED",m.okonkwo,credit-policy-FINAL2,344440.11,2.954,2026-02-15 07:37:12.458384-05:00,2026-02-15 07:37:37.201916-05:00
509,616,APPROVED,115000.00,14.771,12,"COLLATERAL_OK,DSCR_OK",m.okonkwo,credit-policy-2025,104305.18,3.369,2026-03-08 10:45:36.672750-05:00,2026-03-08 10:45:54.035481-05:00
510,617,APPROVED,17500.00,25.429,12,COLLATERAL_OK,p.deshmukh,credit-policy-2024,101514.76,2.612,2026-02-14 10:00:46.901764-05:00,2026-02-14 10:00:50.454211-05:00
511,618,DECLINED,,,,"TIME_IN_BUSINESS,COLLATERAL_SHORTFALL,DSCR_BELOW_MIN,STACKED_DEBT",m.okonkwo,credit-policy-2024,1458370.73,3.044,2026-02-16 02:50:45.823318-05:00,2026-02-16 02:51:10.028593-05:00
512,619,DECLINED,,,,,c.obrien,credit-policy-2024,234609.59,2.615,2026-02-20 12:19:33.533420-05:00,2026-02-20 12:19:56.982127-05:00
513,621,APPROVED,75650.00,22.719,12,"REVENUE_VERIFIED,MANUAL_OVERRIDE_RB",j.beaumont,credit-policy-2025,132196.13,1.26,2026-03-17 17:16:43.527066-05:00,2026-03-17 17:17:08.374138-05:00
514,622,APPROVED,165000.00,26.562,60,"MANUAL_OVERRIDE_RB, COLLATERAL_OK, TIB_OK",d.pham,credit-policy-2025,31244.90,2.525,2026-03-19 05:39:12.369643-05:00,2026-03-19 05:39:36.412461-05:00
515,623,APPROVED,29500.00,20.601,12,"CREDIT_OK,COLLATERAL_OK,TIB_OK",d.pham,credit-policy-2025,106471.34,1.852,2026-02-20 09:12:02.301480-05:00,2026-02-20 09:12:21.132708-05:00
516,624,DECLINED,,,,COLLATERAL_SHORTFALL,l.nakamura,credit-policy-FINAL2,725385.10,3.393,2026-03-04 08:05:08.930341-05:00,2026-03-04 08:05:33.015670-05:00
517,625,APPROVED,43500.00,18.317,84,MANUAL_OVERRIDE_RB,c.obrien,credit-policy-2025,313330.79,2.321,2026-02-24 05:29:57.716831-05:00,2026-02-24 05:30:23.850841-05:00
518,626,APPROVED,23800.00,14.454,60,,j.beaumont,credit-policy-2025,130658.17,2.954,2026-02-16 05:58:40.022443-05:00,2026-02-16 05:58:42.844116-05:00
519,627,DECLINED,,,,"DSCR_BELOW_MIN,UNVERIFIED_REVENUE",m.okonkwo,credit-policy-2024,92622.09,2.983,2026-02-18 00:49:06.554322-05:00,2026-02-18 00:49:34.438152-05:00
520,628,COUNTER_OFFER,67200.00,10.389,84,MANUAL_OVERRIDE_RB,k.abernathy,credit-policy-2024,91750.81,0.827,2026-02-23 19:49:08.612351-05:00,2026-02-23 19:49:19.670133-05:00
521,629,DECLINED,,,,CREDIT_SCORE,s.whitfield,credit-policy-2024,142632.63,1.302,2026-02-17 17:45:34.257716-05:00,2026-02-17 17:46:03.669456-05:00
522,630,APPROVED,1660000.00,24.428,36,,t.rivas,credit-policy-2025,1999598.79,1.906,2026-03-08 01:54:33.192558-05:00,2026-03-08 01:54:40.157908-05:00
523,631,DECLINED,,,,"EXISTING_DEBT, INDUSTRY_RESTRICTED, STACKED_DEBT, DSCR_BELOW_MIN",p.deshmukh,credit-policy-2025,70295.48,1.849,2026-02-20 12:36:28.505274-05:00,2026-02-20 12:36:49.167533-05:00
524,632,APPROVED,115000.00,25.626,60,DSCR_OK,t.rivas,credit-policy-2024,152487.29,1.93,2026-03-10 17:10:47.005940-05:00,2026-03-10 17:11:08.938868-05:00
525,633,DECLINED,,,,INDUSTRY_RESTRICTED,k.abernathy,credit-policy-2025,3383582.31,3.048,2026-02-24 20:15:20.478626-05:00,2026-02-24 20:15:26.289819-05:00
526,634,COUNTER_OFFER,73500.00,11.576,12,"POLICY_EXCEPTION_APPROVED, COLLATERAL_OK",p.deshmukh,credit-policy-2025,208949.67,2.917,2026-03-13 03:45:42.442451-05:00,2026-03-13 03:46:11.538744-05:00
527,636,DECLINED,,,,"REVENUE_BELOW_MIN,TIME_IN_BUSINESS,NSF_ACTIVITY",c.obrien,credit-policy-2025,163231.40,0.775,2026-02-24 07:14:48.816943-05:00,2026-02-24 07:14:53.103535-05:00
528,637,APPROVED,105000.00,8.277,24,"POLICY_EXCEPTION_APPROVED,CREDIT_OK,MANUAL_OVERRIDE_RB",p.deshmukh,credit-policy-2025,215235.15,1.775,2026-02-16 03:26:42.377071-05:00,2026-02-16 03:26:53.629239-05:00
529,638,DECLINED,,,,"CREDIT_SCORE,TIME_IN_BUSINESS,COLLATERAL_SHORTFALL,DSCR_BELOW_MIN",j.beaumont,credit-policy-2024,512309.70,1.616,2026-02-24 14:56:04.553255-05:00,2026-02-24 14:56:11.299640-05:00
530,639,APPROVED,1825000.00,11.406,12,"TIB_OK, MANUAL_OVERRIDE_RB",l.nakamura,credit-policy-FINAL2,1651642.90,1.41,2026-02-25 22:35:31.411118-05:00,2026-02-25 22:35:59.625994-05:00
531,640,DECLINED,,,,"REVENUE_BELOW_MIN,DSCR_BELOW_MIN,COLLATERAL_SHORTFALL,INDUSTRY_RESTRICTED",l.nakamura,credit-policy-FINAL2,1482045.86,2.824,2026-02-16 16:10:57.431963-05:00,2026-02-16 16:11:17.738980-05:00
532,641,DECLINED,,,,"NSF_ACTIVITY,TIME_IN_BUSINESS,REVENUE_BELOW_MIN",renee.blackwell,credit-policy-2025,116548.26,2.885,2026-03-15 08:28:08.782511-05:00,2026-03-15 08:28:35.735083-05:00
533,642,DECLINED,,,,"STACKED_DEBT,NSF_ACTIVITY",t.rivas,credit-policy-FINAL2,275889.76,2.075,2026-03-05 22:45:33.184847-05:00,2026-03-05 22:45:58.301826-05:00
534,646,APPROVED,302500.00,9.99,84,"CREDIT_OK,DSCR_OK,",l.nakamura,credit-policy-2025,1618890.17,3.14,2026-02-17 03:15:09.132268-05:00,2026-02-17 03:15:10.462165-05:00
535,649,DECLINED,,,,TIME_IN_BUSINESS,c.obrien,credit-policy-2025,348729.80,1.803,2026-02-20 11:21:54.496305-05:00,2026-02-20 11:22:23.285267-05:00
536,650,APPROVED,603500.00,10.014,84,DSCR_OK,s.whitfield,credit-policy-2025,1052097.60,2.481,2026-02-25 02:31:04.733939-05:00,2026-02-25 02:31:32.985434-05:00
537,651,APPROVED,77000.00,16.768,48,"REVENUE_VERIFIED,POLICY_EXCEPTION_APPROVED",s.whitfield,credit-policy-2025,91012.19,2.389,2026-02-18 06:17:39.656029-05:00,2026-02-18 06:17:43.818808-05:00
538,652,APPROVED,98000.00,19.802,60,COLLATERAL_OK,d.pham,credit-policy-2025,328843.16,2.188,2026-02-15 03:04:08.133322-05:00,2026-02-15 03:04:24.654661-05:00
539,653,DECLINED,,,,"TIME_IN_BUSINESS,CREDIT_SCORE",k.abernathy,credit-policy-2025,535797.69,1.915,2026-02-16 06:59:24.723665-05:00,2026-02-16 06:59:37.109005-05:00
540,654,DECLINED,,,,"UNVERIFIED_REVENUE,CREDIT_SCORE",renee.blackwell,credit-policy-2024,640994.30,1.527,2026-02-17 00:24:10.659052-05:00,2026-02-17 00:24:39.998380-05:00
541,655,APPROVED,225000.00,8.348,84,TIB_OK,d.pham,credit-policy-2025,186849.94,3.393,2026-02-20 23:45:31.648893-05:00,2026-02-20 23:45:57.109580-05:00
542,656,APPROVED,297500.00,27.524,36,"TIB_OK,REVENUE_VERIFIED",a.castellanos,credit-policy-2024,469713.95,2.284,2026-02-26 04:29:02.293773-05:00,2026-02-26 04:29:03.872833-05:00
543,657,APPROVED,75000.00,16.442,24,"COLLATERAL_OK,POLICY_EXCEPTION_APPROVED,REVENUE_VERIFIED",d.pham,credit-policy-FINAL2,71081.53,3.353,2026-02-17 23:21:07.413673-05:00,2026-02-17 23:21:10.220321-05:00
544,659,COUNTER_OFFER,430000.00,10.734,60,MANUAL_OVERRIDE_RB,m.okonkwo,credit-policy-2025,716445.02,1.616,2026-02-21 03:52:48.374781-05:00,2026-02-21 03:53:01.107949-05:00
545,660,APPROVED,635000.00,27.451,12,"MANUAL_OVERRIDE_RB, COLLATERAL_OK",m.okonkwo,credit-policy-2025,1359403.91,2.842,2026-02-17 13:20:47.460082-05:00,2026-02-17 13:21:12.986979-05:00
546,661,DECLINED,,,,"UNVERIFIED_REVENUE,INDUSTRY_RESTRICTED,STACKED_DEBT",p.deshmukh,credit-policy-2024,650149.84,2.781,2026-03-18 20:04:29.739248-05:00,2026-03-18 20:04:32.079262-05:00
547,662,APPROVED,105000.00,24.304,36,"MANUAL_OVERRIDE_RB,POLICY_EXCEPTION_APPROVED",k.abernathy,credit-policy-2025,120502.71,0.772,2026-02-27 21:00:03.910062-05:00,2026-02-27 21:00:18.919576-05:00
548,663,APPROVED,150000.00,20.784,84,"COLLATERAL_OK,TIB_OK,MANUAL_OVERRIDE_RB",t.rivas,credit-policy-FINAL2,136664.93,2.851,2026-02-28 11:13:16.236888-05:00,2026-02-28 11:13:41.120307-05:00
549,664,APPROVED,388500.00,16.211,84,"TIB_OK, REVENUE_VERIFIED, POLICY_EXCEPTION_APPROVED",a.castellanos,credit-policy-2025,1938988.43,2.037,2026-02-21 15:12:31.258569-05:00,2026-02-21 15:13:00.731960-05:00
550,665,DECLINED,,,,"DSCR_BELOW_MIN,STACKED_DEBT,EXISTING_DEBT,INDUSTRY_RESTRICTED",l.nakamura,credit-policy-2025,3097984.47,2.717,2026-02-17 16:10:11.960170-05:00,2026-02-17 16:10:16.824435-05:00
551,666,APPROVED,125000.00,24.076,84,"CREDIT_OK,COLLATERAL_OK,MANUAL_OVERRIDE_RB",j.beaumont,credit-policy-FINAL2,193821.09,1.363,2026-02-21 04:14:58.495824-05:00,2026-02-21 04:15:03.990788-05:00
552,667,APPROVED,293250.00,26.723,48,MANUAL_OVERRIDE_RB,l.nakamura,credit-policy-2025,359400.69,1.813,2026-02-20 05:19:17.476089-05:00,2026-02-20 05:19:47.345514-05:00
553,668,APPROVED,1940000.00,15.726,12,"CREDIT_OK, POLICY_EXCEPTION_APPROVED",renee.blackwell,credit-policy-2025,1151880.00,0.818,2026-02-26 07:44:29.109348-05:00,2026-02-26 07:44:51.427337-05:00
554,669,APPROVED,395500.00,7.411,60,"TIB_OK, COLLATERAL_OK, REVENUE_VERIFIED",j.beaumont,credit-policy-2024,689599.29,1.285,2026-02-22 03:43:46.294868-05:00,2026-02-22 03:43:48.915668-05:00
555,670,APPROVED,308000.00,17.513,12,DSCR_OK,l.nakamura,credit-policy-2024,1875492.37,3.395,2026-02-19 03:54:27.113261-05:00,2026-02-19 03:54:38.755165-05:00
556,671,APPROVED,45500.00,27.652,36,"DSCR_OK,TIB_OK",a.castellanos,credit-policy-2025,76257.13,2.081,2026-02-15 14:26:24.456717-05:00,2026-02-15 14:26:28.255145-05:00
557,672,DECLINED,,,,"CREDIT_SCORE,REVENUE_BELOW_MIN",renee.blackwell,credit-policy-2025,110543.70,1.89,2026-02-22 12:53:45.981215-05:00,2026-02-22 12:54:04.338620-05:00
558,673,DECLINED,,,,"COLLATERAL_SHORTFALL,CREDIT_SCORE,",s.whitfield,credit-policy-2025,66992.68,2.993,2026-02-20 19:35:26.723821-05:00,2026-02-20 19:35:42.128051-05:00
559,674,APPROVED,105000.00,26.623,24,COLLATERAL_OK,c.obrien,credit-policy-2025,187897.64,1.304,2026-02-26 13:51:36.086168-05:00,2026-02-26 13:51:38.584246-05:00
560,675,COUNTER_OFFER,130000.00,16.74,84,"DSCR_OK,TIB_OK,COLLATERAL_OK",m.okonkwo,credit-policy-FINAL2,327461.80,2.608,2026-03-22 09:34:37.342755-05:00,2026-03-22 09:34:44.896302-05:00
561,676,APPROVED,342500.00,22.945,24,"DSCR_OK,POLICY_EXCEPTION_APPROVED,",d.pham,credit-policy-FINAL2,1064400.55,2.569,2026-02-23 18:10:09.917020-05:00,2026-02-23 18:10:26.758514-05:00
562,677,APPROVED,1501500.00,17.419,12,"POLICY_EXCEPTION_APPROVED,COLLATERAL_OK",k.abernathy,credit-policy-2025,5159200.66,0.97,2026-02-14 06:14:59.222703-05:00,2026-02-14 06:15:02.666013-05:00
563,680,DECLINED,,,,"NSF_ACTIVITY,COLLATERAL_SHORTFALL",m.okonkwo,credit-policy-2024,75424.05,2.068,2026-02-15 15:37:57.438346-05:00,2026-02-15 15:38:23.285033-05:00
564,681,APPROVED,216750.00,17.735,60,COLLATERAL_OK,j.beaumont,credit-policy-2025,396303.80,1.143,2026-02-25 14:41:57.293439-05:00,2026-02-25 14:42:04.749009-05:00
565,682,APPROVED,50000.00,7.67,84,"POLICY_EXCEPTION_APPROVED,COLLATERAL_OK",renee.blackwell,credit-policy-FINAL2,170366.51,2.865,2026-02-14 22:01:49.212398-05:00,2026-02-14 22:02:07.123397-05:00
566,683,DECLINED,,,,"INDUSTRY_RESTRICTED,TIME_IN_BUSINESS",a.castellanos,credit-policy-2025,417338.44,2.407,2026-02-16 21:51:52.711844-05:00,2026-02-16 21:52:05.563635-05:00
567,684,DECLINED,,,,"TIME_IN_BUSINESS,EXISTING_DEBT,STACKED_DEBT",l.nakamura,credit-policy-2024,66104.17,2.393,2026-02-20 18:20:50.507530-05:00,2026-02-20 18:21:04.399634-05:00
568,687,DECLINED,,,,STACKED_DEBT,t.rivas,credit-policy-FINAL2,214989.76,1.455,2026-02-22 16:11:38.767343-05:00,2026-02-22 16:11:53.122981-05:00
569,689,APPROVED,43000.00,23.137,24,"DSCR_OK, REVENUE_VERIFIED, CREDIT_OK",l.nakamura,credit-policy-2025,201954.68,1.962,2026-02-15 18:42:14.317837-05:00,2026-02-15 18:42:17.740994-05:00
570,690,APPROVED,705000.00,15.923,84,POLICY_EXCEPTION_APPROVED,l.nakamura,credit-policy-2025,938468.81,2.424,2026-02-26 18:03:39.559076-05:00,2026-02-26 18:03:44.840604-05:00
571,692,COUNTER_OFFER,230000.00,28.447,12,MANUAL_OVERRIDE_RB,t.rivas,credit-policy-FINAL2,406970.14,3.274,2026-03-07 00:27:06.760641-05:00,2026-03-07 00:27:25.707182-05:00
572,693,APPROVED,35700.00,25.465,24,"MANUAL_OVERRIDE_RB,POLICY_EXCEPTION_APPROVED,COLLATERAL_OK",renee.blackwell,credit-policy-2025,89720.79,1.519,2026-02-18 18:09:22.923319-05:00,2026-02-18 18:09:26.117463-05:00
573,694,APPROVED,293250.00,25.48,24,CREDIT_OK,j.beaumont,credit-policy-2025,683752.81,2.318,2026-03-20 05:41:53.242847-05:00,2026-03-20 05:42:09.680596-05:00
574,695,APPROVED,305000.00,22.94,24,"REVENUE_VERIFIED,DSCR_OK,COLLATERAL_OK",s.whitfield,credit-policy-2024,468951.03,1.359,2026-03-05 13:13:46.168076-05:00,2026-03-05 13:14:05.381874-05:00
575,696,APPROVED,93500.00,25.573,24,"MANUAL_OVERRIDE_RB,POLICY_EXCEPTION_APPROVED,DSCR_OK",d.pham,credit-policy-2025,100388.27,0.8,2026-02-18 16:49:15.972667-05:00,2026-02-18 16:49:42.009829-05:00
576,697,DECLINED,,,,"STACKED_DEBT, EXISTING_DEBT",s.whitfield,credit-policy-2024,442662.52,1.03,2026-04-16 13:20:42.420246-05:00,2026-04-16 13:21:01.840579-05:00
577,698,APPROVED,2320000.00,14.837,60,TIB_OK,renee.blackwell,credit-policy-2025,5574399.70,3.193,2026-02-20 23:21:32.509127-05:00,2026-02-20 23:21:47.852602-05:00
578,699,APPROVED,66300.00,11.354,48,"DSCR_OK,REVENUE_VERIFIED",k.abernathy,credit-policy-2024,66215.17,2.455,2026-02-21 12:02:26.483680-05:00,2026-02-21 12:02:41.868179-05:00
579,700,DECLINED,,,,"COLLATERAL_SHORTFALL, DSCR_BELOW_MIN,",renee.blackwell,credit-policy-2024,91238.28,1.977,2026-03-20 03:17:44.854268-05:00,2026-03-20 03:17:58.251350-05:00
580,701,APPROVED,102000.00,17.556,48,"DSCR_OK,TIB_OK,CREDIT_OK",j.beaumont,credit-policy-2025,196575.03,1.489,2026-02-21 18:56:31.156764-05:00,2026-02-21 18:56:32.620883-05:00
581,702,DECLINED,,,,UNVERIFIED_REVENUE,p.deshmukh,credit-policy-FINAL2,212173.58,3.099,2026-02-27 00:13:51.221998-05:00,2026-02-27 00:13:55.348197-05:00
582,703,APPROVED,350000.00,17.893,60,MANUAL_OVERRIDE_RB,s.whitfield,credit-policy-2025,371660.73,1.544,2026-02-16 21:31:01.120284-05:00,2026-02-16 21:31:28.493074-05:00
583,704,COUNTER_OFFER,80000.00,12.911,48,"REVENUE_VERIFIED,MANUAL_OVERRIDE_RB,CREDIT_OK",s.whitfield,credit-policy-2025,344836.63,1.955,2026-02-18 06:13:12.577906-05:00,2026-02-18 06:13:15.473759-05:00
584,705,DECLINED,,,,COLLATERAL_SHORTFALL,s.whitfield,credit-policy-2024,198868.64,1.268,2026-02-24 05:46:39.642283-05:00,2026-02-24 05:46:56.276493-05:00
585,706,DECLINED,,,,,d.pham,credit-policy-2024,97120.06,3.181,2026-02-18 07:43:49.414514-05:00,2026-02-18 07:43:55.070914-05:00
586,708,APPROVED,36000.00,23.467,48,DSCR_OK,c.obrien,credit-policy-2025,153302.29,2.468,2026-02-20 02:07:16.557599-05:00,2026-02-20 02:07:27.535104-05:00
587,709,APPROVED,22000.00,19.494,48,POLICY_EXCEPTION_APPROVED,p.deshmukh,credit-policy-FINAL2,77211.69,1.642,2026-02-18 03:05:33.505900-05:00,2026-02-18 03:06:00.492097-05:00
588,710,APPROVED,616250.00,21.861,84,"CREDIT_OK,TIB_OK,MANUAL_OVERRIDE_RB",m.okonkwo,credit-policy-2025,1055531.15,2.768,2026-03-04 06:28:04.893963-05:00,2026-03-04 06:28:31.189821-05:00
589,713,APPROVED,122500.00,12.929,60,"DSCR_OK, MANUAL_OVERRIDE_RB, REVENUE_VERIFIED",k.abernathy,credit-policy-2025,623097.74,1.321,2026-02-24 20:50:43.927426-05:00,2026-02-24 20:51:12.084066-05:00
590,714,APPROVED,18000.00,19.428,84,"POLICY_EXCEPTION_APPROVED,REVENUE_VERIFIED",p.deshmukh,credit-policy-2025,74723.09,2.336,2026-03-10 08:55:36.922268-05:00,2026-03-10 08:55:41.741947-05:00
591,715,APPROVED,185000.00,28.32,48,TIB_OK,d.pham,credit-policy-2024,406414.72,2.488,2026-03-02 19:21:50.734645-05:00,2026-03-02 19:21:54.938314-05:00
592,716,DECLINED,,,,REVENUE_BELOW_MIN,p.deshmukh,credit-policy-2024,634453.81,0.801,2026-02-24 05:16:53.185633-05:00,2026-02-24 05:16:55.243963-05:00
593,717,DECLINED,,,,"REVENUE_BELOW_MIN,COLLATERAL_SHORTFALL",k.abernathy,credit-policy-2025,1080746.41,1.52,2026-02-20 11:34:39.892962-05:00,2026-02-20 11:35:03.071937-05:00
594,718,COUNTER_OFFER,182000.00,15.325,84,"POLICY_EXCEPTION_APPROVED,DSCR_OK",t.rivas,credit-policy-2025,256008.89,2.472,2026-02-21 17:05:11.928267-05:00,2026-02-21 17:05:20.989410-05:00
595,719,DECLINED,,,,"NSF_ACTIVITY,REVENUE_BELOW_MIN",d.pham,credit-policy-2025,237664.11,2.446,2026-02-18 17:33:04.191312-05:00,2026-02-18 17:33:20.215821-05:00
596,720,APPROVED,52000.00,17.018,12,CREDIT_OK,m.okonkwo,credit-policy-2025,102503.37,3.111,2026-02-20 16:03:20.345073-05:00,2026-02-20 16:03:36.312698-05:00
597,721,APPROVED,45000.00,23.88,24,"DSCR_OK,REVENUE_VERIFIED,COLLATERAL_OK",d.pham,credit-policy-2025,104386.83,2.491,2026-02-20 22:46:47.082543-05:00,2026-02-20 22:46:59.405939-05:00
598,722,DECLINED,,,,"INDUSTRY_RESTRICTED, DSCR_BELOW_MIN",k.abernathy,credit-policy-2025,59962.82,2.46,2026-02-19 04:53:04.484131-05:00,2026-02-19 04:53:19.891966-05:00
599,723,APPROVED,129500.00,19.335,60,REVENUE_VERIFIED,t.rivas,credit-policy-2024,177227.56,1.958,2026-03-01 11:43:35.958056-05:00,2026-03-01 11:44:05.003854-05:00
600,725,DECLINED,,,,"CREDIT_SCORE,TIME_IN_BUSINESS",k.abernathy,credit-policy-2024,151818.92,1.706,2026-03-28 12:07:11.873522-05:00,2026-03-28 12:07:26.941686-05:00
601,726,APPROVED,385000.00,23.297,84,"DSCR_OK, CREDIT_OK, COLLATERAL_OK,",l.nakamura,credit-policy-2025,582045.89,2.391,2026-02-27 07:36:44.675673-05:00,2026-02-27 07:37:06.728138-05:00
602,727,DECLINED,,,,"COLLATERAL_SHORTFALL,EXISTING_DEBT",p.deshmukh,credit-policy-2025,106065.95,2.395,2026-02-17 00:54:29.098653-05:00,2026-02-17 00:54:52.646802-05:00
603,728,APPROVED,52000.00,22.296,84,TIB_OK,t.rivas,credit-policy-2025,89061.68,1.874,2026-02-21 07:43:31.238817-05:00,2026-02-21 07:43:32.593996-05:00
604,729,APPROVED,62050.00,20.37,36,"TIB_OK,REVENUE_VERIFIED,COLLATERAL_OK",renee.blackwell,credit-policy-FINAL2,99638.67,1.693,2026-02-23 00:51:42.154761-05:00,2026-02-23 00:51:49.938730-05:00
605,730,COUNTER_OFFER,171500.00,14.211,12,"COLLATERAL_OK, REVENUE_VERIFIED, TIB_OK",k.abernathy,credit-policy-2025,143545.39,0.76,2026-02-28 00:22:18.814344-05:00,2026-02-28 00:22:26.394196-05:00
606,731,APPROVED,14500.00,15.173,24,TIB_OK,p.deshmukh,credit-policy-FINAL2,124195.70,0.742,2026-02-15 09:54:05.774819-05:00,2026-02-15 09:54:11.703642-05:00
607,732,DECLINED,,,,"CREDIT_SCORE,REVENUE_BELOW_MIN,EXISTING_DEBT",t.rivas,credit-policy-2025,3074204.38,2.791,2026-04-03 01:28:04.402861-05:00,2026-04-03 01:28:31.065413-05:00
608,733,APPROVED,252000.00,21.518,12,"POLICY_EXCEPTION_APPROVED,REVENUE_VERIFIED,TIB_OK",s.whitfield,credit-policy-2025,441099.86,3.17,2026-02-22 04:26:58.911334-05:00,2026-02-22 04:27:07.638268-05:00
609,734,APPROVED,259000.00,9.648,24,"TIB_OK,POLICY_EXCEPTION_APPROVED,DSCR_OK",p.deshmukh,credit-policy-2025,251810.62,2.82,2026-02-24 20:54:41.846691-05:00,2026-02-24 20:54:45.666448-05:00
610,735,APPROVED,80500.00,11.818,36,"TIB_OK,CREDIT_OK,COLLATERAL_OK",d.pham,credit-policy-2024,180359.64,2.195,2026-02-21 21:08:11.376988-05:00,2026-02-21 21:08:17.358055-05:00
611,736,DECLINED,,,,"CREDIT_SCORE,COLLATERAL_SHORTFALL,EXISTING_DEBT",j.beaumont,credit-policy-FINAL2,264984.56,2.459,2026-02-25 10:04:59.673863-05:00,2026-02-25 10:05:08.394691-05:00
612,737,APPROVED,160000.00,17.503,60,"TIB_OK,MANUAL_OVERRIDE_RB,CREDIT_OK",a.castellanos,credit-policy-FINAL2,330562.21,0.924,2026-03-16 23:21:03.049002-05:00,2026-03-16 23:21:32.723741-05:00
613,738,APPROVED,100000.00,21.271,60,"COLLATERAL_OK,MANUAL_OVERRIDE_RB",m.okonkwo,credit-policy-2025,121104.41,0.782,2026-02-24 01:15:07.182116-05:00,2026-02-24 01:15:26.048879-05:00
614,739,DECLINED,,,,"COLLATERAL_SHORTFALL,TIME_IN_BUSINESS",c.obrien,credit-policy-2025,358001.68,2.055,2026-02-27 08:49:52.319500-05:00,2026-02-27 08:50:12.711793-05:00
615,740,APPROVED,250000.00,24.242,84,"MANUAL_OVERRIDE_RB,REVENUE_VERIFIED,TIB_OK",s.whitfield,credit-policy-2025,133996.64,2.752,2026-03-19 06:57:33.354372-05:00,2026-03-19 06:57:40.692003-05:00
616,741,APPROVED,53000.00,15.691,12,"COLLATERAL_OK,REVENUE_VERIFIED,",t.rivas,credit-policy-2025,66356.65,0.85,2026-02-21 06:49:20.948384-05:00,2026-02-21 06:49:25.656855-05:00
617,742,DECLINED,,,,"TIME_IN_BUSINESS, STACKED_DEBT",m.okonkwo,credit-policy-2025,171765.71,2.457,2026-03-07 19:28:15.612984-05:00,2026-03-07 19:28:18.998158-05:00
618,743,DECLINED,,,,"NSF_ACTIVITY, STACKED_DEBT, CREDIT_SCORE",a.castellanos,credit-policy-2025,416892.43,1.004,2026-03-03 13:26:22.059116-05:00,2026-03-03 13:26:25.485048-05:00
619,745,COUNTER_OFFER,645000.00,28.822,84,DSCR_OK,j.beaumont,credit-policy-2025,1891402.24,1.821,2026-02-22 15:40:12.018596-05:00,2026-02-22 15:40:27.378361-05:00
620,746,APPROVED,195000.00,12.59,60,TIB_OK,j.beaumont,credit-policy-2025,37156.44,2.537,2026-02-21 20:25:10.004500-05:00,2026-02-21 20:25:29.960090-05:00
621,747,APPROVED,43400.00,23.029,48,"REVENUE_VERIFIED, COLLATERAL_OK, POLICY_EXCEPTION_APPROVED",t.rivas,credit-policy-2025,129881.01,2.85,2026-02-26 21:44:48.760005-05:00,2026-02-26 21:45:13.558053-05:00
622,749,APPROVED,185000.00,13.047,36,"POLICY_EXCEPTION_APPROVED, REVENUE_VERIFIED, TIB_OK",c.obrien,credit-policy-2024,234106.52,1.266,2026-02-27 10:55:59.095343-05:00,2026-02-27 10:56:21.107479-05:00
623,750,APPROVED,39950.00,20.208,84,"TIB_OK, COLLATERAL_OK",t.rivas,credit-policy-2025,91505.16,2.441,2026-02-19 12:44:52.487489-05:00,2026-02-19 12:45:14.069673-05:00
624,751,APPROVED,484500.00,28.776,60,CREDIT_OK,m.okonkwo,credit-policy-2024,926128.85,2.598,2026-02-18 21:34:13.977941-05:00,2026-02-18 21:34:33.403913-05:00
625,752,APPROVED,18200.00,27.312,24,"MANUAL_OVERRIDE_RB,REVENUE_VERIFIED",j.beaumont,credit-policy-2025,114403.67,3.376,2026-03-06 16:48:47.989621-05:00,2026-03-06 16:49:14.969555-05:00
626,753,DECLINED,,,,"INDUSTRY_RESTRICTED,COLLATERAL_SHORTFALL,EXISTING_DEBT",t.rivas,credit-policy-2024,578268.82,2.255,2026-02-28 05:50:42.327095-05:00,2026-02-28 05:50:56.648131-05:00
627,754,COUNTER_OFFER,290500.00,23.579,12,DSCR_OK,c.obrien,credit-policy-2025,814186.79,3.131,2026-02-16 00:03:02.098070-05:00,2026-02-16 00:03:09.192580-05:00
628,755,DECLINED,,,,"UNVERIFIED_REVENUE,",p.deshmukh,credit-policy-2024,56650.55,1.826,2026-02-16 06:25:10.747560-05:00,2026-02-16 06:25:31.450061-05:00
629,756,APPROVED,87000.00,10.663,36,"CREDIT_OK,POLICY_EXCEPTION_APPROVED",m.okonkwo,credit-policy-FINAL2,144100.25,2.936,2026-03-11 00:21:55.872145-05:00,2026-03-11 00:22:19.423960-05:00
630,757,DECLINED,,,,DSCR_BELOW_MIN,renee.blackwell,credit-policy-FINAL2,153482.64,1.899,2026-02-28 19:55:33.181720-05:00,2026-02-28 19:55:36.294121-05:00
631,759,APPROVED,350000.00,23.266,24,,k.abernathy,credit-policy-FINAL2,129950.05,2.252,2026-02-25 04:52:47.022841-05:00,2026-02-25 04:52:55.520882-05:00
632,760,APPROVED,91000.00,19.462,24,"REVENUE_VERIFIED,DSCR_OK,",c.obrien,credit-policy-2025,195860.81,2.934,2026-02-19 08:33:57.756710-05:00,2026-02-19 08:34:14.337010-05:00
633,761,APPROVED,115000.00,18.441,36,"MANUAL_OVERRIDE_RB,POLICY_EXCEPTION_APPROVED",s.whitfield,credit-policy-FINAL2,117774.03,2.611,2026-02-21 04:49:09.268007-05:00,2026-02-21 04:49:12.301593-05:00
634,762,APPROVED,370000.00,14.65,48,"TIB_OK, DSCR_OK",c.obrien,credit-policy-2025,2866953.91,2.104,2026-02-21 20:23:48.420437-05:00,2026-02-21 20:23:52.180135-05:00
635,763,APPROVED,37500.00,17.458,48,"REVENUE_VERIFIED, CREDIT_OK",j.beaumont,credit-policy-2024,84740.59,1.714,2026-02-20 12:21:12.431431-05:00,2026-02-20 12:21:40.636098-05:00
636,764,DECLINED,,,,"INDUSTRY_RESTRICTED,COLLATERAL_SHORTFALL,NSF_ACTIVITY",renee.blackwell,credit-policy-2025,92536.83,2.69,2026-02-20 15:16:27.565899-05:00,2026-02-20 15:16:48.077038-05:00
637,765,APPROVED,100000.00,18.808,60,COLLATERAL_OK,s.whitfield,credit-policy-2025,114000.92,3.016,2026-02-22 19:18:56.723932-05:00,2026-02-22 19:19:05.873089-05:00
638,766,DECLINED,,,,"NSF_ACTIVITY, COLLATERAL_SHORTFALL, CREDIT_SCORE",l.nakamura,credit-policy-FINAL2,79761.49,1.775,2026-02-21 06:45:49.049483-05:00,2026-02-21 06:46:07.319671-05:00
639,767,APPROVED,73500.00,21.798,36,"CREDIT_OK,DSCR_OK",j.beaumont,credit-policy-FINAL2,200723.09,3.136,2026-03-07 21:35:24.329582-05:00,2026-03-07 21:35:49.020052-05:00
640,768,APPROVED,119000.00,9.227,48,"MANUAL_OVERRIDE_RB, POLICY_EXCEPTION_APPROVED, REVENUE_VERIFIED",j.beaumont,credit-policy-2025,192604.39,0.721,2026-03-07 09:50:44.171093-05:00,2026-03-07 09:51:04.275369-05:00
641,769,COUNTER_OFFER,62000.00,26.946,84,"DSCR_OK, TIB_OK",renee.blackwell,credit-policy-2025,102164.54,1.553,2026-02-18 06:21:06.377066-05:00,2026-02-18 06:21:26.101533-05:00
642,770,DECLINED,,,,DSCR_BELOW_MIN,s.whitfield,credit-policy-2025,520508.89,1.333,2026-02-23 13:04:51.739325-05:00,2026-02-23 13:04:59.508561-05:00
643,771,APPROVED,165000.00,18.873,36,"CREDIT_OK,",s.whitfield,credit-policy-FINAL2,372776.43,0.936,2026-02-18 10:36:00.390925-05:00,2026-02-18 10:36:10.749610-05:00
644,772,DECLINED,,,,"TIME_IN_BUSINESS, STACKED_DEBT",s.whitfield,credit-policy-FINAL2,203251.80,2.509,2026-02-22 23:56:16.162316-05:00,2026-02-22 23:56:37.710444-05:00
645,773,APPROVED,890000.00,17.473,60,"COLLATERAL_OK, REVENUE_VERIFIED, POLICY_EXCEPTION_APPROVED",j.beaumont,credit-policy-2025,2381957.15,1.777,2026-03-01 18:32:05.659904-05:00,2026-03-01 18:32:10.771755-05:00
646,774,DECLINED,,,,"COLLATERAL_SHORTFALL,TIME_IN_BUSINESS,STACKED_DEBT,EXISTING_DEBT",t.rivas,credit-policy-2025,128125.21,1.578,2026-02-24 18:22:39.551869-05:00,2026-02-24 18:23:01.361639-05:00
647,775,APPROVED,44000.00,22.098,12,"TIB_OK, DSCR_OK, POLICY_EXCEPTION_APPROVED",s.whitfield,credit-policy-2024,134206.39,0.7,2026-02-27 07:44:17.806612-05:00,2026-02-27 07:44:46.386977-05:00
648,776,APPROVED,23100.00,15.751,48,"DSCR_OK,REVENUE_VERIFIED,TIB_OK",d.pham,credit-policy-2025,80422.51,3.141,2026-02-26 03:39:49.057654-05:00,2026-02-26 03:40:05.214834-05:00
649,778,DECLINED,,,,CREDIT_SCORE,renee.blackwell,credit-policy-2025,189221.14,2.706,2026-02-21 01:27:42.227759-05:00,2026-02-21 01:27:50.972709-05:00
650,779,APPROVED,108500.00,23.04,60,"MANUAL_OVERRIDE_RB, COLLATERAL_OK",s.whitfield,credit-policy-FINAL2,207086.48,3.11,2026-02-17 03:18:39.381849-05:00,2026-02-17 03:18:45.478841-05:00
651,781,APPROVED,36000.00,9.706,84,"TIB_OK,MANUAL_OVERRIDE_RB,REVENUE_VERIFIED",s.whitfield,credit-policy-2025,110844.51,2.32,2026-02-20 05:14:49.665261-05:00,2026-02-20 05:15:04.755687-05:00
652,782,DECLINED,,,,"COLLATERAL_SHORTFALL, CREDIT_SCORE",k.abernathy,credit-policy-2025,4305840.70,1.257,2026-05-09 13:15:30.137931-05:00,2026-05-09 13:15:33.785953-05:00
653,783,APPROVED,305000.00,26.761,36,COLLATERAL_OK,j.beaumont,credit-policy-2025,655042.69,3.208,2026-02-28 03:16:52.918153-05:00,2026-02-28 03:17:17.628328-05:00
654,784,APPROVED,22100.00,14.551,36,"TIB_OK,REVENUE_VERIFIED,MANUAL_OVERRIDE_RB,",c.obrien,credit-policy-2025,81464.95,1.838,2026-02-26 12:23:31.180802-05:00,2026-02-26 12:23:54.433269-05:00
655,785,APPROVED,110000.00,27.872,84,"POLICY_EXCEPTION_APPROVED,DSCR_OK",j.beaumont,credit-policy-2025,306062.35,2.012,2026-02-27 02:04:55.431766-05:00,2026-02-27 02:05:18.794065-05:00
656,786,APPROVED,266000.00,8.491,60,REVENUE_VERIFIED,k.abernathy,credit-policy-2025,684027.93,2.001,2026-03-02 21:04:29.064983-05:00,2026-03-02 21:04:41.044942-05:00
657,787,APPROVED,105000.00,19.428,84,"TIB_OK,POLICY_EXCEPTION_APPROVED,DSCR_OK",t.rivas,credit-policy-FINAL2,263109.05,1.05,2026-02-21 12:57:34.961069-05:00,2026-02-21 12:57:40.547936-05:00
658,788,DECLINED,,,,"INDUSTRY_RESTRICTED,NSF_ACTIVITY",renee.blackwell,credit-policy-2024,995976.88,2.372,2026-02-20 13:08:39.386159-05:00,2026-02-20 13:08:53.614737-05:00
659,789,APPROVED,150000.00,25.447,60,"MANUAL_OVERRIDE_RB, REVENUE_VERIFIED",d.pham,credit-policy-2025,228995.57,0.778,2026-02-19 04:04:53.945695-05:00,2026-02-19 04:05:14.063354-05:00
660,790,APPROVED,153000.00,17.83,84,"POLICY_EXCEPTION_APPROVED,REVENUE_VERIFIED",d.pham,credit-policy-2024,229604.54,1.453,2026-03-07 11:08:50.352374-05:00,2026-03-07 11:09:04.904399-05:00
661,791,APPROVED,33000.00,21.644,60,"POLICY_EXCEPTION_APPROVED,MANUAL_OVERRIDE_RB,DSCR_OK,",p.deshmukh,credit-policy-2025,104532.37,2.562,2026-02-21 07:34:42.252606-05:00,2026-02-21 07:34:44.272033-05:00
662,793,APPROVED,174250.00,22.586,36,COLLATERAL_OK,c.obrien,credit-policy-2025,361378.98,2.103,2026-02-18 04:29:52.376410-05:00,2026-02-18 04:29:57.089019-05:00
663,794,DECLINED,,,,"UNVERIFIED_REVENUE,",a.castellanos,credit-policy-2025,111013.29,2.781,2026-02-25 11:35:46.912604-05:00,2026-02-25 11:36:01.572365-05:00
664,795,APPROVED,22400.00,24.472,36,"MANUAL_OVERRIDE_RB,",c.obrien,credit-policy-FINAL2,44141.55,2.948,2026-03-06 12:53:17.327871-05:00,2026-03-06 12:53:20.310863-05:00
665,796,COUNTER_OFFER,1386000.00,28.86,84,COLLATERAL_OK,m.okonkwo,credit-policy-2025,937574.65,2.344,2026-03-11 06:37:30.347114-05:00,2026-03-11 06:37:55.247716-05:00
666,797,APPROVED,28500.00,17.879,48,MANUAL_OVERRIDE_RB,a.castellanos,credit-policy-FINAL2,69298.88,1.0,2026-02-23 04:01:19.615176-05:00,2026-02-23 04:01:26.475193-05:00
667,798,DECLINED,,,,"NSF_ACTIVITY,REVENUE_BELOW_MIN,EXISTING_DEBT,COLLATERAL_SHORTFALL",l.nakamura,credit-policy-2025,143843.48,1.498,2026-02-22 09:02:13.549269-05:00,2026-02-22 09:02:40.502776-05:00
668,799,APPROVED,145000.00,15.255,84,"CREDIT_OK,REVENUE_VERIFIED",j.beaumont,credit-policy-2025,245480.02,3.37,2026-03-01 11:07:03.556506-05:00,2026-03-01 11:07:27.700743-05:00
669,800,COUNTER_OFFER,220000.00,27.364,36,DSCR_OK,d.pham,credit-policy-2025,176884.00,2.301,2026-02-22 18:57:51.429477-05:00,2026-02-22 18:58:00.547752-05:00
670,801,APPROVED,480000.00,13.979,60,"DSCR_OK,POLICY_EXCEPTION_APPROVED,MANUAL_OVERRIDE_RB",c.obrien,credit-policy-2025,617033.74,2.4,2026-02-21 22:10:39.924131-05:00,2026-02-21 22:11:03.482617-05:00
671,802,DECLINED,,,,"TIME_IN_BUSINESS,EXISTING_DEBT,CREDIT_SCORE",l.nakamura,credit-policy-2024,289955.48,1.736,2026-04-14 09:19:42.468225-05:00,2026-04-14 09:19:43.522405-05:00
672,804,APPROVED,48450.00,21.657,48,COLLATERAL_OK,t.rivas,credit-policy-2025,86171.98,1.941,2026-02-25 05:51:25.975812-05:00,2026-02-25 05:51:52.553366-05:00
673,805,APPROVED,385000.00,23.352,48,"REVENUE_VERIFIED, CREDIT_OK",s.whitfield,credit-policy-2025,749237.74,2.104,2026-02-26 12:03:00.238213-05:00,2026-02-26 12:03:02.131015-05:00
674,806,APPROVED,53000.00,28.323,48,"POLICY_EXCEPTION_APPROVED, MANUAL_OVERRIDE_RB, REVENUE_VERIFIED",t.rivas,credit-policy-2025,80772.38,2.471,2026-02-20 05:51:32.944523-05:00,2026-02-20 05:51:47.532906-05:00
675,807,APPROVED,61000.00,14.377,12,,renee.blackwell,credit-policy-2025,302575.52,2.791,2026-02-22 08:57:08.342637-05:00,2026-02-22 08:57:23.904831-05:00
676,808,APPROVED,12500.00,8.461,60,POLICY_EXCEPTION_APPROVED,a.castellanos,credit-policy-2024,63092.64,1.36,2026-02-17 05:47:38.358904-05:00,2026-02-17 05:47:50.118354-05:00
677,809,DECLINED,,,,"STACKED_DEBT, CREDIT_SCORE, TIME_IN_BUSINESS, INDUSTRY_RESTRICTED",p.deshmukh,credit-policy-2025,106144.22,2.025,2026-02-19 02:41:29.875156-05:00,2026-02-19 02:41:37.125342-05:00
678,810,APPROVED,44800.00,28.78,24,CREDIT_OK,renee.blackwell,credit-policy-2024,89708.78,1.529,2026-02-28 17:42:15.621439-05:00,2026-02-28 17:42:43.686248-05:00
679,811,APPROVED,182750.00,22.759,36,"CREDIT_OK, COLLATERAL_OK",s.whitfield,credit-policy-2024,254910.19,2.416,2026-02-24 07:08:40.538877-05:00,2026-02-24 07:09:08.509142-05:00
680,812,APPROVED,37000.00,27.39,24,"REVENUE_VERIFIED,DSCR_OK",c.obrien,credit-policy-2025,95131.47,0.728,2026-02-20 08:52:44.640247-05:00,2026-02-20 08:53:05.655549-05:00
681,813,DECLINED,,,,"REVENUE_BELOW_MIN, COLLATERAL_SHORTFALL, UNVERIFIED_REVENUE",m.okonkwo,credit-policy-2025,215395.84,3.394,2026-03-04 14:26:48.436041-05:00,2026-03-04 14:27:07.826478-05:00
682,814,DECLINED,,,,"INDUSTRY_RESTRICTED,REVENUE_BELOW_MIN,STACKED_DEBT",p.deshmukh,credit-policy-FINAL2,219089.15,2.612,2026-02-26 20:41:53.706880-05:00,2026-02-26 20:41:56.142931-05:00
683,815,DECLINED,,,,"TIME_IN_BUSINESS,UNVERIFIED_REVENUE,DSCR_BELOW_MIN,REVENUE_BELOW_MIN",l.nakamura,credit-policy-2025,966444.28,0.835,2026-02-20 19:29:09.225798-05:00,2026-02-20 19:29:33.009810-05:00
684,816,COUNTER_OFFER,120000.00,9.062,60,"POLICY_EXCEPTION_APPROVED,MANUAL_OVERRIDE_RB",k.abernathy,credit-policy-2024,113325.96,1.258,2026-03-04 07:47:20.849470-05:00,2026-03-04 07:47:35.533454-05:00
685,817,APPROVED,46500.00,16.626,36,"TIB_OK, COLLATERAL_OK, POLICY_EXCEPTION_APPROVED",p.deshmukh,credit-policy-FINAL2,164798.38,2.227,2026-02-24 06:42:13.705407-05:00,2026-02-24 06:42:14.967093-05:00
686,818,APPROVED,399500.00,8.382,12,"DSCR_OK, TIB_OK, POLICY_EXCEPTION_APPROVED",m.okonkwo,credit-policy-2025,889151.30,2.899,2026-02-19 07:59:45.892430-05:00,2026-02-19 08:00:10.921891-05:00
687,819,DECLINED,,,,"NSF_ACTIVITY,TIME_IN_BUSINESS,STACKED_DEBT,UNVERIFIED_REVENUE",j.beaumont,credit-policy-FINAL2,204019.36,2.972,2026-02-25 04:12:53.609038-05:00,2026-02-25 04:13:09.758719-05:00
688,820,APPROVED,50000.00,26.85,12,DSCR_OK,a.castellanos,credit-policy-2024,95609.08,3.051,2026-02-20 15:50:35.756963-05:00,2026-02-20 15:51:01.588211-05:00
689,822,DECLINED,,,,"REVENUE_BELOW_MIN,COLLATERAL_SHORTFALL,STACKED_DEBT,TIME_IN_BUSINESS",p.deshmukh,credit-policy-2025,677791.74,0.757,2026-02-21 01:44:44.173464-05:00,2026-02-21 01:44:46.919957-05:00
690,823,APPROVED,90000.00,24.96,12,"COLLATERAL_OK, POLICY_EXCEPTION_APPROVED",a.castellanos,credit-policy-2024,201122.28,2.961,2026-03-02 01:25:16.599342-05:00,2026-03-02 01:25:38.435600-05:00
691,824,APPROVED,250000.00,19.941,12,REVENUE_VERIFIED,a.castellanos,credit-policy-2025,196332.57,3.148,2026-02-23 20:57:41.785917-05:00,2026-02-23 20:58:00.641486-05:00
692,825,COUNTER_OFFER,40800.00,22.821,24,DSCR_OK,a.castellanos,credit-policy-2025,102070.83,2.899,2026-03-10 19:04:57.932018-05:00,2026-03-10 19:05:15.362320-05:00
693,826,APPROVED,33500.00,19.296,36,MANUAL_OVERRIDE_RB,a.castellanos,credit-policy-2025,47329.24,3.289,2026-02-20 19:46:07.382021-05:00,2026-02-20 19:46:27.767866-05:00
694,827,APPROVED,65000.00,28.099,84,"DSCR_OK, CREDIT_OK",a.castellanos,credit-policy-2024,84657.03,2.857,2026-03-01 12:17:41.869217-05:00,2026-03-01 12:17:58.484457-05:00
695,828,DECLINED,,,,"UNVERIFIED_REVENUE,CREDIT_SCORE,STACKED_DEBT,EXISTING_DEBT",l.nakamura,credit-policy-2025,885047.55,1.869,2026-02-19 17:46:49.194553-05:00,2026-02-19 17:46:53.319584-05:00
696,830,DECLINED,,,,"TIME_IN_BUSINESS, CREDIT_SCORE, UNVERIFIED_REVENUE, COLLATERAL_SHORTFALL",renee.blackwell,credit-policy-2025,87521.75,1.36,2026-02-20 10:49:49.680327-05:00,2026-02-20 10:50:12.080974-05:00
697,831,APPROVED,241500.00,19.094,24,"TIB_OK,REVENUE_VERIFIED",t.rivas,credit-policy-2025,417656.36,1.668,2026-02-23 22:51:53.852044-05:00,2026-02-23 22:52:02.358761-05:00
698,833,APPROVED,59500.00,13.75,84,"POLICY_EXCEPTION_APPROVED, CREDIT_OK",s.whitfield,credit-policy-FINAL2,269463.77,3.038,2026-03-02 05:07:23.438860-05:00,2026-03-02 05:07:41.185275-05:00
699,834,DECLINED,,,,"UNVERIFIED_REVENUE,DSCR_BELOW_MIN,STACKED_DEBT",c.obrien,credit-policy-2024,175381.16,2.227,2026-03-07 06:19:47.380312-05:00,2026-03-07 06:20:05.684889-05:00
700,835,DECLINED,,,,"STACKED_DEBT,TIME_IN_BUSINESS,NSF_ACTIVITY",c.obrien,credit-policy-FINAL2,536742.22,0.787,2026-03-15 00:31:06.520409-05:00,2026-03-15 00:31:29.810812-05:00
701,837,APPROVED,210000.00,14.019,84,"CREDIT_OK,",renee.blackwell,credit-policy-2024,292381.62,2.729,2026-03-04 21:50:36.365089-05:00,2026-03-04 21:51:01.168666-05:00
702,838,APPROVED,215000.00,11.527,12,"TIB_OK,DSCR_OK,REVENUE_VERIFIED",d.pham,credit-policy-2024,300350.98,2.282,2026-03-02 01:01:09.685031-05:00,2026-03-02 01:01:14.757278-05:00
703,839,APPROVED,381500.00,16.256,36,"DSCR_OK,REVENUE_VERIFIED,TIB_OK,",s.whitfield,credit-policy-2025,826771.37,2.39,2026-03-01 18:47:52.179393-05:00,2026-03-01 18:48:15.856437-05:00
704,840,APPROVED,45500.00,25.101,36,"DSCR_OK, CREDIT_OK",m.okonkwo,credit-policy-2025,267838.53,2.907,2026-02-28 22:01:15.750093-05:00,2026-02-28 22:01:28.972852-05:00
705,841,APPROVED,1420000.00,18.438,36,COLLATERAL_OK,d.pham,credit-policy-2025,1349142.60,2.436,2026-03-04 00:12:50.111401-05:00,2026-03-04 00:12:54.162091-05:00
706,842,COUNTER_OFFER,560000.00,23.018,84,CREDIT_OK,j.beaumont,credit-policy-2025,2730168.22,1.54,2026-03-12 06:46:26.283778-05:00,2026-03-12 06:46:51.152230-05:00
707,843,APPROVED,130000.00,17.965,84,"COLLATERAL_OK,CREDIT_OK,TIB_OK",a.castellanos,credit-policy-2025,217047.18,2.781,2026-02-19 09:57:00.424794-05:00,2026-02-19 09:57:27.072465-05:00
708,844,APPROVED,172500.00,14.088,60,"MANUAL_OVERRIDE_RB, POLICY_EXCEPTION_APPROVED, REVENUE_VERIFIED",p.deshmukh,credit-policy-2024,864125.56,1.681,2026-03-01 08:15:49.969798-05:00,2026-03-01 08:16:10.416708-05:00
709,845,APPROVED,13000.00,11.209,48,"MANUAL_OVERRIDE_RB,COLLATERAL_OK,REVENUE_VERIFIED",a.castellanos,credit-policy-2025,172339.87,2.825,2026-03-01 16:49:36.983628-05:00,2026-03-01 16:49:48.613321-05:00
710,846,APPROVED,80000.00,12.213,12,,m.okonkwo,credit-policy-2024,207441.23,2.116,2026-03-06 21:01:59.302405-05:00,2026-03-06 21:02:17.252798-05:00
711,847,APPROVED,215000.00,23.818,12,"MANUAL_OVERRIDE_RB,TIB_OK,POLICY_EXCEPTION_APPROVED",p.deshmukh,credit-policy-2025,134855.13,1.816,2026-03-04 02:34:13.887913-05:00,2026-03-04 02:34:38.347477-05:00
712,848,APPROVED,25500.00,23.026,12,MANUAL_OVERRIDE_RB,c.obrien,credit-policy-2025,72868.46,1.774,2026-02-20 04:36:17.984441-05:00,2026-02-20 04:36:44.727168-05:00
713,850,COUNTER_OFFER,892500.00,14.138,24,REVENUE_VERIFIED,a.castellanos,credit-policy-2025,2017216.09,2.772,2026-02-21 07:47:33.379359-05:00,2026-02-21 07:48:01.074605-05:00
714,851,DECLINED,,,,"TIME_IN_BUSINESS,CREDIT_SCORE,NSF_ACTIVITY",d.pham,credit-policy-2025,139624.02,0.707,2026-02-22 01:48:26.755674-05:00,2026-02-22 01:48:39.214894-05:00
715,853,DECLINED,,,,"TIME_IN_BUSINESS, INDUSTRY_RESTRICTED, REVENUE_BELOW_MIN",k.abernathy,credit-policy-2024,180061.75,0.932,2026-03-02 17:55:06.588446-05:00,2026-03-02 17:55:18.177132-05:00
716,854,APPROVED,1904000.00,16.434,24,"POLICY_EXCEPTION_APPROVED,REVENUE_VERIFIED,DSCR_OK",k.abernathy,credit-policy-2025,5171504.17,1.647,2026-03-02 10:04:27.834696-05:00,2026-03-02 10:04:49.947994-05:00
717,856,APPROVED,233750.00,15.133,48,"MANUAL_OVERRIDE_RB, CREDIT_OK",l.nakamura,credit-policy-2025,322608.04,0.986,2026-03-06 12:01:59.815297-05:00,2026-03-06 12:02:05.459509-05:00
718,857,DECLINED,,,,"REVENUE_BELOW_MIN,DSCR_BELOW_MIN,TIME_IN_BUSINESS",s.whitfield,credit-policy-2025,75944.33,1.503,2026-02-19 19:01:57.954925-05:00,2026-02-19 19:02:17.417866-05:00
719,858,DECLINED,,,,"INDUSTRY_RESTRICTED, DSCR_BELOW_MIN, NSF_ACTIVITY",a.castellanos,credit-policy-2025,504425.46,1.029,2026-03-14 01:47:11.604416-05:00,2026-03-14 01:47:38.830550-05:00
720,859,APPROVED,36000.00,8.223,12,COLLATERAL_OK,d.pham,credit-policy-2025,164242.79,3.358,2026-02-23 12:47:56.119733-05:00,2026-02-23 12:48:04.548141-05:00
721,860,APPROVED,170000.00,9.535,24,"MANUAL_OVERRIDE_RB,COLLATERAL_OK",m.okonkwo,credit-policy-2024,426736.26,1.54,2026-03-08 18:48:50.406100-05:00,2026-03-08 18:48:58.689923-05:00
722,861,APPROVED,135000.00,12.817,12,"COLLATERAL_OK,TIB_OK,CREDIT_OK",t.rivas,credit-policy-2024,490853.88,3.203,2026-03-09 16:41:16.089049-05:00,2026-03-09 16:41:19.984015-05:00
723,862,DECLINED,,,,"COLLATERAL_SHORTFALL, CREDIT_SCORE, REVENUE_BELOW_MIN",m.okonkwo,credit-policy-2025,124172.23,2.54,2026-02-26 04:18:40.770217-05:00,2026-02-26 04:19:09.487799-05:00
724,863,APPROVED,54000.00,27.016,48,COLLATERAL_OK,t.rivas,credit-policy-2025,191775.77,0.782,2026-02-22 00:23:22.633483-05:00,2026-02-22 00:23:25.445350-05:00
725,864,APPROVED,165750.00,23.939,36,"POLICY_EXCEPTION_APPROVED,",j.beaumont,credit-policy-FINAL2,226500.17,1.052,2026-02-21 05:13:39.934340-05:00,2026-02-21 05:13:59.931598-05:00
726,865,APPROVED,860000.00,21.873,84,"TIB_OK,DSCR_OK,COLLATERAL_OK",l.nakamura,credit-policy-FINAL2,2475895.79,2.566,2026-02-26 04:22:02.807849-05:00,2026-02-26 04:22:17.548659-05:00
727,866,APPROVED,120000.00,9.22,48,POLICY_EXCEPTION_APPROVED,k.abernathy,credit-policy-2025,105155.67,0.718,2026-02-19 18:08:45.111310-05:00,2026-02-19 18:09:13.971751-05:00
728,867,APPROVED,87500.00,9.388,84,,j.beaumont,credit-policy-2025,156776.82,2.051,2026-03-04 18:44:11.421299-05:00,2026-03-04 18:44:32.531018-05:00
729,868,DECLINED,,,,"UNVERIFIED_REVENUE, NSF_ACTIVITY, COLLATERAL_SHORTFALL",j.beaumont,credit-policy-2025,1118222.74,2.4,2026-02-28 13:22:42.916563-05:00,2026-02-28 13:22:48.017919-05:00
730,871,DECLINED,,,,"TIME_IN_BUSINESS, CREDIT_SCORE",s.whitfield,credit-policy-2024,257133.21,1.676,2026-02-22 15:12:33.774419-05:00,2026-02-22 15:12:38.130116-05:00
731,872,DECLINED,,,,"INDUSTRY_RESTRICTED,TIME_IN_BUSINESS,UNVERIFIED_REVENUE",l.nakamura,credit-policy-2024,148759.67,1.972,2026-02-26 21:15:41.008097-05:00,2026-02-26 21:15:56.051206-05:00
732,873,DECLINED,,,,"EXISTING_DEBT,UNVERIFIED_REVENUE",k.abernathy,credit-policy-2025,63034.47,1.345,2026-02-18 21:59:15.549291-05:00,2026-02-18 21:59:19.011575-05:00
733,874,DECLINED,,,,REVENUE_BELOW_MIN,renee.blackwell,credit-policy-2025,273876.09,1.297,2026-02-22 19:48:40.790350-05:00,2026-02-22 19:48:44.915157-05:00
734,875,DECLINED,,,,"DSCR_BELOW_MIN,COLLATERAL_SHORTFALL,NSF_ACTIVITY",t.rivas,credit-policy-2025,181799.31,1.687,2026-02-22 06:13:31.426504-05:00,2026-02-22 06:13:48.204944-05:00
735,876,DECLINED,,,,"UNVERIFIED_REVENUE, DSCR_BELOW_MIN, EXISTING_DEBT",renee.blackwell,credit-policy-2024,1214721.04,1.485,2026-02-23 19:49:42.016683-05:00,2026-02-23 19:50:09.035244-05:00
736,877,COUNTER_OFFER,28000.00,18.469,60,POLICY_EXCEPTION_APPROVED,s.whitfield,credit-policy-2025,231851.53,0.898,2026-02-20 23:48:01.585170-05:00,2026-02-20 23:48:14.178185-05:00
737,879,COUNTER_OFFER,224000.00,13.122,36,"COLLATERAL_OK,MANUAL_OVERRIDE_RB,DSCR_OK",c.obrien,credit-policy-2025,488020.13,1.607,2026-02-19 19:39:17.103002-05:00,2026-02-19 19:39:40.874560-05:00
738,880,APPROVED,28500.00,28.728,24,TIB_OK,c.obrien,credit-policy-2025,92423.76,3.179,2026-03-02 19:29:53.005479-05:00,2026-03-02 19:30:05.798183-05:00
739,882,APPROVED,794500.00,23.817,36,"POLICY_EXCEPTION_APPROVED,CREDIT_OK,MANUAL_OVERRIDE_RB",p.deshmukh,credit-policy-2025,166410.33,2.319,2026-02-27 18:53:12.670055-05:00,2026-02-27 18:53:29.558199-05:00
740,883,DECLINED,,,,"INDUSTRY_RESTRICTED,DSCR_BELOW_MIN,EXISTING_DEBT,STACKED_DEBT",j.beaumont,credit-policy-2025,224746.25,1.856,2026-02-21 07:21:08.100782-05:00,2026-02-21 07:21:13.435608-05:00
741,884,APPROVED,78000.00,7.549,12,POLICY_EXCEPTION_APPROVED,j.beaumont,credit-policy-FINAL2,301274.81,0.873,2026-02-27 04:30:59.904167-05:00,2026-02-27 04:31:07.015930-05:00
742,886,DECLINED,,,,DSCR_BELOW_MIN,j.beaumont,credit-policy-2025,62673.46,1.268,2026-03-02 23:54:31.284689-05:00,2026-03-02 23:54:57.760290-05:00
743,887,COUNTER_OFFER,200000.00,22.073,60,"MANUAL_OVERRIDE_RB,POLICY_EXCEPTION_APPROVED",a.castellanos,credit-policy-2025,228580.40,2.388,2026-02-21 12:48:14.864903-05:00,2026-02-21 12:48:19.982760-05:00
744,888,DECLINED,,,,EXISTING_DEBT,t.rivas,credit-policy-2025,123463.26,1.481,2026-02-21 01:15:17.575496-05:00,2026-02-21 01:15:42.322872-05:00
745,889,DECLINED,,,,"TIME_IN_BUSINESS, DSCR_BELOW_MIN",d.pham,credit-policy-2025,63054.57,0.872,2026-03-15 06:50:42.502169-05:00,2026-03-15 06:51:02.160681-05:00
746,890,DECLINED,,,,,l.nakamura,credit-policy-2025,66642.52,0.904,2026-02-25 10:31:34.348928-05:00,2026-02-25 10:31:51.478397-05:00
747,891,DECLINED,,,,CREDIT_SCORE,c.obrien,credit-policy-FINAL2,566925.59,2.415,2026-02-23 06:46:37.306830-05:00,2026-02-23 06:47:02.061678-05:00
748,892,DECLINED,,,,"STACKED_DEBT,CREDIT_SCORE,DSCR_BELOW_MIN",a.castellanos,credit-policy-2025,128114.74,2.643,2026-02-20 22:55:49.009777-05:00,2026-02-20 22:56:04.065426-05:00
749,893,DECLINED,,,,INDUSTRY_RESTRICTED,p.deshmukh,credit-policy-FINAL2,437368.05,2.703,2026-02-22 19:16:00.927807-05:00,2026-02-22 19:16:20.844496-05:00
750,894,APPROVED,135000.00,24.999,60,"COLLATERAL_OK,DSCR_OK",p.deshmukh,credit-policy-2025,250410.50,1.4,2026-02-22 17:47:31.937160-05:00,2026-02-22 17:47:47.573568-05:00
751,895,APPROVED,136500.00,11.961,12,REVENUE_VERIFIED,c.obrien,credit-policy-2025,188162.77,3.337,2026-02-26 15:49:59.751470-05:00,2026-02-26 15:50:24.362933-05:00
752,896,DECLINED,,,,"STACKED_DEBT,UNVERIFIED_REVENUE,TIME_IN_BUSINESS",j.beaumont,credit-policy-2025,159374.34,2.913,2026-03-05 13:08:38.526583-05:00,2026-03-05 13:08:54.820163-05:00
753,897,DECLINED,,,,COLLATERAL_SHORTFALL,renee.blackwell,credit-policy-2024,586869.05,2.295,2026-02-24 09:03:02.350614-05:00,2026-02-24 09:03:07.950974-05:00
754,898,APPROVED,450500.00,10.812,36,"TIB_OK,DSCR_OK,REVENUE_VERIFIED",c.obrien,credit-policy-2025,1319339.88,2.644,2026-02-21 12:59:05.611048-05:00,2026-02-21 12:59:33.919643-05:00
755,899,DECLINED,,,,"EXISTING_DEBT,REVENUE_BELOW_MIN",a.castellanos,credit-policy-2025,228092.99,2.352,2026-03-01 19:02:53.707031-05:00,2026-03-01 19:03:08.836686-05:00
756,900,APPROVED,885000.00,18.653,36,"DSCR_OK,COLLATERAL_OK",d.pham,credit-policy-2025,2396272.62,1.303,2026-03-04 15:53:14.306723-05:00,2026-03-04 15:53:34.029867-05:00
757,901,APPROVED,46900.00,20.717,24,"MANUAL_OVERRIDE_RB,COLLATERAL_OK,POLICY_EXCEPTION_APPROVED",s.whitfield,credit-policy-2025,73961.45,1.308,2026-03-02 23:27:51.179480-05:00,2026-03-02 23:28:15.716802-05:00
758,902,DECLINED,,,,"CREDIT_SCORE,REVENUE_BELOW_MIN,COLLATERAL_SHORTFALL",l.nakamura,credit-policy-2025,682137.05,1.499,2026-02-24 19:30:23.345884-05:00,2026-02-24 19:30:28.588963-05:00
759,903,DECLINED,,,,TIME_IN_BUSINESS,c.obrien,credit-policy-2025,434814.50,3.367,2026-02-23 22:47:30.987808-05:00,2026-02-23 22:47:44.699154-05:00
760,904,APPROVED,93500.00,23.951,24,DSCR_OK,s.whitfield,credit-policy-2025,224440.55,2.47,2026-03-14 16:03:19.698251-05:00,2026-03-14 16:03:27.740787-05:00
761,905,DECLINED,,,,"TIME_IN_BUSINESS,DSCR_BELOW_MIN,UNVERIFIED_REVENUE",k.abernathy,credit-policy-2025,150581.75,0.853,2026-02-21 18:02:59.510417-05:00,2026-02-21 18:03:07.909458-05:00
762,906,DECLINED,,,,"CREDIT_SCORE,COLLATERAL_SHORTFALL",renee.blackwell,credit-policy-2025,77314.70,1.357,2026-03-03 07:54:13.961486-05:00,2026-03-03 07:54:17.400979-05:00
763,907,COUNTER_OFFER,84000.00,20.916,48,"POLICY_EXCEPTION_APPROVED,CREDIT_OK,DSCR_OK",a.castellanos,credit-policy-2025,284418.45,2.879,2026-03-01 19:19:40.176926-05:00,2026-03-01 19:20:00.862089-05:00
764,908,APPROVED,108500.00,25.116,48,REVENUE_VERIFIED,j.beaumont,credit-policy-2025,135284.95,2.194,2026-03-02 18:10:19.265441-05:00,2026-03-02 18:10:28.065708-05:00
765,909,APPROVED,125000.00,8.366,36,MANUAL_OVERRIDE_RB,s.whitfield,credit-policy-2025,380670.34,1.996,2026-02-28 21:32:27.434501-05:00,2026-02-28 21:32:54.647179-05:00
766,910,DECLINED,,,,"TIME_IN_BUSINESS,REVENUE_BELOW_MIN,",l.nakamura,credit-policy-2025,11555.93,1.188,2026-02-25 22:01:55.206858-05:00,2026-02-25 22:02:02.660731-05:00
767,911,DECLINED,,,,INDUSTRY_RESTRICTED,d.pham,credit-policy-FINAL2,88515.19,1.608,2026-02-26 14:47:12.384318-05:00,2026-02-26 14:47:17.383829-05:00
768,913,COUNTER_OFFER,595000.00,18.168,12,"POLICY_EXCEPTION_APPROVED,TIB_OK",a.castellanos,credit-policy-2025,83453.57,2.569,2026-02-24 16:09:37.199865-05:00,2026-02-24 16:09:52.531449-05:00
769,914,APPROVED,300000.00,11.25,48,"COLLATERAL_OK, TIB_OK, DSCR_OK",l.nakamura,credit-policy-FINAL2,337052.95,2.154,2026-03-05 20:22:17.233035-05:00,2026-03-05 20:22:24.473069-05:00
770,915,DECLINED,,,,"UNVERIFIED_REVENUE, STACKED_DEBT, TIME_IN_BUSINESS,",m.okonkwo,credit-policy-2025,59964.54,1.335,2026-03-03 09:03:18.311549-05:00,2026-03-03 09:03:47.925901-05:00
771,916,APPROVED,68600.00,24.823,48,"DSCR_OK,MANUAL_OVERRIDE_RB,",j.beaumont,credit-policy-2025,118995.66,2.166,2026-03-19 13:18:56.585900-05:00,2026-03-19 13:19:21.784257-05:00
772,917,DECLINED,,,,"COLLATERAL_SHORTFALL,UNVERIFIED_REVENUE,NSF_ACTIVITY,EXISTING_DEBT",m.okonkwo,credit-policy-2025,317318.78,1.938,2026-02-19 17:11:42.033053-05:00,2026-02-19 17:12:00.430025-05:00
773,918,APPROVED,88000.00,23.974,48,,l.nakamura,credit-policy-FINAL2,90598.45,2.272,2026-02-18 16:52:48.896677-05:00,2026-02-18 16:52:54.182783-05:00
774,919,DECLINED,,,,"CREDIT_SCORE, NSF_ACTIVITY, TIME_IN_BUSINESS",a.castellanos,credit-policy-2025,514123.59,1.802,2026-03-10 19:54:10.509148-05:00,2026-03-10 19:54:30.159282-05:00
775,920,DECLINED,,,,"EXISTING_DEBT,CREDIT_SCORE",k.abernathy,credit-policy-2025,134387.44,1.491,2026-03-13 07:51:52.958109-05:00,2026-03-13 07:51:54.676617-05:00
776,921,DECLINED,,,,"TIME_IN_BUSINESS, CREDIT_SCORE, EXISTING_DEBT, DSCR_BELOW_MIN",renee.blackwell,credit-policy-2025,25069.57,1.014,2026-03-01 01:44:56.283885-05:00,2026-03-01 01:45:19.848390-05:00
777,922,APPROVED,348500.00,9.755,48,"MANUAL_OVERRIDE_RB,",k.abernathy,credit-policy-2025,530146.53,1.724,2026-02-22 02:30:07.981455-05:00,2026-02-22 02:30:32.296939-05:00
778,923,APPROVED,345000.00,28.045,84,"TIB_OK,CREDIT_OK,MANUAL_OVERRIDE_RB",a.castellanos,credit-policy-FINAL2,263993.55,0.97,2026-03-03 03:02:20.576874-05:00,2026-03-03 03:02:40.124061-05:00
779,924,APPROVED,750000.00,18.578,48,"REVENUE_VERIFIED,CREDIT_OK,DSCR_OK",k.abernathy,credit-policy-2025,1337523.95,1.385,2026-03-07 12:14:42.991854-05:00,2026-03-07 12:15:05.627300-05:00
780,925,APPROVED,78000.00,19.71,36,"MANUAL_OVERRIDE_RB,COLLATERAL_OK,CREDIT_OK",p.deshmukh,credit-policy-2025,103328.73,2.451,2026-03-01 07:54:41.055643-05:00,2026-03-01 07:55:00.235372-05:00
781,926,DECLINED,,,,"REVENUE_BELOW_MIN,STACKED_DEBT,COLLATERAL_SHORTFALL",s.whitfield,credit-policy-2025,124713.84,0.764,2026-02-27 01:52:14.094392-05:00,2026-02-27 01:52:38.418587-05:00
782,927,APPROVED,357000.00,10.206,48,"TIB_OK,REVENUE_VERIFIED,CREDIT_OK",a.castellanos,credit-policy-2024,1333605.57,3.247,2026-02-24 12:33:15.109297-05:00,2026-02-24 12:33:42.753344-05:00
783,928,APPROVED,215000.00,14.461,24,TIB_OK,renee.blackwell,credit-policy-2025,411433.87,0.818,2026-02-28 21:37:00.388589-05:00,2026-02-28 21:37:22.723982-05:00
784,929,APPROVED,692750.00,25.376,60,,p.deshmukh,credit-policy-2024,3860997.87,2.709,2026-02-25 22:39:42.108934-05:00,2026-02-25 22:39:54.260438-05:00
785,930,DECLINED,,,,"COLLATERAL_SHORTFALL,UNVERIFIED_REVENUE,STACKED_DEBT,",j.beaumont,credit-policy-2025,313230.99,1.705,2026-03-03 20:12:02.902682-05:00,2026-03-03 20:12:27.435028-05:00
786,934,DECLINED,,,,"EXISTING_DEBT,DSCR_BELOW_MIN",c.obrien,credit-policy-2025,110604.54,2.603,2026-02-22 11:47:19.193432-05:00,2026-02-22 11:47:40.705053-05:00
787,935,APPROVED,259000.00,7.34,84,"REVENUE_VERIFIED,POLICY_EXCEPTION_APPROVED",k.abernathy,credit-policy-2025,878871.78,1.953,2026-02-20 11:09:03.253047-05:00,2026-02-20 11:09:24.839454-05:00
788,936,DECLINED,,,,"CREDIT_SCORE,EXISTING_DEBT,TIME_IN_BUSINESS",j.beaumont,credit-policy-2025,585842.89,1.36,2026-02-21 11:15:19.648409-05:00,2026-02-21 11:15:36.743240-05:00
789,937,DECLINED,,,,"NSF_ACTIVITY, INDUSTRY_RESTRICTED, UNVERIFIED_REVENUE",a.castellanos,credit-policy-2024,235858.94,1.311,2026-02-21 12:01:16.942782-05:00,2026-02-21 12:01:21.033722-05:00
790,939,APPROVED,136000.00,15.752,60,"CREDIT_OK, POLICY_EXCEPTION_APPROVED, REVENUE_VERIFIED",m.okonkwo,credit-policy-2025,97767.43,1.243,2026-02-23 17:24:21.403696-05:00,2026-02-23 17:24:34.533213-05:00
791,940,DECLINED,,,,REVENUE_BELOW_MIN,t.rivas,credit-policy-2025,255618.57,1.856,2026-03-09 12:08:43.834345-05:00,2026-03-09 12:08:58.857415-05:00
792,941,APPROVED,185500.00,7.818,60,"CREDIT_OK, DSCR_OK, POLICY_EXCEPTION_APPROVED",k.abernathy,credit-policy-2025,413734.19,3.238,2026-03-08 01:55:49.799042-05:00,2026-03-08 01:56:07.275903-05:00
793,943,APPROVED,329000.00,12.354,48,"CREDIT_OK, POLICY_EXCEPTION_APPROVED",a.castellanos,credit-policy-FINAL2,476273.12,3.098,2026-02-24 00:49:56.259208-05:00,2026-02-24 00:50:00.736127-05:00
794,944,APPROVED,339500.00,27.742,24,TIB_OK,d.pham,credit-policy-FINAL2,568051.69,2.258,2026-02-18 13:43:16.861441-05:00,2026-02-18 13:43:23.051894-05:00
795,945,APPROVED,55000.00,8.09,84,"POLICY_EXCEPTION_APPROVED,COLLATERAL_OK",c.obrien,credit-policy-2025,83537.18,2.961,2026-03-08 22:28:25.938673-05:00,2026-03-08 22:28:52.056895-05:00
796,946,DECLINED,,,,"UNVERIFIED_REVENUE,CREDIT_SCORE",t.rivas,credit-policy-2025,308700.90,1.418,2026-02-27 00:29:56.869065-05:00,2026-02-27 00:29:58.111462-05:00
797,947,DECLINED,,,,"COLLATERAL_SHORTFALL,UNVERIFIED_REVENUE,REVENUE_BELOW_MIN",c.obrien,credit-policy-2024,122255.86,2.687,2026-03-04 08:01:21.678110-05:00,2026-03-04 08:01:36.910609-05:00
798,948,DECLINED,,,,"UNVERIFIED_REVENUE, STACKED_DEBT, CREDIT_SCORE, TIME_IN_BUSINESS",d.pham,credit-policy-2025,290089.23,2.006,2026-03-18 23:17:24.398412-05:00,2026-03-18 23:17:43.408534-05:00
799,949,APPROVED,37500.00,19.004,36,POLICY_EXCEPTION_APPROVED,p.deshmukh,credit-policy-2025,81254.22,0.734,2026-02-25 22:45:49.641838-05:00,2026-02-25 22:45:54.104706-05:00
800,950,DECLINED,,,,COLLATERAL_SHORTFALL,renee.blackwell,credit-policy-2025,192769.98,3.25,2026-02-21 19:43:46.957114-05:00,2026-02-21 19:44:12.599744-05:00
801,952,APPROVED,1814750.00,10.974,48,CREDIT_OK,l.nakamura,credit-policy-2024,1257400.98,1.584,2026-03-04 07:20:08.774186-05:00,2026-03-04 07:20:37.423806-05:00
802,953,APPROVED,79000.00,22.948,60,DSCR_OK,c.obrien,credit-policy-2025,205718.98,2.794,2026-03-02 11:02:36.845008-05:00,2026-03-02 11:02:46.267737-05:00
803,956,APPROVED,670000.00,22.132,24,TIB_OK,t.rivas,credit-policy-2025,1227561.55,3.311,2026-02-26 08:48:52.210206-05:00,2026-02-26 08:49:12.984812-05:00
804,957,DECLINED,,,,"UNVERIFIED_REVENUE,CREDIT_SCORE,TIME_IN_BUSINESS,STACKED_DEBT,",p.deshmukh,credit-policy-FINAL2,734777.81,1.898,2026-03-02 06:55:30.208288-05:00,2026-03-02 06:55:38.615863-05:00
805,959,APPROVED,480000.00,21.238,24,REVENUE_VERIFIED,l.nakamura,credit-policy-2024,1195977.24,1.249,2026-03-10 09:04:58.773855-05:00,2026-03-10 09:05:24.715411-05:00
806,961,DECLINED,,,,"UNVERIFIED_REVENUE,DSCR_BELOW_MIN",k.abernathy,credit-policy-2025,225806.59,3.321,2026-02-26 22:05:34.177058-05:00,2026-02-26 22:05:37.234206-05:00
807,962,APPROVED,136000.00,22.151,36,POLICY_EXCEPTION_APPROVED,t.rivas,credit-policy-2024,185107.16,1.543,2026-03-24 23:53:38.736581-05:00,2026-03-24 23:54:03.631124-05:00
808,964,DECLINED,,,,"TIME_IN_BUSINESS,COLLATERAL_SHORTFALL",p.deshmukh,credit-policy-2025,155417.36,2.907,2026-03-04 19:04:04.466940-05:00,2026-03-04 19:04:14.325224-05:00
809,965,APPROVED,205000.00,22.571,36,CREDIT_OK,renee.blackwell,credit-policy-2025,340574.37,1.186,2026-02-24 14:41:43.142689-05:00,2026-02-24 14:41:55.392672-05:00
810,966,APPROVED,190000.00,25.92,36,"POLICY_EXCEPTION_APPROVED,TIB_OK",renee.blackwell,credit-policy-2024,351796.60,1.128,2026-03-02 21:22:25.927702-05:00,2026-03-02 21:22:50.218743-05:00
811,967,DECLINED,,,,"TIME_IN_BUSINESS,COLLATERAL_SHORTFALL,NSF_ACTIVITY",t.rivas,credit-policy-2025,195962.40,1.52,2026-03-02 04:21:47.945544-05:00,2026-03-02 04:21:53.152686-05:00
812,968,DECLINED,,,,STACKED_DEBT,renee.blackwell,credit-policy-2025,314754.75,1.267,2026-03-01 20:38:00.632968-05:00,2026-03-01 20:38:25.216293-05:00
813,969,APPROVED,115000.00,26.08,24,"TIB_OK, MANUAL_OVERRIDE_RB",k.abernathy,credit-policy-2025,138386.64,1.853,2026-02-23 12:11:40.092094-05:00,2026-02-23 12:11:53.497269-05:00
814,970,DECLINED,,,,"NSF_ACTIVITY, DSCR_BELOW_MIN",j.beaumont,credit-policy-FINAL2,75501.12,1.173,2026-03-10 03:11:12.045172-05:00,2026-03-10 03:11:17.409696-05:00
815,972,APPROVED,43000.00,24.382,12,"POLICY_EXCEPTION_APPROVED, DSCR_OK, COLLATERAL_OK",a.castellanos,credit-policy-FINAL2,124050.25,2.057,2026-03-01 15:35:12.185205-05:00,2026-03-01 15:35:38.506020-05:00
816,973,APPROVED,55000.00,25.6,12,"POLICY_EXCEPTION_APPROVED,CREDIT_OK",k.abernathy,credit-policy-2025,101011.32,2.301,2026-03-03 19:04:16.157521-05:00,2026-03-03 19:04:25.574150-05:00
817,974,APPROVED,125000.00,21.766,60,TIB_OK,j.beaumont,credit-policy-FINAL2,331668.99,1.164,2026-02-25 09:24:04.911880-05:00,2026-02-25 09:24:22.331815-05:00
818,976,APPROVED,25000.00,27.001,84,"MANUAL_OVERRIDE_RB,CREDIT_OK,REVENUE_VERIFIED",s.whitfield,credit-policy-2025,123890.95,2.584,2026-03-10 15:06:06.428344-05:00,2026-03-10 15:06:13.125828-05:00
819,978,APPROVED,157250.00,19.956,84,"REVENUE_VERIFIED, TIB_OK, DSCR_OK",l.nakamura,credit-policy-2024,226523.03,2.445,2026-03-03 05:54:08.797845-05:00,2026-03-03 05:54:37.226065-05:00
820,979,DECLINED,,,,DSCR_BELOW_MIN,d.pham,credit-policy-2025,279526.47,1.692,2026-02-22 16:53:29.657656-05:00,2026-02-22 16:53:58.749471-05:00
821,982,DECLINED,,,,UNVERIFIED_REVENUE,t.rivas,credit-policy-2025,412398.41,1.321,2026-03-13 21:59:57.565092-05:00,2026-03-13 22:00:15.529115-05:00
822,983,DECLINED,,,,"UNVERIFIED_REVENUE,COLLATERAL_SHORTFALL,TIME_IN_BUSINESS",p.deshmukh,credit-policy-2025,426414.53,2.962,2026-02-21 10:23:07.285818-05:00,2026-02-21 10:23:11.570904-05:00
823,984,APPROVED,47600.00,9.537,84,"TIB_OK,DSCR_OK",d.pham,credit-policy-2025,113030.52,3.15,2026-03-08 09:06:19.817119-05:00,2026-03-08 09:06:38.395306-05:00
824,985,APPROVED,190000.00,11.851,84,POLICY_EXCEPTION_APPROVED,p.deshmukh,credit-policy-2025,368888.01,2.703,2026-03-06 19:48:43.704148-05:00,2026-03-06 19:48:44.866486-05:00
825,986,APPROVED,80000.00,8.836,24,"REVENUE_VERIFIED,DSCR_OK",j.beaumont,credit-policy-FINAL2,322877.40,2.908,2026-02-28 07:27:02.902892-05:00,2026-02-28 07:27:26.429713-05:00
826,987,APPROVED,73500.00,7.545,36,REVENUE_VERIFIED,t.rivas,credit-policy-2024,169737.13,1.15,2026-03-01 05:41:22.331217-05:00,2026-03-01 05:41:47.456971-05:00
827,989,DECLINED,,,,"INDUSTRY_RESTRICTED,NSF_ACTIVITY,DSCR_BELOW_MIN,CREDIT_SCORE",t.rivas,credit-policy-2025,94346.20,3.187,2026-03-04 21:20:44.303491-05:00,2026-03-04 21:20:48.774072-05:00
828,990,APPROVED,1402500.00,18.365,12,"COLLATERAL_OK, REVENUE_VERIFIED",k.abernathy,credit-policy-2024,1311147.73,0.979,2026-02-22 09:40:00.095503-05:00,2026-02-22 09:40:20.366289-05:00
829,991,APPROVED,25000.00,16.992,60,CREDIT_OK,t.rivas,credit-policy-FINAL2,93140.94,3.132,2026-03-12 00:14:32.012261-05:00,2026-03-12 00:14:53.343832-05:00
830,992,APPROVED,160000.00,16.982,84,REVENUE_VERIFIED,c.obrien,credit-policy-FINAL2,653249.86,3.221,2026-03-20 14:49:35.230883-05:00,2026-03-20 14:49:57.977572-05:00
831,993,DECLINED,,,,"DSCR_BELOW_MIN, INDUSTRY_RESTRICTED, EXISTING_DEBT, UNVERIFIED_REVENUE",p.deshmukh,credit-policy-2025,232208.78,2.335,2026-02-24 08:59:53.256610-05:00,2026-02-24 08:59:59.513669-05:00
832,994,DECLINED,,,,"CREDIT_SCORE,STACKED_DEBT,DSCR_BELOW_MIN",c.obrien,credit-policy-2025,353280.35,3.071,2026-02-23 12:51:24.457976-05:00,2026-02-23 12:51:39.932279-05:00
833,995,DECLINED,,,,CREDIT_SCORE,m.okonkwo,credit-policy-2025,141145.72,1.717,2026-02-24 11:57:25.915478-05:00,2026-02-24 11:57:54.775497-05:00
834,996,COUNTER_OFFER,165750.00,14.393,48,"POLICY_EXCEPTION_APPROVED,CREDIT_OK,DSCR_OK",t.rivas,credit-policy-2024,366626.74,2.629,2026-02-23 04:41:54.587470-05:00,2026-02-23 04:42:10.369049-05:00
835,997,DECLINED,,,,INDUSTRY_RESTRICTED,s.whitfield,credit-policy-2025,135490.25,2.869,2026-02-19 14:06:47.298942-05:00,2026-02-19 14:07:12.409548-05:00
836,998,DECLINED,,,,"STACKED_DEBT,DSCR_BELOW_MIN",renee.blackwell,credit-policy-2024,621420.03,2.523,2026-02-26 04:12:27.389557-05:00,2026-02-26 04:12:39.019893-05:00
837,999,APPROVED,26000.00,26.55,36,TIB_OK,renee.blackwell,credit-policy-2025,142541.90,2.497,2026-03-03 09:35:23.905658-05:00,2026-03-03 09:35:47.623637-05:00
838,1000,APPROVED,735000.00,21.387,84,"MANUAL_OVERRIDE_RB, COLLATERAL_OK",renee.blackwell,credit-policy-2025,1975489.85,3.129,2026-03-01 06:58:59.687046-05:00,2026-03-01 06:59:18.811766-05:00
839,1001,APPROVED,167500.00,13.521,24,"DSCR_OK, CREDIT_OK, POLICY_EXCEPTION_APPROVED",d.pham,credit-policy-2024,376997.33,1.035,2026-03-12 17:53:49.323293-05:00,2026-03-12 17:53:53.398935-05:00
840,1004,APPROVED,348500.00,21.022,48,REVENUE_VERIFIED,j.beaumont,credit-policy-2025,1203505.45,1.934,2026-02-20 01:40:20.538373-05:00,2026-02-20 01:40:33.471660-05:00
841,1005,DECLINED,,,,"REVENUE_BELOW_MIN,DSCR_BELOW_MIN,NSF_ACTIVITY,INDUSTRY_RESTRICTED",s.whitfield,credit-policy-2024,426905.51,2.11,2026-03-01 04:05:11.448770-05:00,2026-03-01 04:05:31.844048-05:00
842,1006,APPROVED,85000.00,26.034,60,MANUAL_OVERRIDE_RB,m.okonkwo,credit-policy-2025,110479.91,2.508,2026-03-03 00:37:02.520612-05:00,2026-03-03 00:37:31.970123-05:00
843,1007,DECLINED,,,,"UNVERIFIED_REVENUE,STACKED_DEBT,NSF_ACTIVITY",t.rivas,credit-policy-2025,1132296.84,1.769,2026-02-27 05:40:50.161249-05:00,2026-02-27 05:41:18.869766-05:00
844,1008,DECLINED,,,,"COLLATERAL_SHORTFALL, EXISTING_DEBT",p.deshmukh,credit-policy-FINAL2,525832.37,0.979,2026-02-23 20:52:03.767265-05:00,2026-02-23 20:52:14.195715-05:00
845,1009,APPROVED,31000.00,13.254,36,"REVENUE_VERIFIED,DSCR_OK",p.deshmukh,credit-policy-2025,85718.58,1.204,2026-03-14 01:47:51.481875-05:00,2026-03-14 01:48:00.550362-05:00
846,1010,COUNTER_OFFER,385000.00,15.679,60,"MANUAL_OVERRIDE_RB,TIB_OK",a.castellanos,credit-policy-2025,1135354.12,2.079,2026-02-26 16:39:37.967043-05:00,2026-02-26 16:40:05.732767-05:00
847,1011,DECLINED,,,,"DSCR_BELOW_MIN,TIME_IN_BUSINESS,UNVERIFIED_REVENUE,REVENUE_BELOW_MIN",m.okonkwo,credit-policy-2025,590420.18,2.793,2026-03-01 23:20:10.262892-05:00,2026-03-01 23:20:32.807432-05:00
848,1012,APPROVED,270000.00,17.676,60,"DSCR_OK,",c.obrien,credit-policy-2024,375434.08,2.405,2026-02-28 09:31:12.172973-05:00,2026-02-28 09:31:30.441667-05:00
849,1013,APPROVED,28050.00,25.648,36,POLICY_EXCEPTION_APPROVED,a.castellanos,credit-policy-FINAL2,86007.62,2.66,2026-02-23 10:34:15.966426-05:00,2026-02-23 10:34:30.263341-05:00
850,1014,APPROVED,212500.00,17.261,24,"TIB_OK,REVENUE_VERIFIED,POLICY_EXCEPTION_APPROVED",k.abernathy,credit-policy-FINAL2,614395.95,2.609,2026-02-27 07:40:51.936542-05:00,2026-02-27 07:40:59.673516-05:00
851,1015,DECLINED,,,,EXISTING_DEBT,c.obrien,credit-policy-2025,359292.35,1.377,2026-03-26 06:18:54.522268-05:00,2026-03-26 06:19:20.088599-05:00
852,1016,DECLINED,,,,"TIME_IN_BUSINESS,EXISTING_DEBT",t.rivas,credit-policy-2025,72803.96,1.736,2026-02-28 22:01:09.350826-05:00,2026-02-28 22:01:21.294926-05:00
853,1017,APPROVED,415000.00,17.959,48,"MANUAL_OVERRIDE_RB,TIB_OK",p.deshmukh,credit-policy-2025,766624.80,1.501,2026-03-12 17:23:39.884635-05:00,2026-03-12 17:23:59.091133-05:00
854,1019,APPROVED,295000.00,7.424,12,CREDIT_OK,renee.blackwell,credit-policy-2025,2472937.43,2.206,2026-02-23 11:07:26.740743-05:00,2026-02-23 11:07:40.894154-05:00
855,1020,APPROVED,234500.00,26.348,12,"REVENUE_VERIFIED, TIB_OK",s.whitfield,credit-policy-2025,447030.62,2.443,2026-02-26 16:02:02.128084-05:00,2026-02-26 16:02:27.441427-05:00
856,1021,APPROVED,100000.00,22.752,12,,renee.blackwell,credit-policy-2025,151781.45,2.494,2026-03-04 11:34:53.975804-05:00,2026-03-04 11:35:07.367483-05:00
857,1022,DECLINED,,,,"COLLATERAL_SHORTFALL, NSF_ACTIVITY",d.pham,credit-policy-2024,267173.45,0.911,2026-02-25 08:54:25.627247-05:00,2026-02-25 08:54:50.458257-05:00
858,1023,APPROVED,420000.00,9.895,12,"DSCR_OK,REVENUE_VERIFIED,",a.castellanos,credit-policy-2025,1080085.60,1.365,2026-03-08 10:03:10.719926-05:00,2026-03-08 10:03:24.265395-05:00
859,1024,APPROVED,590000.00,18.133,60,"DSCR_OK, MANUAL_OVERRIDE_RB, CREDIT_OK",l.nakamura,credit-policy-2024,1504511.97,1.468,2026-02-25 06:43:41.085199-05:00,2026-02-25 06:43:56.332330-05:00
860,1026,DECLINED,,,,EXISTING_DEBT,l.nakamura,credit-policy-2025,61256.79,2.872,2026-03-02 04:36:52.195120-05:00,2026-03-02 04:37:10.290789-05:00
861,1027,DECLINED,,,,"STACKED_DEBT, TIME_IN_BUSINESS",a.castellanos,credit-policy-FINAL2,260816.82,1.047,2026-03-08 02:52:12.258442-05:00,2026-03-08 02:52:30.360354-05:00
862,1028,DECLINED,,,,"NSF_ACTIVITY, STACKED_DEBT, TIME_IN_BUSINESS",j.beaumont,credit-policy-2025,500347.55,2.846,2026-02-25 07:33:59.303907-05:00,2026-02-25 07:34:00.691184-05:00
863,1029,APPROVED,44200.00,14.289,36,"MANUAL_OVERRIDE_RB, REVENUE_VERIFIED, TIB_OK,",a.castellanos,credit-policy-2024,188391.79,2.127,2026-02-24 10:27:19.988572-05:00,2026-02-24 10:27:41.965232-05:00
864,1031,DECLINED,,,,"STACKED_DEBT,TIME_IN_BUSINESS,INDUSTRY_RESTRICTED,DSCR_BELOW_MIN",j.beaumont,credit-policy-2025,643734.16,1.09,2026-03-14 08:01:48.596420-05:00,2026-03-14 08:02:14.696970-05:00
865,1032,APPROVED,38250.00,10.615,60,"COLLATERAL_OK,POLICY_EXCEPTION_APPROVED",s.whitfield,credit-policy-2025,101068.75,0.794,2026-03-01 02:45:13.278296-05:00,2026-03-01 02:45:19.599658-05:00
866,1033,DECLINED,,,,"INDUSTRY_RESTRICTED, EXISTING_DEBT, NSF_ACTIVITY, TIME_IN_BUSINESS",j.beaumont,credit-policy-2024,61920.24,0.764,2026-02-21 03:58:13.582706-05:00,2026-02-21 03:58:20.179821-05:00
867,1034,DECLINED,,,,"UNVERIFIED_REVENUE,EXISTING_DEBT,REVENUE_BELOW_MIN",m.okonkwo,credit-policy-2024,117621.73,1.163,2026-02-28 16:39:07.298999-05:00,2026-02-28 16:39:34.852611-05:00
868,1035,APPROVED,61600.00,9.172,36,"COLLATERAL_OK, POLICY_EXCEPTION_APPROVED, TIB_OK",s.whitfield,credit-policy-2025,140164.99,0.938,2026-03-05 11:24:51.030130-05:00,2026-03-05 11:25:08.759834-05:00
869,1036,DECLINED,,,,"NSF_ACTIVITY,EXISTING_DEBT",k.abernathy,credit-policy-2024,188724.63,3.138,2026-04-14 05:16:17.776785-05:00,2026-04-14 05:16:38.190831-05:00
870,1037,APPROVED,590000.00,12.601,24,"TIB_OK, DSCR_OK, MANUAL_OVERRIDE_RB",j.beaumont,credit-policy-FINAL2,777467.97,1.342,2026-02-25 02:31:50.501101-05:00,2026-02-25 02:32:05.905256-05:00
871,1038,DECLINED,,,,"TIME_IN_BUSINESS, INDUSTRY_RESTRICTED, COLLATERAL_SHORTFALL",k.abernathy,credit-policy-FINAL2,1361301.96,2.422,2026-03-13 06:24:03.863134-05:00,2026-03-13 06:24:22.252433-05:00
872,1039,APPROVED,115000.00,10.561,84,"REVENUE_VERIFIED,MANUAL_OVERRIDE_RB,COLLATERAL_OK",l.nakamura,credit-policy-2025,325545.28,2.9,2026-02-28 15:20:58.512081-05:00,2026-02-28 15:21:20.407005-05:00
873,1040,APPROVED,445000.00,14.627,48,TIB_OK,renee.blackwell,credit-policy-FINAL2,688046.82,3.38,2026-02-27 14:22:53.707360-05:00,2026-02-27 14:23:06.983247-05:00
874,1042,APPROVED,87500.00,19.137,84,"COLLATERAL_OK,POLICY_EXCEPTION_APPROVED,MANUAL_OVERRIDE_RB",c.obrien,credit-policy-2024,178341.89,2.704,2026-03-01 00:07:08.329483-05:00,2026-03-01 00:07:22.293508-05:00
875,1043,COUNTER_OFFER,510000.00,11.028,48,MANUAL_OVERRIDE_RB,j.beaumont,credit-policy-2025,1347983.70,3.208,2026-03-06 17:08:47.662806-05:00,2026-03-06 17:08:56.594446-05:00
876,1045,APPROVED,310000.00,11.875,48,"COLLATERAL_OK,POLICY_EXCEPTION_APPROVED,DSCR_OK",l.nakamura,credit-policy-2025,319426.85,2.301,2026-02-22 20:01:50.917641-05:00,2026-02-22 20:01:58.889103-05:00
877,1046,APPROVED,19000.00,23.728,48,"TIB_OK, CREDIT_OK, MANUAL_OVERRIDE_RB",m.okonkwo,credit-policy-2024,166324.64,3.163,2026-03-03 14:26:30.880207-05:00,2026-03-03 14:26:44.479616-05:00
878,1047,DECLINED,,,,COLLATERAL_SHORTFALL,k.abernathy,credit-policy-FINAL2,312866.18,1.49,2026-03-13 15:33:29.311194-05:00,2026-03-13 15:33:54.446060-05:00
879,1048,APPROVED,125000.00,23.107,36,"TIB_OK, POLICY_EXCEPTION_APPROVED",j.beaumont,credit-policy-FINAL2,206316.49,3.383,2026-03-01 13:00:55.856564-05:00,2026-03-01 13:01:03.593412-05:00
880,1049,DECLINED,,,,STACKED_DEBT,s.whitfield,credit-policy-2025,99229.73,2.983,2026-02-27 02:41:06.438366-05:00,2026-02-27 02:41:20.077975-05:00
881,1050,DECLINED,,,,INDUSTRY_RESTRICTED,k.abernathy,credit-policy-2024,259874.25,2.888,2026-03-05 17:22:35.194784-05:00,2026-03-05 17:22:44.437977-05:00
882,1051,DECLINED,,,,EXISTING_DEBT,s.whitfield,credit-policy-2025,1122089.15,2.671,2026-03-07 07:01:07.540066-05:00,2026-03-07 07:01:11.255197-05:00
883,1052,APPROVED,199750.00,13.473,60,"TIB_OK,REVENUE_VERIFIED,COLLATERAL_OK",p.deshmukh,credit-policy-2025,69428.16,1.538,2026-03-06 13:37:28.884313-05:00,2026-03-06 13:37:40.341527-05:00
884,1053,APPROVED,476000.00,27.237,12,TIB_OK,t.rivas,credit-policy-2025,1209657.13,1.799,2026-03-16 05:26:42.927400-05:00,2026-03-16 05:26:52.969249-05:00
885,1054,APPROVED,82450.00,21.181,48,"TIB_OK,COLLATERAL_OK,REVENUE_VERIFIED",l.nakamura,credit-policy-2024,108416.74,3.269,2026-03-20 11:22:50.027284-05:00,2026-03-20 11:22:58.930454-05:00
886,1055,APPROVED,114750.00,13.432,24,"MANUAL_OVERRIDE_RB,TIB_OK,CREDIT_OK",renee.blackwell,credit-policy-FINAL2,244337.71,1.873,2026-03-08 17:08:34.162192-05:00,2026-03-08 17:08:49.781611-05:00
887,1056,APPROVED,234500.00,24.795,24,"POLICY_EXCEPTION_APPROVED,TIB_OK",a.castellanos,credit-policy-2025,628135.62,1.249,2026-02-24 10:03:15.258964-05:00,2026-02-24 10:03:18.781839-05:00
888,1057,DECLINED,,,,"CREDIT_SCORE,INDUSTRY_RESTRICTED,COLLATERAL_SHORTFALL,TIME_IN_BUSINESS",m.okonkwo,credit-policy-2025,2356767.35,1.479,2026-02-26 16:25:23.720319-05:00,2026-02-26 16:25:52.507633-05:00
889,1061,APPROVED,360500.00,16.802,60,"TIB_OK,REVENUE_VERIFIED",t.rivas,credit-policy-2025,845731.34,2.898,2026-02-25 18:08:05.752459-05:00,2026-02-25 18:08:17.301628-05:00
890,1062,DECLINED,,,,"TIME_IN_BUSINESS,DSCR_BELOW_MIN",m.okonkwo,credit-policy-2024,243202.12,2.483,2026-02-26 21:22:14.252708-05:00,2026-02-26 21:22:38.606082-05:00
891,1063,DECLINED,,,,COLLATERAL_SHORTFALL,s.whitfield,credit-policy-FINAL2,467122.62,1.492,2026-02-22 00:21:25.061890-05:00,2026-02-22 00:21:43.392272-05:00
892,1064,DECLINED,,,,UNVERIFIED_REVENUE,c.obrien,credit-policy-2024,435845.00,2.343,2026-03-06 00:30:20.751705-05:00,2026-03-06 00:30:26.958633-05:00
893,1065,DECLINED,,,,"CREDIT_SCORE,REVENUE_BELOW_MIN",m.okonkwo,credit-policy-2025,156589.75,2.905,2026-03-05 22:54:15.729302-05:00,2026-03-05 22:54:22.447954-05:00
894,1066,APPROVED,257500.00,15.238,24,"MANUAL_OVERRIDE_RB,COLLATERAL_OK,DSCR_OK",renee.blackwell,credit-policy-2025,625814.24,1.07,2026-02-27 05:57:30.769291-05:00,2026-02-27 05:57:56.235231-05:00
895,1067,APPROVED,35000.00,26.575,48,"TIB_OK, POLICY_EXCEPTION_APPROVED",t.rivas,credit-policy-2024,72445.34,1.755,2026-03-14 02:05:16.301871-05:00,2026-03-14 02:05:28.593010-05:00
896,1068,APPROVED,13000.00,19.26,36,"CREDIT_OK,REVENUE_VERIFIED,COLLATERAL_OK",k.abernathy,credit-policy-2025,80692.26,1.261,2026-02-28 03:56:26.312079-05:00,2026-02-28 03:56:39.604637-05:00
897,1069,APPROVED,147500.00,21.411,24,"DSCR_OK,REVENUE_VERIFIED",k.abernathy,credit-policy-FINAL2,416531.77,3.112,2026-02-26 13:03:00.129950-05:00,2026-02-26 13:03:23.795652-05:00
898,1070,DECLINED,,,,"UNVERIFIED_REVENUE,COLLATERAL_SHORTFALL,TIME_IN_BUSINESS",s.whitfield,credit-policy-2025,168768.66,2.828,2026-02-23 09:02:00.209423-05:00,2026-02-23 09:02:21.552232-05:00
899,1071,DECLINED,,,,"COLLATERAL_SHORTFALL,INDUSTRY_RESTRICTED",renee.blackwell,credit-policy-FINAL2,430501.48,2.841,2026-03-05 02:58:50.280408-05:00,2026-03-05 02:58:53.643493-05:00
900,1072,APPROVED,374500.00,23.917,24,,j.beaumont,credit-policy-2025,722281.66,3.04,2026-03-06 07:02:40.404310-05:00,2026-03-06 07:02:56.777469-05:00
901,1073,APPROVED,573750.00,10.361,84,"CREDIT_OK,MANUAL_OVERRIDE_RB",d.pham,credit-policy-2025,1691803.09,3.058,2026-02-25 23:09:22.277036-05:00,2026-02-25 23:09:30.602044-05:00
902,1075,APPROVED,140000.00,17.363,24,MANUAL_OVERRIDE_RB,l.nakamura,credit-policy-2025,159412.79,2.629,2026-03-06 00:49:32.977840-05:00,2026-03-06 00:49:51.625698-05:00
903,1076,DECLINED,,,,"COLLATERAL_SHORTFALL,NSF_ACTIVITY,TIME_IN_BUSINESS,STACKED_DEBT",p.deshmukh,credit-policy-FINAL2,52145.57,3.111,2026-03-08 03:52:59.635196-05:00,2026-03-08 03:53:01.008049-05:00
904,1077,APPROVED,450000.00,28.689,24,COLLATERAL_OK,l.nakamura,credit-policy-2025,1459797.20,1.938,2026-02-23 21:04:42.423180-05:00,2026-02-23 21:04:56.099617-05:00
905,1078,APPROVED,112500.00,26.038,84,DSCR_OK,m.okonkwo,credit-policy-FINAL2,386143.22,3.333,2026-03-02 01:25:27.117973-05:00,2026-03-02 01:25:37.731577-05:00
906,1079,APPROVED,114750.00,11.389,12,MANUAL_OVERRIDE_RB,d.pham,credit-policy-2025,149950.50,2.898,2026-03-19 21:35:17.991306-05:00,2026-03-19 21:35:27.900323-05:00
907,1081,DECLINED,,,,NSF_ACTIVITY,t.rivas,credit-policy-2025,181516.08,2.535,2026-02-27 06:49:23.552268-05:00,2026-02-27 06:49:27.824751-05:00
908,1082,APPROVED,31000.00,25.804,12,REVENUE_VERIFIED,t.rivas,credit-policy-2025,121877.56,2.904,2026-03-05 20:18:41.063041-05:00,2026-03-05 20:18:52.024216-05:00
909,1083,DECLINED,,,,CREDIT_SCORE,k.abernathy,credit-policy-2025,327578.24,1.785,2026-02-27 03:57:19.015604-05:00,2026-02-27 03:57:44.514829-05:00
910,1084,APPROVED,245000.00,22.496,84,"DSCR_OK,POLICY_EXCEPTION_APPROVED,COLLATERAL_OK",d.pham,credit-policy-FINAL2,228721.25,3.197,2026-02-25 13:09:26.477010-05:00,2026-02-25 13:09:31.017425-05:00
911,1085,COUNTER_OFFER,185500.00,14.562,84,,j.beaumont,credit-policy-2025,263339.25,1.682,2026-04-26 16:06:47.302686-05:00,2026-04-26 16:06:50.587445-05:00
912,1086,DECLINED,,,,"DSCR_BELOW_MIN, INDUSTRY_RESTRICTED",t.rivas,credit-policy-2025,141166.77,2.708,2026-03-07 22:01:07.461735-05:00,2026-03-07 22:01:10.783257-05:00
913,1087,APPROVED,26600.00,8.881,60,"COLLATERAL_OK,REVENUE_VERIFIED,TIB_OK",d.pham,credit-policy-2024,93717.85,2.182,2026-03-09 09:29:24.634745-05:00,2026-03-09 09:29:43.641604-05:00
914,1088,APPROVED,153000.00,27.276,84,"POLICY_EXCEPTION_APPROVED,COLLATERAL_OK",k.abernathy,credit-policy-FINAL2,308247.69,0.743,2026-02-27 07:10:31.368205-05:00,2026-02-27 07:10:33.202847-05:00
915,1091,APPROVED,225000.00,14.715,48,COLLATERAL_OK,c.obrien,credit-policy-2025,410109.61,1.362,2026-03-09 02:49:05.066519-05:00,2026-03-09 02:49:22.744019-05:00
916,1092,APPROVED,28000.00,19.146,84,"MANUAL_OVERRIDE_RB, CREDIT_OK, DSCR_OK,",p.deshmukh,credit-policy-2024,101782.80,2.391,2026-02-23 23:53:10.299135-05:00,2026-02-23 23:53:24.915700-05:00
917,1093,DECLINED,,,,"STACKED_DEBT,COLLATERAL_SHORTFALL",s.whitfield,credit-policy-FINAL2,84743.41,2.067,2026-03-10 05:03:43.960034-05:00,2026-03-10 05:04:11.586840-05:00
918,1095,DECLINED,,,,"DSCR_BELOW_MIN, STACKED_DEBT, EXISTING_DEBT,",renee.blackwell,credit-policy-2024,285045.13,1.839,2026-03-06 01:43:11.502365-05:00,2026-03-06 01:43:13.809994-05:00
919,1096,DECLINED,,,,"COLLATERAL_SHORTFALL,NSF_ACTIVITY",c.obrien,credit-policy-2025,335740.62,1.439,2026-02-28 22:08:34.552042-05:00,2026-02-28 22:08:46.880034-05:00
920,1097,APPROVED,53000.00,17.688,84,TIB_OK,t.rivas,credit-policy-2025,68058.82,1.569,2026-02-21 06:53:22.344978-05:00,2026-02-21 06:53:25.319614-05:00
921,1098,DECLINED,,,,"INDUSTRY_RESTRICTED,DSCR_BELOW_MIN,STACKED_DEBT",a.castellanos,credit-policy-2025,157150.07,2.506,2026-02-23 13:39:06.361665-05:00,2026-02-23 13:39:11.099405-05:00
922,1099,APPROVED,370000.00,20.802,48,"COLLATERAL_OK,CREDIT_OK",renee.blackwell,credit-policy-2024,426239.54,2.354,2026-02-26 23:15:23.464642-05:00,2026-02-26 23:15:26.873415-05:00
923,1101,DECLINED,,,,TIME_IN_BUSINESS,j.beaumont,credit-policy-FINAL2,306789.56,3.364,2026-02-23 15:25:18.720741-05:00,2026-02-23 15:25:46.621813-05:00
924,1102,APPROVED,615000.00,7.632,60,MANUAL_OVERRIDE_RB,m.okonkwo,credit-policy-2025,689839.39,1.179,2026-03-10 14:53:57.944001-05:00,2026-03-10 14:54:14.157087-05:00
925,1103,APPROVED,65000.00,16.665,12,"REVENUE_VERIFIED,MANUAL_OVERRIDE_RB",p.deshmukh,credit-policy-2025,251755.65,3.32,2026-03-01 21:29:34.252865-05:00,2026-03-01 21:29:36.577955-05:00
926,1104,APPROVED,210000.00,11.044,36,"REVENUE_VERIFIED,COLLATERAL_OK",l.nakamura,credit-policy-2025,458542.63,2.527,2026-02-24 12:30:46.011079-05:00,2026-02-24 12:31:03.330410-05:00
927,1106,APPROVED,302500.00,13.479,48,"DSCR_OK,TIB_OK",k.abernathy,credit-policy-2025,1336393.33,1.544,2026-02-24 19:07:49.938195-05:00,2026-02-24 19:08:01.255322-05:00
928,1108,DECLINED,,,,"CREDIT_SCORE,REVENUE_BELOW_MIN",k.abernathy,credit-policy-FINAL2,177765.38,3.065,2026-02-24 12:31:28.606578-05:00,2026-02-24 12:31:43.057404-05:00
929,1109,APPROVED,79050.00,22.964,24,"MANUAL_OVERRIDE_RB, TIB_OK",a.castellanos,credit-policy-FINAL2,146944.58,1.726,2026-03-05 22:14:49.777298-05:00,2026-03-05 22:14:54.721912-05:00
930,1110,APPROVED,25000.00,21.699,60,"COLLATERAL_OK,MANUAL_OVERRIDE_RB,TIB_OK",m.okonkwo,credit-policy-FINAL2,72479.92,3.12,2026-02-28 14:34:17.874702-05:00,2026-02-28 14:34:41.392999-05:00
931,1111,DECLINED,,,,"INDUSTRY_RESTRICTED,EXISTING_DEBT",m.okonkwo,credit-policy-2025,360976.80,3.027,2026-03-20 21:51:24.928756-05:00,2026-03-20 21:51:44.483637-05:00
932,1112,APPROVED,212500.00,26.76,60,"COLLATERAL_OK, REVENUE_VERIFIED",c.obrien,credit-policy-2025,276213.60,0.757,2026-02-24 14:47:19.678046-05:00,2026-02-24 14:47:25.424901-05:00
933,1113,DECLINED,,,,"STACKED_DEBT,INDUSTRY_RESTRICTED,",a.castellanos,credit-policy-FINAL2,20331.36,2.945,2026-03-12 02:05:23.376378-05:00,2026-03-12 02:05:42.871739-05:00
934,1114,APPROVED,287500.00,10.317,84,"MANUAL_OVERRIDE_RB, COLLATERAL_OK",c.obrien,credit-policy-2025,1828454.61,2.024,2026-03-03 01:27:22.795563-05:00,2026-03-03 01:27:27.207843-05:00
935,1115,APPROVED,26500.00,8.762,24,DSCR_OK,c.obrien,credit-policy-2024,138730.74,2.158,2026-03-08 17:13:10.198180-05:00,2026-03-08 17:13:22.447521-05:00
936,1117,APPROVED,24500.00,19.175,60,"MANUAL_OVERRIDE_RB, DSCR_OK, TIB_OK",renee.blackwell,credit-policy-2024,86746.85,1.82,2026-02-24 12:11:43.316071-05:00,2026-02-24 12:12:04.016309-05:00
937,1120,DECLINED,,,,"TIME_IN_BUSINESS, REVENUE_BELOW_MIN, DSCR_BELOW_MIN",k.abernathy,credit-policy-FINAL2,81722.41,1.352,2026-03-04 23:05:21.373903-05:00,2026-03-04 23:05:34.833858-05:00
938,1121,DECLINED,,,,REVENUE_BELOW_MIN,d.pham,credit-policy-2024,82524.85,2.285,2026-02-21 20:39:56.422410-05:00,2026-02-21 20:40:07.297798-05:00
939,1122,DECLINED,,,,"REVENUE_BELOW_MIN,EXISTING_DEBT,UNVERIFIED_REVENUE",a.castellanos,credit-policy-2025,127249.30,2.506,2026-03-01 17:12:34.987544-05:00,2026-03-01 17:12:50.348743-05:00
940,1123,APPROVED,72000.00,28.683,12,TIB_OK,t.rivas,credit-policy-2025,123079.94,1.042,2026-02-28 12:48:30.131212-05:00,2026-02-28 12:48:55.449835-05:00
941,1126,DECLINED,,,,"CREDIT_SCORE,DSCR_BELOW_MIN,EXISTING_DEBT",m.okonkwo,credit-policy-2025,143177.91,1.994,2026-03-05 00:14:57.648987-05:00,2026-03-05 00:15:13.452452-05:00
942,1127,DECLINED,,,,INDUSTRY_RESTRICTED,k.abernathy,credit-policy-2025,1242733.50,3.149,2026-03-11 13:02:31.871549-05:00,2026-03-11 13:02:38.184627-05:00
943,1128,APPROVED,41000.00,15.256,36,POLICY_EXCEPTION_APPROVED,p.deshmukh,credit-policy-2025,237055.59,1.399,2026-02-23 18:34:57.464768-05:00,2026-02-23 18:35:23.803090-05:00
944,1129,COUNTER_OFFER,101500.00,24.888,84,DSCR_OK,renee.blackwell,credit-policy-2024,89646.20,2.166,2026-02-23 12:47:26.169840-05:00,2026-02-23 12:47:42.990233-05:00
945,1130,APPROVED,46000.00,22.454,84,"REVENUE_VERIFIED,CREDIT_OK",j.beaumont,credit-policy-2025,14131.48,1.549,2026-03-03 02:12:55.656296-05:00,2026-03-03 02:12:58.986671-05:00
946,1131,APPROVED,37400.00,22.787,36,DSCR_OK,k.abernathy,credit-policy-FINAL2,31192.63,2.812,2026-02-24 01:58:35.953958-05:00,2026-02-24 01:59:01.666619-05:00
947,1134,COUNTER_OFFER,265000.00,28.853,84,"TIB_OK,",renee.blackwell,credit-policy-2025,444611.83,2.879,2026-03-01 06:11:07.395979-05:00,2026-03-01 06:11:12.976357-05:00
948,1135,APPROVED,52000.00,13.636,12,"DSCR_OK,REVENUE_VERIFIED,TIB_OK,",p.deshmukh,credit-policy-2024,30462.75,1.482,2026-03-07 14:00:46.663486-05:00,2026-03-07 14:00:51.701299-05:00
949,1136,APPROVED,740000.00,28.742,60,"COLLATERAL_OK,",m.okonkwo,credit-policy-2025,1061143.42,0.83,2026-02-25 05:54:17.465999-05:00,2026-02-25 05:54:21.964784-05:00
950,1138,APPROVED,225000.00,9.504,36,REVENUE_VERIFIED,a.castellanos,credit-policy-2024,402908.82,0.772,2026-02-27 12:03:26.967320-05:00,2026-02-27 12:03:37.899823-05:00
951,1139,APPROVED,68000.00,19.323,84,"TIB_OK, REVENUE_VERIFIED",s.whitfield,credit-policy-FINAL2,58106.59,3.093,2026-03-11 20:01:25.509825-05:00,2026-03-11 20:01:49.058405-05:00
952,1140,APPROVED,325000.00,24.734,24,"MANUAL_OVERRIDE_RB,CREDIT_OK,REVENUE_VERIFIED",renee.blackwell,credit-policy-2024,691245.67,1.333,2026-03-15 01:02:49.808044-05:00,2026-03-15 01:03:12.650970-05:00
953,1141,DECLINED,,,,TIME_IN_BUSINESS,c.obrien,credit-policy-2024,53986.88,2.926,2026-03-04 15:00:19.052202-05:00,2026-03-04 15:00:30.766164-05:00
954,1143,APPROVED,294000.00,11.939,48,"COLLATERAL_OK,REVENUE_VERIFIED",p.deshmukh,credit-policy-2025,876079.71,1.83,2026-03-02 11:40:38.728387-05:00,2026-03-02 11:40:43.848433-05:00
955,1144,APPROVED,18000.00,12.939,84,TIB_OK,renee.blackwell,credit-policy-2025,99616.92,1.522,2026-03-03 02:08:18.799469-05:00,2026-03-03 02:08:47.616515-05:00
956,1146,APPROVED,215000.00,14.388,48,"MANUAL_OVERRIDE_RB,TIB_OK",p.deshmukh,credit-policy-2025,229758.28,2.494,2026-03-19 19:15:40.634903-05:00,2026-03-19 19:15:46.404825-05:00
957,1147,COUNTER_OFFER,24000.00,20.593,36,"POLICY_EXCEPTION_APPROVED,CREDIT_OK,DSCR_OK",t.rivas,credit-policy-2025,104228.45,3.357,2026-03-01 18:23:48.616935-05:00,2026-03-01 18:24:14.742738-05:00
958,1148,DECLINED,,,,"INDUSTRY_RESTRICTED,COLLATERAL_SHORTFALL,REVENUE_BELOW_MIN",t.rivas,credit-policy-2025,84528.45,2.196,2026-02-28 15:50:16.020246-05:00,2026-02-28 15:50:21.214369-05:00
959,1149,APPROVED,171500.00,23.925,60,REVENUE_VERIFIED,k.abernathy,credit-policy-FINAL2,159958.67,1.502,2026-03-20 04:40:14.906851-05:00,2026-03-20 04:40:26.689737-05:00
960,1150,APPROVED,125000.00,26.358,36,"DSCR_OK, MANUAL_OVERRIDE_RB",a.castellanos,credit-policy-2025,208321.68,1.112,2026-02-25 07:33:34.492711-05:00,2026-02-25 07:33:53.195870-05:00
961,1151,APPROVED,527000.00,27.002,48,"POLICY_EXCEPTION_APPROVED,REVENUE_VERIFIED",renee.blackwell,credit-policy-2025,2330874.00,2.601,2026-02-24 06:59:24.947351-05:00,2026-02-24 06:59:28.326929-05:00
962,1152,APPROVED,205000.00,10.737,48,"POLICY_EXCEPTION_APPROVED,REVENUE_VERIFIED",j.beaumont,credit-policy-2025,269139.75,2.932,2026-03-01 06:58:10.694638-05:00,2026-03-01 06:58:16.256565-05:00
963,1153,APPROVED,110500.00,28.285,36,COLLATERAL_OK,renee.blackwell,credit-policy-2025,101114.59,2.411,2026-03-05 14:03:48.824325-05:00,2026-03-05 14:04:11.026742-05:00
964,1154,DECLINED,,,,"DSCR_BELOW_MIN, COLLATERAL_SHORTFALL, CREDIT_SCORE",s.whitfield,credit-policy-FINAL2,304107.51,3.185,2026-03-04 12:24:35.843833-05:00,2026-03-04 12:24:49.092534-05:00
965,1155,APPROVED,32000.00,20.044,24,"TIB_OK,MANUAL_OVERRIDE_RB,REVENUE_VERIFIED",m.okonkwo,credit-policy-2025,97688.67,3.283,2026-03-11 19:26:46.809539-05:00,2026-03-11 19:27:00.847231-05:00
966,1156,APPROVED,332500.00,21.002,36,COLLATERAL_OK,t.rivas,credit-policy-2025,724090.13,2.849,2026-03-11 18:48:49.106955-05:00,2026-03-11 18:49:10.836305-05:00
967,1157,APPROVED,41000.00,17.066,48,,renee.blackwell,credit-policy-2025,157733.63,1.672,2026-03-02 08:33:23.694035-05:00,2026-03-02 08:33:28.739744-05:00
968,1159,APPROVED,49500.00,15.626,84,"TIB_OK,POLICY_EXCEPTION_APPROVED,CREDIT_OK",m.okonkwo,credit-policy-2024,278383.71,1.262,2026-03-03 10:34:16.027667-05:00,2026-03-03 10:34:29.050076-05:00
969,1160,DECLINED,,,,"REVENUE_BELOW_MIN, INDUSTRY_RESTRICTED, NSF_ACTIVITY, UNVERIFIED_REVENUE",j.beaumont,credit-policy-2024,589310.27,2.745,2026-03-01 11:44:34.206799-05:00,2026-03-01 11:44:55.605849-05:00
970,1161,APPROVED,105000.00,18.232,48,CREDIT_OK,k.abernathy,credit-policy-2024,257940.66,2.671,2026-02-23 07:54:40.857991-05:00,2026-02-23 07:55:04.755439-05:00
971,1164,DECLINED,,,,"COLLATERAL_SHORTFALL,TIME_IN_BUSINESS",a.castellanos,credit-policy-2025,441657.10,1.62,2026-02-22 23:42:45.155055-05:00,2026-02-22 23:43:11.242403-05:00
972,1165,DECLINED,,,,"CREDIT_SCORE,REVENUE_BELOW_MIN,UNVERIFIED_REVENUE",s.whitfield,credit-policy-2025,92428.43,2.941,2026-03-13 11:59:53.390051-05:00,2026-03-13 12:00:01.794099-05:00
973,1166,DECLINED,,,,"DSCR_BELOW_MIN,CREDIT_SCORE,STACKED_DEBT",c.obrien,credit-policy-2025,227026.87,1.67,2026-02-22 06:15:43.410041-05:00,2026-02-22 06:15:47.489101-05:00
974,1167,DECLINED,,,,"DSCR_BELOW_MIN,",p.deshmukh,credit-policy-FINAL2,359529.08,1.333,2026-02-28 21:52:35.863933-05:00,2026-02-28 21:52:37.583461-05:00
975,1168,APPROVED,285000.00,12.68,48,"MANUAL_OVERRIDE_RB,REVENUE_VERIFIED,",renee.blackwell,credit-policy-2025,113130.19,1.415,2026-02-28 16:23:14.737579-05:00,2026-02-28 16:23:34.696208-05:00
976,1169,APPROVED,175000.00,11.013,24,"REVENUE_VERIFIED,COLLATERAL_OK,TIB_OK",j.beaumont,credit-policy-2024,499178.91,0.844,2026-03-03 07:10:38.739207-05:00,2026-03-03 07:10:49.562140-05:00
977,1170,DECLINED,,,,"NSF_ACTIVITY,CREDIT_SCORE,EXISTING_DEBT",k.abernathy,credit-policy-2025,271286.26,2.093,2026-03-02 22:29:12.489289-05:00,2026-03-02 22:29:40.577946-05:00
978,1171,APPROVED,390000.00,18.666,24,"MANUAL_OVERRIDE_RB,COLLATERAL_OK",m.okonkwo,credit-policy-2025,530234.83,1.49,2026-02-25 01:56:11.329445-05:00,2026-02-25 01:56:18.136647-05:00
979,1172,APPROVED,285000.00,21.078,12,POLICY_EXCEPTION_APPROVED,t.rivas,credit-policy-2024,560397.31,1.59,2026-03-02 00:38:29.029262-05:00,2026-03-02 00:38:45.412663-05:00
980,1173,APPROVED,204000.00,19.197,84,"TIB_OK,REVENUE_VERIFIED",m.okonkwo,credit-policy-2024,648746.07,2.67,2026-02-23 03:14:14.137904-05:00,2026-02-23 03:14:23.867382-05:00
981,1174,APPROVED,59000.00,22.824,12,"DSCR_OK,CREDIT_OK",m.okonkwo,credit-policy-FINAL2,185340.71,2.121,2026-02-28 14:49:00.704969-05:00,2026-02-28 14:49:08.376949-05:00
982,1175,APPROVED,112000.00,19.781,36,"MANUAL_OVERRIDE_RB,DSCR_OK",d.pham,credit-policy-2025,296096.27,2.283,2026-02-25 14:09:48.980921-05:00,2026-02-25 14:10:17.185366-05:00
983,1176,DECLINED,,,,"EXISTING_DEBT,TIME_IN_BUSINESS,DSCR_BELOW_MIN",renee.blackwell,credit-policy-2025,84586.99,1.582,2026-03-07 09:36:36.139130-05:00,2026-03-07 09:36:39.075999-05:00
984,1177,DECLINED,,,,"REVENUE_BELOW_MIN, STACKED_DEBT, INDUSTRY_RESTRICTED, UNVERIFIED_REVENUE",a.castellanos,credit-policy-2025,1107935.01,2.155,2026-02-27 09:37:03.735572-05:00,2026-02-27 09:37:28.860401-05:00
985,1178,APPROVED,105000.00,13.244,84,"REVENUE_VERIFIED,DSCR_OK",a.castellanos,credit-policy-2024,76839.14,1.138,2026-03-06 12:22:22.402290-05:00,2026-03-06 12:22:39.161779-05:00
986,1179,APPROVED,311500.00,13.173,24,COLLATERAL_OK,m.okonkwo,credit-policy-2025,463514.38,1.007,2026-02-24 14:02:43.999690-05:00,2026-02-24 14:03:11.364600-05:00
987,1181,APPROVED,150000.00,12.893,84,"POLICY_EXCEPTION_APPROVED,TIB_OK,REVENUE_VERIFIED",t.rivas,credit-policy-2024,318081.45,1.521,2026-03-01 07:43:06.691369-05:00,2026-03-01 07:43:35.201282-05:00
988,1183,APPROVED,17500.00,20.552,36,"COLLATERAL_OK, CREDIT_OK,",p.deshmukh,credit-policy-FINAL2,79081.69,2.179,2026-04-03 23:52:22.769663-05:00,2026-04-03 23:52:28.790484-05:00
989,1184,APPROVED,130000.00,17.011,84,"CREDIT_OK,DSCR_OK,",s.whitfield,credit-policy-2024,277499.20,1.918,2026-03-04 03:25:14.971170-05:00,2026-03-04 03:25:25.558025-05:00
990,1185,APPROVED,165000.00,18.463,24,"COLLATERAL_OK,REVENUE_VERIFIED",m.okonkwo,credit-policy-2025,313199.02,1.47,2026-02-22 20:31:23.148262-05:00,2026-02-22 20:31:42.135286-05:00
991,1186,APPROVED,65000.00,12.328,84,"CREDIT_OK,POLICY_EXCEPTION_APPROVED",d.pham,credit-policy-FINAL2,305092.52,2.055,2026-03-02 02:37:54.757272-05:00,2026-03-02 02:38:08.142397-05:00
992,1187,DECLINED,,,,TIME_IN_BUSINESS,k.abernathy,credit-policy-2025,82744.63,0.915,2026-03-02 10:41:28.461204-05:00,2026-03-02 10:41:30.146596-05:00
993,1188,APPROVED,97000.00,10.094,48,"DSCR_OK, REVENUE_VERIFIED",renee.blackwell,credit-policy-FINAL2,83857.02,1.058,2026-02-25 23:12:22.469606-05:00,2026-02-25 23:12:32.869362-05:00
994,1189,APPROVED,507500.00,17.932,12,"MANUAL_OVERRIDE_RB,CREDIT_OK",l.nakamura,credit-policy-FINAL2,1333822.85,1.974,2026-02-24 02:07:21.190585-05:00,2026-02-24 02:07:35.515797-05:00
995,1190,APPROVED,616250.00,25.742,36,"TIB_OK,MANUAL_OVERRIDE_RB",m.okonkwo,credit-policy-2025,1842056.48,2.179,2026-02-28 21:53:05.149803-05:00,2026-02-28 21:53:28.644392-05:00
996,1191,APPROVED,415000.00,12.674,36,"POLICY_EXCEPTION_APPROVED, TIB_OK, MANUAL_OVERRIDE_RB",t.rivas,credit-policy-2024,1540516.61,1.616,2026-03-03 08:36:25.013512-05:00,2026-03-03 08:36:51.244958-05:00
997,1192,DECLINED,,,,"EXISTING_DEBT,REVENUE_BELOW_MIN,TIME_IN_BUSINESS,STACKED_DEBT,",renee.blackwell,credit-policy-2025,132361.16,0.714,2026-02-24 10:59:58.771974-05:00,2026-02-24 11:00:03.326399-05:00
998,1193,APPROVED,19000.00,13.185,24,POLICY_EXCEPTION_APPROVED,renee.blackwell,credit-policy-2025,83543.25,1.656,2026-03-31 07:55:41.539089-05:00,2026-03-31 07:56:10.254314-05:00
999,1194,DECLINED,,,,INDUSTRY_RESTRICTED,j.beaumont,credit-policy-FINAL2,77952.71,1.068,2026-02-25 11:39:22.875989-05:00,2026-02-25 11:39:48.422679-05:00
1000,1195,APPROVED,190000.00,17.362,84,REVENUE_VERIFIED,j.beaumont,credit-policy-2024,72672.75,1.965,2026-02-28 20:04:05.383709-05:00,2026-02-28 20:04:32.505527-05:00
1001,1196,DECLINED,,,,REVENUE_BELOW_MIN,t.rivas,credit-policy-2025,302147.24,1.83,2026-02-26 21:55:48.166244-05:00,2026-02-26 21:56:11.516952-05:00
1002,1197,APPROVED,93500.00,13.877,60,"DSCR_OK, MANUAL_OVERRIDE_RB",m.okonkwo,credit-policy-FINAL2,121242.27,2.177,2026-02-27 23:30:25.829025-05:00,2026-02-27 23:30:51.007079-05:00
1003,1198,APPROVED,105000.00,27.475,24,"CREDIT_OK,REVENUE_VERIFIED,COLLATERAL_OK",d.pham,credit-policy-2025,139745.35,3.084,2026-03-06 02:05:10.243680-05:00,2026-03-06 02:05:24.472982-05:00
1004,1199,APPROVED,240000.00,14.26,84,,c.obrien,credit-policy-2025,331526.55,2.054,2026-03-22 16:54:02.976802-05:00,2026-03-22 16:54:07.770856-05:00
