signal_id,application_id,vendor,score,band,reason_codes,raw_response,vendor_latency_ms,received_at
1,1,SENTINEL,246,LOW,"IP_PROXY,VELOCITY_APPLICANT,SYNTHETIC_ID_PATTERN","{""requestId"":""sen-9e3779b1"",""score"":246,""band"":""LOW"",""reasonCodes"":[""IP_PROXY"",""VELOCITY_APPLICANT"",""SYNTHETIC_ID_PATTERN""],""modelVersion"":""sr-4.1""}",2054,2026-02-02 10:07:47.632969-05:00
2,3,SENTINEL,125,LOW,"IDENTITY_MISMATCH,PHONE_CARRIER_RISK,EMAIL_AGE_LOW","{""requestId"":""sen-daa66d14"",""score"":125,""band"":""LOW"",""reasonCodes"":[""IDENTITY_MISMATCH"",""PHONE_CARRIER_RISK"",""EMAIL_AGE_LOW""],""modelVersion"":""sr-4.1""}",520,2026-02-02 08:37:35.531019-05:00
3,5,SENTINEL,516,MEDIUM,"DEVICE_REPUTATION,IDENTITY_MISMATCH","{""requestId"":""sen-17156078"",""score"":516,""band"":""MEDIUM"",""reasonCodes"":[""DEVICE_REPUTATION"",""IDENTITY_MISMATCH""],""modelVersion"":""sr-4.1""}",1784,2026-02-02 10:09:37.154608-05:00
4,6,SENTINEL,438,MEDIUM,"IP_PROXY,BANK_ACCOUNT_AGE","{""requestId"":""sen-b54cda29"",""score"":438,""band"":""MEDIUM"",""reasonCodes"":[""IP_PROXY"",""BANK_ACCOUNT_AGE""],""modelVersion"":""sr-4.2""}",888,2026-02-02 11:58:23.568212-05:00
5,7,SENTINEL,26,LOW,,"{""requestId"":""sen-538453db"",""score"":26,""band"":""LOW"",""reasonCodes"":null,""modelVersion"":""sr-4.2""}",1170,2026-02-02 13:06:39.367584-05:00
6,8,SENTINEL,220,LOW,"IP_PROXY,IDENTITY_MISMATCH,EMAIL_AGE_LOW","{""requestId"":""sen-f1bbcd8c"",""score"":220,""band"":""LOW"",""reasonCodes"":[""IP_PROXY"",""IDENTITY_MISMATCH"",""EMAIL_AGE_LOW""],""modelVersion"":""sr-4.2""}",7014,2026-02-02 14:01:03.622519-05:00
7,9,SENTINEL,269,LOW,DEVICE_REPUTATION,"{""requestId"":""sen-8ff3473e"",""score"":269,""band"":""LOW"",""reasonCodes"":[""DEVICE_REPUTATION""],""modelVersion"":""sr-4.2""}",1164,2026-02-02 12:12:09.919051-05:00
8,11,SENTINEL,395,MEDIUM,IP_PROXY,"{""requestId"":""sen-cc623aa1"",""score"":395,""band"":""MEDIUM"",""reasonCodes"":[""IP_PROXY""],""modelVersion"":""sr-4.2""}",135,2026-02-02 12:55:01.009665-05:00
9,14,SENTINEL,585,MEDIUM,"SYNTHETIC_ID_PATTERN,VELOCITY_APPLICANT,EMAIL_AGE_LOW","{""requestId"":""sen-a708a7b6"",""score"":585,""band"":""MEDIUM"",""reasonCodes"":[""SYNTHETIC_ID_PATTERN"",""VELOCITY_APPLICANT"",""EMAIL_AGE_LOW""],""modelVersion"":""sr-4.2""}",641,2026-02-02 13:59:51.846727-05:00
10,15,SENTINEL,106,LOW,"VELOCITY_APPLICANT,IDENTITY_MISMATCH,IP_PROXY,BANK_ACCOUNT_AGE","{""requestId"":""sen-45402168"",""score"":106,""band"":""LOW"",""reasonCodes"":[""VELOCITY_APPLICANT"",""IDENTITY_MISMATCH"",""IP_PROXY"",""BANK_ACCOUNT_AGE""],""modelVersion"":""sr-4.2""}",364,2026-02-02 14:53:53.368741-05:00
11,16,SENTINEL,299,LOW,PHONE_CARRIER_RISK,"{""requestId"":""sen-e3779b19"",""score"":299,""band"":""LOW"",""reasonCodes"":[""PHONE_CARRIER_RISK""],""modelVersion"":""sr-4.1""}",1319,2026-02-02 12:44:46.651949-05:00
12,18,SENTINEL,210,LOW,EMAIL_AGE_LOW,"{""requestId"":""sen-1fe68e7d"",""score"":210,""band"":""LOW"",""reasonCodes"":[""EMAIL_AGE_LOW""],""modelVersion"":""sr-4.2""}",279,2026-02-02 14:47:25.808450-05:00
13,19,SENTINEL,421,MEDIUM,,"{""requestId"":""sen-be1e082e"",""score"":421,""band"":""MEDIUM"",""reasonCodes"":null,""modelVersion"":""sr-4.2""}",820,2026-02-02 14:02:31.784718-05:00
14,20,SENTINEL,569,MEDIUM,"PHONE_CARRIER_RISK,IP_PROXY,BANK_ACCOUNT_AGE,VELOCITY_APPLICANT","{""requestId"":""sen-5c5581e0"",""score"":569,""band"":""MEDIUM"",""reasonCodes"":[""PHONE_CARRIER_RISK"",""IP_PROXY"",""BANK_ACCOUNT_AGE"",""VELOCITY_APPLICANT""],""modelVersion"":""sr-4.2""}",612,2026-02-02 11:53:54.305418-05:00
15,21,SENTINEL,368,MEDIUM,"IDENTITY_MISMATCH,DEVICE_REPUTATION,ADDRESS_MISMATCH","{""requestId"":""sen-fa8cfb91"",""score"":368,""band"":""MEDIUM"",""reasonCodes"":[""IDENTITY_MISMATCH"",""DEVICE_REPUTATION"",""ADDRESS_MISMATCH""],""modelVersion"":""sr-4.2""}",644,2026-02-02 12:34:49.394928-05:00
16,22,SENTINEL,550,MEDIUM,,"{""requestId"":""sen-98c47543"",""score"":550,""band"":""MEDIUM"",""reasonCodes"":null,""modelVersion"":""sr-4.2""}",359,2026-02-02 13:44:20.701516-05:00
17,24,SENTINEL,338,LOW,"SYNTHETIC_ID_PATTERN,IDENTITY_MISMATCH,DEVICE_REPUTATION,PHONE_CARRIER_RISK","{""requestId"":""sen-d53368a6"",""score"":338,""band"":""LOW"",""reasonCodes"":[""SYNTHETIC_ID_PATTERN"",""IDENTITY_MISMATCH"",""DEVICE_REPUTATION"",""PHONE_CARRIER_RISK""],""modelVersion"":""sr-4.1""}",3684,2026-02-02 16:25:38.892253-05:00
18,26,SENTINEL,122,LOW,"ADDRESS_MISMATCH,IP_PROXY,VELOCITY_APPLICANT","{""requestId"":""sen-11a25c0a"",""score"":122,""band"":""LOW"",""reasonCodes"":[""ADDRESS_MISMATCH"",""IP_PROXY"",""VELOCITY_APPLICANT""],""modelVersion"":""sr-4.2""}",1563,2026-02-02 16:58:19.893071-05:00
19,27,SENTINEL,527,MEDIUM,"SYNTHETIC_ID_PATTERN,EMAIL_AGE_LOW,PHONE_CARRIER_RISK,DEVICE_REPUTATION","{""requestId"":""sen-afd9d5bb"",""score"":527,""band"":""MEDIUM"",""reasonCodes"":[""SYNTHETIC_ID_PATTERN"",""EMAIL_AGE_LOW"",""PHONE_CARRIER_RISK"",""DEVICE_REPUTATION""],""modelVersion"":""sr-4.2""}",598,2026-02-02 12:48:14.617604-05:00
20,30,SENTINEL,276,LOW,"DEVICE_REPUTATION,ADDRESS_MISMATCH,IDENTITY_MISMATCH,BANK_ACCOUNT_AGE","{""requestId"":""sen-8a8042d0"",""score"":276,""band"":""LOW"",""reasonCodes"":[""DEVICE_REPUTATION"",""ADDRESS_MISMATCH"",""IDENTITY_MISMATCH"",""BANK_ACCOUNT_AGE""],""modelVersion"":""sr-4.2""}",246,2026-02-02 17:49:11.979867-05:00
21,31,SENTINEL,317,LOW,"VELOCITY_APPLICANT,IP_PROXY","{""requestId"":""sen-28b7bc82"",""score"":317,""band"":""LOW"",""reasonCodes"":[""VELOCITY_APPLICANT"",""IP_PROXY""],""modelVersion"":""sr-4.1""}",6834,2026-02-02 16:42:22.822926-05:00
22,32,SENTINEL,1,LOW,"SYNTHETIC_ID_PATTERN,BANK_ACCOUNT_AGE","{""requestId"":""sen-c6ef3633"",""score"":1,""band"":""LOW"",""reasonCodes"":[""SYNTHETIC_ID_PATTERN"",""BANK_ACCOUNT_AGE""],""modelVersion"":""sr-4.2""}",1630,2026-02-02 14:00:27.513374-05:00
23,33,SENTINEL,254,LOW,"PHONE_CARRIER_RISK,VELOCITY_APPLICANT,EMAIL_AGE_LOW,IDENTITY_MISMATCH","{""requestId"":""sen-6526afe5"",""score"":254,""band"":""LOW"",""reasonCodes"":[""PHONE_CARRIER_RISK"",""VELOCITY_APPLICANT"",""EMAIL_AGE_LOW"",""IDENTITY_MISMATCH""],""modelVersion"":""sr-4.2""}",151,2026-02-02 14:00:49.349300-05:00
24,34,SENTINEL,333,LOW,"IDENTITY_MISMATCH,IP_PROXY,VELOCITY_APPLICANT","{""requestId"":""sen-035e2997"",""score"":333,""band"":""LOW"",""reasonCodes"":[""IDENTITY_MISMATCH"",""IP_PROXY"",""VELOCITY_APPLICANT""],""modelVersion"":""sr-4.2""}",136,2026-02-02 14:43:41.871021-05:00
25,35,SENTINEL,232,LOW,"EMAIL_AGE_LOW,PHONE_CARRIER_RISK","{""requestId"":""sen-a195a348"",""score"":232,""band"":""LOW"",""reasonCodes"":[""EMAIL_AGE_LOW"",""PHONE_CARRIER_RISK""],""modelVersion"":""sr-4.2""}",2613,2026-02-02 15:38:20.671951-05:00
26,37,SENTINEL,319,LOW,VELOCITY_APPLICANT,"{""requestId"":""sen-de0496ab"",""score"":319,""band"":""LOW"",""reasonCodes"":[""VELOCITY_APPLICANT""],""modelVersion"":""sr-4.1""}",668,2026-02-02 14:07:12.815447-05:00
27,38,SENTINEL,372,MEDIUM,"SYNTHETIC_ID_PATTERN,IDENTITY_MISMATCH","{""requestId"":""sen-7c3c105d"",""score"":372,""band"":""MEDIUM"",""reasonCodes"":[""SYNTHETIC_ID_PATTERN"",""IDENTITY_MISMATCH""],""modelVersion"":""sr-4.2""}",255,2026-02-02 14:36:54.224948-05:00
28,39,SENTINEL,319,LOW,"BANK_ACCOUNT_AGE,IDENTITY_MISMATCH,EMAIL_AGE_LOW,IP_PROXY","{""requestId"":""sen-1a738a0f"",""score"":319,""band"":""LOW"",""reasonCodes"":[""BANK_ACCOUNT_AGE"",""IDENTITY_MISMATCH"",""EMAIL_AGE_LOW"",""IP_PROXY""],""modelVersion"":""sr-4.2""}",244,2026-02-02 14:45:58.497542-05:00
29,40,SENTINEL,613,MEDIUM,"BANK_ACCOUNT_AGE,IP_PROXY,ADDRESS_MISMATCH,DEVICE_REPUTATION","{""requestId"":""sen-b8ab03c0"",""score"":613,""band"":""MEDIUM"",""reasonCodes"":[""BANK_ACCOUNT_AGE"",""IP_PROXY"",""ADDRESS_MISMATCH"",""DEVICE_REPUTATION""],""modelVersion"":""sr-4.2""}",249,2026-02-02 17:01:35.112222-05:00
30,41,SENTINEL,430,MEDIUM,"PHONE_CARRIER_RISK,SYNTHETIC_ID_PATTERN","{""requestId"":""sen-56e27d72"",""score"":430,""band"":""MEDIUM"",""reasonCodes"":[""PHONE_CARRIER_RISK"",""SYNTHETIC_ID_PATTERN""],""modelVersion"":""sr-4.2""}",2274,2026-02-02 14:46:17.220922-05:00
31,42,SENTINEL,288,LOW,"SYNTHETIC_ID_PATTERN,IP_PROXY,ADDRESS_MISMATCH","{""requestId"":""sen-f519f723"",""score"":288,""band"":""LOW"",""reasonCodes"":[""SYNTHETIC_ID_PATTERN"",""IP_PROXY"",""ADDRESS_MISMATCH""],""modelVersion"":""sr-4.1""}",730,2026-02-02 16:56:54.541939-05:00
32,43,SENTINEL,437,MEDIUM,"BANK_ACCOUNT_AGE,IDENTITY_MISMATCH,EMAIL_AGE_LOW,SYNTHETIC_ID_PATTERN","{""requestId"":""sen-935170d5"",""score"":437,""band"":""MEDIUM"",""reasonCodes"":[""BANK_ACCOUNT_AGE"",""IDENTITY_MISMATCH"",""EMAIL_AGE_LOW"",""SYNTHETIC_ID_PATTERN""],""modelVersion"":""sr-4.2""}",761,2026-02-02 16:37:39.471668-05:00
33,46,SENTINEL,355,MEDIUM,"IP_PROXY,BANK_ACCOUNT_AGE,PHONE_CARRIER_RISK,SYNTHETIC_ID_PATTERN","{""requestId"":""sen-6df7ddea"",""score"":355,""band"":""MEDIUM"",""reasonCodes"":[""IP_PROXY"",""BANK_ACCOUNT_AGE"",""PHONE_CARRIER_RISK"",""SYNTHETIC_ID_PATTERN""],""modelVersion"":""sr-4.2""}",1300,2026-02-02 18:09:00.224834-05:00
34,47,SENTINEL,148,LOW,"SYNTHETIC_ID_PATTERN,IDENTITY_MISMATCH,ADDRESS_MISMATCH","{""requestId"":""sen-0c2f579c"",""score"":148,""band"":""LOW"",""reasonCodes"":[""SYNTHETIC_ID_PATTERN"",""IDENTITY_MISMATCH"",""ADDRESS_MISMATCH""],""modelVersion"":""sr-4.2""}",2751,2026-02-02 18:22:16.473837-05:00
35,48,SENTINEL,57,LOW,"IP_PROXY,DEVICE_REPUTATION,BANK_ACCOUNT_AGE,ADDRESS_MISMATCH","{""requestId"":""sen-aa66d14d"",""score"":57,""band"":""LOW"",""reasonCodes"":[""IP_PROXY"",""DEVICE_REPUTATION"",""BANK_ACCOUNT_AGE"",""ADDRESS_MISMATCH""],""modelVersion"":""sr-4.2""}",338,2026-02-02 15:51:52.331928-05:00
36,49,SENTINEL,140,LOW,"IDENTITY_MISMATCH,ADDRESS_MISMATCH","{""requestId"":""sen-489e4aff"",""score"":140,""band"":""LOW"",""reasonCodes"":[""IDENTITY_MISMATCH"",""ADDRESS_MISMATCH""],""modelVersion"":""sr-4.2""}",234,2026-02-02 16:10:05.926942-05:00
37,50,SENTINEL,407,MEDIUM,"ADDRESS_MISMATCH,BANK_ACCOUNT_AGE","{""requestId"":""sen-e6d5c4b0"",""score"":407,""band"":""MEDIUM"",""reasonCodes"":[""ADDRESS_MISMATCH"",""BANK_ACCOUNT_AGE""],""modelVersion"":""sr-4.2""}",817,2026-02-02 17:59:57.792017-05:00
38,51,SENTINEL,323,LOW,"VELOCITY_APPLICANT,PHONE_CARRIER_RISK,ADDRESS_MISMATCH","{""requestId"":""sen-850d3e62"",""score"":323,""band"":""LOW"",""reasonCodes"":[""VELOCITY_APPLICANT"",""PHONE_CARRIER_RISK"",""ADDRESS_MISMATCH""],""modelVersion"":""sr-4.2""}",247,2026-02-02 20:00:51.315973-05:00
39,52,SENTINEL,1,LOW,"DEVICE_REPUTATION,VELOCITY_APPLICANT,IP_PROXY,EMAIL_AGE_LOW","{""requestId"":""sen-2344b814"",""score"":1,""band"":""LOW"",""reasonCodes"":[""DEVICE_REPUTATION"",""VELOCITY_APPLICANT"",""IP_PROXY"",""EMAIL_AGE_LOW""],""modelVersion"":""sr-4.2""}",93,2026-02-02 17:48:45.810759-05:00
40,55,SENTINEL,258,LOW,"PHONE_CARRIER_RISK,ADDRESS_MISMATCH","{""requestId"":""sen-fdeb2528"",""score"":258,""band"":""LOW"",""reasonCodes"":[""PHONE_CARRIER_RISK"",""ADDRESS_MISMATCH""],""modelVersion"":""sr-4.2""}",4863,2026-02-02 19:37:42.052820-05:00
41,56,SENTINEL,638,MEDIUM,"PHONE_CARRIER_RISK,BANK_ACCOUNT_AGE,ADDRESS_MISMATCH,SYNTHETIC_ID_PATTERN","{""requestId"":""sen-9c229eda"",""score"":638,""band"":""MEDIUM"",""reasonCodes"":[""PHONE_CARRIER_RISK"",""BANK_ACCOUNT_AGE"",""ADDRESS_MISMATCH"",""SYNTHETIC_ID_PATTERN""],""modelVersion"":""sr-4.2""}",426,2026-02-02 18:43:37.839292-05:00
42,57,SENTINEL,244,LOW,"BANK_ACCOUNT_AGE,DEVICE_REPUTATION,SYNTHETIC_ID_PATTERN","{""requestId"":""sen-3a5a188c"",""score"":244,""band"":""LOW"",""reasonCodes"":[""BANK_ACCOUNT_AGE"",""DEVICE_REPUTATION"",""SYNTHETIC_ID_PATTERN""],""modelVersion"":""sr-4.1""}",448,2026-02-02 20:21:06.276691-05:00
43,58,SENTINEL,104,LOW,IP_PROXY,"{""requestId"":""sen-d891923d"",""score"":104,""band"":""LOW"",""reasonCodes"":[""IP_PROXY""],""modelVersion"":""sr-4.2""}",4726,2026-02-02 18:49:05.808560-05:00
44,59,SENTINEL,631,MEDIUM,"IDENTITY_MISMATCH,DEVICE_REPUTATION,VELOCITY_APPLICANT","{""requestId"":""sen-76c90bef"",""score"":631,""band"":""MEDIUM"",""reasonCodes"":[""IDENTITY_MISMATCH"",""DEVICE_REPUTATION"",""VELOCITY_APPLICANT""],""modelVersion"":""sr-4.2""}",872,2026-02-02 22:36:33.137922-05:00
45,61,SENTINEL,377,MEDIUM,"EMAIL_AGE_LOW,PHONE_CARRIER_RISK,SYNTHETIC_ID_PATTERN","{""requestId"":""sen-b337ff52"",""score"":377,""band"":""MEDIUM"",""reasonCodes"":[""EMAIL_AGE_LOW"",""PHONE_CARRIER_RISK"",""SYNTHETIC_ID_PATTERN""],""modelVersion"":""sr-4.2""}",487,2026-02-02 23:28:16.930570-05:00
46,62,SENTINEL,410,MEDIUM,"EMAIL_AGE_LOW,SYNTHETIC_ID_PATTERN","{""requestId"":""sen-516f7904"",""score"":410,""band"":""MEDIUM"",""reasonCodes"":[""EMAIL_AGE_LOW"",""SYNTHETIC_ID_PATTERN""],""modelVersion"":""sr-4.2""}",284,2026-02-02 23:12:00.559761-05:00
47,64,SENTINEL,346,LOW,"DEVICE_REPUTATION,VELOCITY_APPLICANT,BANK_ACCOUNT_AGE","{""requestId"":""sen-8dde6c67"",""score"":346,""band"":""LOW"",""reasonCodes"":[""DEVICE_REPUTATION"",""VELOCITY_APPLICANT"",""BANK_ACCOUNT_AGE""],""modelVersion"":""sr-4.1""}",131,2026-02-03 00:23:46.765595-05:00
48,65,SENTINEL,440,MEDIUM,BANK_ACCOUNT_AGE,"{""requestId"":""sen-2c15e619"",""score"":440,""band"":""MEDIUM"",""reasonCodes"":[""BANK_ACCOUNT_AGE""],""modelVersion"":""sr-4.1""}",297,2026-02-02 22:36:01.294087-05:00
49,66,SENTINEL,398,MEDIUM,"EMAIL_AGE_LOW,PHONE_CARRIER_RISK,BANK_ACCOUNT_AGE","{""requestId"":""sen-ca4d5fca"",""score"":398,""band"":""MEDIUM"",""reasonCodes"":[""EMAIL_AGE_LOW"",""PHONE_CARRIER_RISK"",""BANK_ACCOUNT_AGE""],""modelVersion"":""sr-4.1""}",2004,2026-02-02 21:29:28.328728-05:00
50,67,SENTINEL,359,MEDIUM,"EMAIL_AGE_LOW,ADDRESS_MISMATCH,VELOCITY_APPLICANT,BANK_ACCOUNT_AGE","{""requestId"":""sen-6884d97c"",""score"":359,""band"":""MEDIUM"",""reasonCodes"":[""EMAIL_AGE_LOW"",""ADDRESS_MISMATCH"",""VELOCITY_APPLICANT"",""BANK_ACCOUNT_AGE""],""modelVersion"":""sr-4.1""}",2838,2026-02-03 00:45:40.848452-05:00
51,68,SENTINEL,511,MEDIUM,"IP_PROXY,VELOCITY_APPLICANT,SYNTHETIC_ID_PATTERN","{""requestId"":""sen-06bc532e"",""score"":511,""band"":""MEDIUM"",""reasonCodes"":[""IP_PROXY"",""VELOCITY_APPLICANT"",""SYNTHETIC_ID_PATTERN""],""modelVersion"":""sr-4.2""}",3114,2026-02-03 00:43:15.567258-05:00
52,69,SENTINEL,294,LOW,"IDENTITY_MISMATCH,DEVICE_REPUTATION,PHONE_CARRIER_RISK,ADDRESS_MISMATCH","{""requestId"":""sen-a4f3ccdf"",""score"":294,""band"":""LOW"",""reasonCodes"":[""IDENTITY_MISMATCH"",""DEVICE_REPUTATION"",""PHONE_CARRIER_RISK"",""ADDRESS_MISMATCH""],""modelVersion"":""sr-4.2""}",3984,2026-02-03 04:07:38.911261-05:00
53,70,SENTINEL,443,MEDIUM,SYNTHETIC_ID_PATTERN,"{""requestId"":""sen-432b4691"",""score"":443,""band"":""MEDIUM"",""reasonCodes"":[""SYNTHETIC_ID_PATTERN""],""modelVersion"":""sr-4.1""}",1185,2026-02-03 04:10:35.332284-05:00
54,71,SENTINEL,228,LOW,VELOCITY_APPLICANT,"{""requestId"":""sen-e162c042"",""score"":228,""band"":""LOW"",""reasonCodes"":[""VELOCITY_APPLICANT""],""modelVersion"":""sr-4.1""}",214,2026-02-03 04:56:35.615216-05:00
55,73,SENTINEL,27,LOW,"DEVICE_REPUTATION,ADDRESS_MISMATCH,VELOCITY_APPLICANT","{""requestId"":""sen-1dd1b3a6"",""score"":27,""band"":""LOW"",""reasonCodes"":[""DEVICE_REPUTATION"",""ADDRESS_MISMATCH"",""VELOCITY_APPLICANT""],""modelVersion"":""sr-4.2""}",306,2026-02-03 05:00:58.387491-05:00
56,74,SENTINEL,417,MEDIUM,"SYNTHETIC_ID_PATTERN,DEVICE_REPUTATION,IDENTITY_MISMATCH","{""requestId"":""sen-bc092d57"",""score"":417,""band"":""MEDIUM"",""reasonCodes"":[""SYNTHETIC_ID_PATTERN"",""DEVICE_REPUTATION"",""IDENTITY_MISMATCH""],""modelVersion"":""sr-4.2""}",817,2026-02-03 06:18:57.102501-05:00
57,75,SENTINEL,506,MEDIUM,"EMAIL_AGE_LOW,DEVICE_REPUTATION","{""requestId"":""sen-5a40a709"",""score"":506,""band"":""MEDIUM"",""reasonCodes"":[""EMAIL_AGE_LOW"",""DEVICE_REPUTATION""],""modelVersion"":""sr-4.2""}",5635,2026-02-03 09:44:16.716198-05:00
58,76,SENTINEL,526,MEDIUM,"IDENTITY_MISMATCH,PHONE_CARRIER_RISK,IP_PROXY,SYNTHETIC_ID_PATTERN","{""requestId"":""sen-f87820ba"",""score"":526,""band"":""MEDIUM"",""reasonCodes"":[""IDENTITY_MISMATCH"",""PHONE_CARRIER_RISK"",""IP_PROXY"",""SYNTHETIC_ID_PATTERN""],""modelVersion"":""sr-4.2""}",723,2026-02-03 06:46:27.722179-05:00
59,77,SENTINEL,67,LOW,"BANK_ACCOUNT_AGE,PHONE_CARRIER_RISK,IP_PROXY,VELOCITY_APPLICANT","{""requestId"":""sen-96af9a6c"",""score"":67,""band"":""LOW"",""reasonCodes"":[""BANK_ACCOUNT_AGE"",""PHONE_CARRIER_RISK"",""IP_PROXY"",""VELOCITY_APPLICANT""],""modelVersion"":""sr-4.2""}",221,2026-02-03 11:35:01.048643-05:00
60,78,SENTINEL,288,LOW,"BANK_ACCOUNT_AGE,IDENTITY_MISMATCH,ADDRESS_MISMATCH,IP_PROXY","{""requestId"":""sen-34e7141e"",""score"":288,""band"":""LOW"",""reasonCodes"":[""BANK_ACCOUNT_AGE"",""IDENTITY_MISMATCH"",""ADDRESS_MISMATCH"",""IP_PROXY""],""modelVersion"":""sr-4.2""}",173,2026-02-03 09:26:11.458164-05:00
61,81,SENTINEL,610,MEDIUM,"PHONE_CARRIER_RISK,IP_PROXY,ADDRESS_MISMATCH,VELOCITY_APPLICANT","{""requestId"":""sen-0f8d8133"",""score"":610,""band"":""MEDIUM"",""reasonCodes"":[""PHONE_CARRIER_RISK"",""IP_PROXY"",""ADDRESS_MISMATCH"",""VELOCITY_APPLICANT""],""modelVersion"":""sr-4.2""}",840,2026-02-03 11:14:15.819820-05:00
62,82,SENTINEL,257,LOW,,"{""requestId"":""sen-adc4fae4"",""score"":257,""band"":""LOW"",""reasonCodes"":null,""modelVersion"":""sr-4.1""}",600,2026-02-03 11:53:20.963775-05:00
63,83,SENTINEL,547,MEDIUM,"DEVICE_REPUTATION,IP_PROXY","{""requestId"":""sen-4bfc7496"",""score"":547,""band"":""MEDIUM"",""reasonCodes"":[""DEVICE_REPUTATION"",""IP_PROXY""],""modelVersion"":""sr-4.2""}",123,2026-02-03 11:11:42.850484-05:00
64,84,SENTINEL,334,LOW,"PHONE_CARRIER_RISK,DEVICE_REPUTATION,BANK_ACCOUNT_AGE","{""requestId"":""sen-ea33ee47"",""score"":334,""band"":""LOW"",""reasonCodes"":[""PHONE_CARRIER_RISK"",""DEVICE_REPUTATION"",""BANK_ACCOUNT_AGE""],""modelVersion"":""sr-4.2""}",1450,2026-02-03 13:18:04.805125-05:00
65,86,SENTINEL,456,MEDIUM,"IDENTITY_MISMATCH,IP_PROXY,SYNTHETIC_ID_PATTERN,EMAIL_AGE_LOW","{""requestId"":""sen-26a2e1ab"",""score"":456,""band"":""MEDIUM"",""reasonCodes"":[""IDENTITY_MISMATCH"",""IP_PROXY"",""SYNTHETIC_ID_PATTERN"",""EMAIL_AGE_LOW""],""modelVersion"":""sr-4.2""}",1117,2026-02-03 12:28:03.640719-05:00
66,87,SENTINEL,533,MEDIUM,"IDENTITY_MISMATCH,BANK_ACCOUNT_AGE,ADDRESS_MISMATCH,VELOCITY_APPLICANT","{""requestId"":""sen-c4da5b5c"",""score"":533,""band"":""MEDIUM"",""reasonCodes"":[""IDENTITY_MISMATCH"",""BANK_ACCOUNT_AGE"",""ADDRESS_MISMATCH"",""VELOCITY_APPLICANT""],""modelVersion"":""sr-4.2""}",461,2026-02-03 14:47:30.864749-05:00
67,88,SENTINEL,369,MEDIUM,"EMAIL_AGE_LOW,VELOCITY_APPLICANT,DEVICE_REPUTATION,IP_PROXY","{""requestId"":""sen-6311d50e"",""score"":369,""band"":""MEDIUM"",""reasonCodes"":[""EMAIL_AGE_LOW"",""VELOCITY_APPLICANT"",""DEVICE_REPUTATION"",""IP_PROXY""],""modelVersion"":""sr-4.2""}",364,2026-02-03 13:33:00.310411-05:00
68,89,SENTINEL,412,MEDIUM,"VELOCITY_APPLICANT,BANK_ACCOUNT_AGE,DEVICE_REPUTATION,ADDRESS_MISMATCH","{""requestId"":""sen-01494ec0"",""score"":412,""band"":""MEDIUM"",""reasonCodes"":[""VELOCITY_APPLICANT"",""BANK_ACCOUNT_AGE"",""DEVICE_REPUTATION"",""ADDRESS_MISMATCH""],""modelVersion"":""sr-4.1""}",297,2026-02-03 13:40:08.492398-05:00
69,90,SENTINEL,558,MEDIUM,"VELOCITY_APPLICANT,ADDRESS_MISMATCH,SYNTHETIC_ID_PATTERN,IP_PROXY","{""requestId"":""sen-9f80c871"",""score"":558,""band"":""MEDIUM"",""reasonCodes"":[""VELOCITY_APPLICANT"",""ADDRESS_MISMATCH"",""SYNTHETIC_ID_PATTERN"",""IP_PROXY""],""modelVersion"":""sr-4.2""}",1389,2026-02-03 12:57:10.063985-05:00
70,91,SENTINEL,810,HIGH,"IDENTITY_MISMATCH,DEVICE_REPUTATION,ADDRESS_MISMATCH,IP_PROXY","{""requestId"":""sen-3db84223"",""score"":810,""band"":""HIGH"",""reasonCodes"":[""IDENTITY_MISMATCH"",""DEVICE_REPUTATION"",""ADDRESS_MISMATCH"",""IP_PROXY""],""modelVersion"":""sr-4.2""}",227,2026-02-03 14:02:23.834214-05:00
71,92,SENTINEL,31,LOW,"VELOCITY_APPLICANT,DEVICE_REPUTATION","{""requestId"":""sen-dbefbbd4"",""score"":31,""band"":""LOW"",""reasonCodes"":[""VELOCITY_APPLICANT"",""DEVICE_REPUTATION""],""modelVersion"":""sr-4.2""}",203,2026-02-03 12:49:47.630587-05:00
72,93,SENTINEL,343,LOW,EMAIL_AGE_LOW,"{""requestId"":""sen-7a273586"",""score"":343,""band"":""LOW"",""reasonCodes"":[""EMAIL_AGE_LOW""],""modelVersion"":""sr-4.2""}",231,2026-02-03 12:08:16.180955-05:00
73,94,SENTINEL,610,MEDIUM,,"{""requestId"":""sen-185eaf38"",""score"":610,""band"":""MEDIUM"",""reasonCodes"":null,""modelVersion"":""sr-4.2""}",62,2026-02-03 13:25:30.426055-05:00
74,96,SENTINEL,89,LOW,"BANK_ACCOUNT_AGE,PHONE_CARRIER_RISK,EMAIL_AGE_LOW,DEVICE_REPUTATION","{""requestId"":""sen-54cda29b"",""score"":89,""band"":""LOW"",""reasonCodes"":[""BANK_ACCOUNT_AGE"",""PHONE_CARRIER_RISK"",""EMAIL_AGE_LOW"",""DEVICE_REPUTATION""],""modelVersion"":""sr-4.1""}",646,2026-02-03 13:51:48.417251-05:00
75,98,SENTINEL,549,MEDIUM,IDENTITY_MISMATCH,"{""requestId"":""sen-913c95fe"",""score"":549,""band"":""MEDIUM"",""reasonCodes"":[""IDENTITY_MISMATCH""],""modelVersion"":""sr-4.1""}",677,2026-02-03 14:24:38.502171-05:00
76,99,SENTINEL,303,LOW,PHONE_CARRIER_RISK,"{""requestId"":""sen-2f740fb0"",""score"":303,""band"":""LOW"",""reasonCodes"":[""PHONE_CARRIER_RISK""],""modelVersion"":""sr-4.2""}",54,2026-02-03 15:44:40.189612-05:00
77,102,SENTINEL,342,LOW,,"{""requestId"":""sen-0a1a7cc5"",""score"":342,""band"":""LOW"",""reasonCodes"":null,""modelVersion"":""sr-4.2""}",1230,2026-02-03 17:15:39.503203-05:00
78,103,SENTINEL,590,MEDIUM,"IDENTITY_MISMATCH,VELOCITY_APPLICANT","{""requestId"":""sen-a851f676"",""score"":590,""band"":""MEDIUM"",""reasonCodes"":[""IDENTITY_MISMATCH"",""VELOCITY_APPLICANT""],""modelVersion"":""sr-4.2""}",267,2026-02-03 14:30:42.384973-05:00
79,104,SENTINEL,6,LOW,"VELOCITY_APPLICANT,IP_PROXY,ADDRESS_MISMATCH","{""requestId"":""sen-46897028"",""score"":6,""band"":""LOW"",""reasonCodes"":[""VELOCITY_APPLICANT"",""IP_PROXY"",""ADDRESS_MISMATCH""],""modelVersion"":""sr-4.1""}",3079,2026-02-03 13:57:52.146025-05:00
80,105,SENTINEL,338,LOW,"IDENTITY_MISMATCH,PHONE_CARRIER_RISK","{""requestId"":""sen-e4c0e9d9"",""score"":338,""band"":""LOW"",""reasonCodes"":[""IDENTITY_MISMATCH"",""PHONE_CARRIER_RISK""],""modelVersion"":""sr-4.2""}",2453,2026-02-03 13:59:02.638734-05:00
81,106,SENTINEL,507,MEDIUM,PHONE_CARRIER_RISK,"{""requestId"":""sen-82f8638b"",""score"":507,""band"":""MEDIUM"",""reasonCodes"":[""PHONE_CARRIER_RISK""],""modelVersion"":""sr-4.2""}",137,2026-02-03 15:18:10.892289-05:00
82,107,SENTINEL,551,MEDIUM,IP_PROXY,"{""requestId"":""sen-212fdd3d"",""score"":551,""band"":""MEDIUM"",""reasonCodes"":[""IP_PROXY""],""modelVersion"":""sr-4.2""}",821,2026-02-03 13:40:05.576912-05:00
83,108,SENTINEL,98,LOW,"BANK_ACCOUNT_AGE,SYNTHETIC_ID_PATTERN,DEVICE_REPUTATION,VELOCITY_APPLICANT","{""requestId"":""sen-bf6756ee"",""score"":98,""band"":""LOW"",""reasonCodes"":[""BANK_ACCOUNT_AGE"",""SYNTHETIC_ID_PATTERN"",""DEVICE_REPUTATION"",""VELOCITY_APPLICANT""],""modelVersion"":""sr-4.2""}",479,2026-02-03 15:26:20.793160-05:00
84,109,SENTINEL,316,LOW,IDENTITY_MISMATCH,"{""requestId"":""sen-5d9ed0a0"",""score"":316,""band"":""LOW"",""reasonCodes"":[""IDENTITY_MISMATCH""],""modelVersion"":""sr-4.2""}",1808,2026-02-03 14:25:59.227116-05:00
85,110,SENTINEL,114,LOW,IDENTITY_MISMATCH,"{""requestId"":""sen-fbd64a51"",""score"":114,""band"":""LOW"",""reasonCodes"":[""IDENTITY_MISMATCH""],""modelVersion"":""sr-4.2""}",163,2026-02-03 14:51:27.528998-05:00
86,111,SENTINEL,1,LOW,"EMAIL_AGE_LOW,IP_PROXY","{""requestId"":""sen-9a0dc403"",""score"":1,""band"":""LOW"",""reasonCodes"":[""EMAIL_AGE_LOW"",""IP_PROXY""],""modelVersion"":""sr-4.2""}",2165,2026-02-03 17:18:38.255590-05:00
87,112,SENTINEL,281,LOW,,"{""requestId"":""sen-38453db5"",""score"":281,""band"":""LOW"",""reasonCodes"":null,""modelVersion"":""sr-4.2""}",203,2026-02-03 18:21:12.578113-05:00
88,113,SENTINEL,342,LOW,"EMAIL_AGE_LOW,VELOCITY_APPLICANT","{""requestId"":""sen-d67cb766"",""score"":342,""band"":""LOW"",""reasonCodes"":[""EMAIL_AGE_LOW"",""VELOCITY_APPLICANT""],""modelVersion"":""sr-4.2""}",416,2026-02-03 14:43:25.792587-05:00
89,114,SENTINEL,281,LOW,EMAIL_AGE_LOW,"{""requestId"":""sen-74b43118"",""score"":281,""band"":""LOW"",""reasonCodes"":[""EMAIL_AGE_LOW""],""modelVersion"":""sr-4.2""}",162,2026-02-03 19:16:55.735562-05:00
90,115,SENTINEL,303,LOW,"IDENTITY_MISMATCH,PHONE_CARRIER_RISK,BANK_ACCOUNT_AGE","{""requestId"":""sen-12ebaaca"",""score"":303,""band"":""LOW"",""reasonCodes"":[""IDENTITY_MISMATCH"",""PHONE_CARRIER_RISK"",""BANK_ACCOUNT_AGE""],""modelVersion"":""sr-4.2""}",572,2026-02-03 19:11:41.087580-05:00
91,116,SENTINEL,259,LOW,"ADDRESS_MISMATCH,VELOCITY_APPLICANT,IDENTITY_MISMATCH,IP_PROXY","{""requestId"":""sen-b123247b"",""score"":259,""band"":""LOW"",""reasonCodes"":[""ADDRESS_MISMATCH"",""VELOCITY_APPLICANT"",""IDENTITY_MISMATCH"",""IP_PROXY""],""modelVersion"":""sr-4.1""}",1274,2026-02-03 16:27:00.740302-05:00
92,117,SENTINEL,279,LOW,"PHONE_CARRIER_RISK,VELOCITY_APPLICANT,DEVICE_REPUTATION","{""requestId"":""sen-4f5a9e2d"",""score"":279,""band"":""LOW"",""reasonCodes"":[""PHONE_CARRIER_RISK"",""VELOCITY_APPLICANT"",""DEVICE_REPUTATION""],""modelVersion"":""sr-4.2""}",682,2026-02-03 15:32:01.026048-05:00
93,118,SENTINEL,459,MEDIUM,"ADDRESS_MISMATCH,DEVICE_REPUTATION,PHONE_CARRIER_RISK,SYNTHETIC_ID_PATTERN","{""requestId"":""sen-ed9217de"",""score"":459,""band"":""MEDIUM"",""reasonCodes"":[""ADDRESS_MISMATCH"",""DEVICE_REPUTATION"",""PHONE_CARRIER_RISK"",""SYNTHETIC_ID_PATTERN""],""modelVersion"":""sr-4.1""}",1470,2026-02-03 18:39:35.511449-05:00
94,120,SENTINEL,644,MEDIUM,"DEVICE_REPUTATION,IP_PROXY","{""requestId"":""sen-2a010b42"",""score"":644,""band"":""MEDIUM"",""reasonCodes"":[""DEVICE_REPUTATION"",""IP_PROXY""],""modelVersion"":""sr-4.2""}",420,2026-02-03 15:44:50.463379-05:00
95,121,SENTINEL,222,LOW,"SYNTHETIC_ID_PATTERN,PHONE_CARRIER_RISK,DEVICE_REPUTATION","{""requestId"":""sen-c83884f3"",""score"":222,""band"":""LOW"",""reasonCodes"":[""SYNTHETIC_ID_PATTERN"",""PHONE_CARRIER_RISK"",""DEVICE_REPUTATION""],""modelVersion"":""sr-4.2""}",222,2026-02-03 19:57:34.295915-05:00
96,123,SENTINEL,228,LOW,"VELOCITY_APPLICANT,IDENTITY_MISMATCH,EMAIL_AGE_LOW,BANK_ACCOUNT_AGE","{""requestId"":""sen-04a77857"",""score"":228,""band"":""LOW"",""reasonCodes"":[""VELOCITY_APPLICANT"",""IDENTITY_MISMATCH"",""EMAIL_AGE_LOW"",""BANK_ACCOUNT_AGE""],""modelVersion"":""sr-4.1""}",238,2026-02-03 19:19:01.411322-05:00
97,124,SENTINEL,226,LOW,SYNTHETIC_ID_PATTERN,"{""requestId"":""sen-a2def208"",""score"":226,""band"":""LOW"",""reasonCodes"":[""SYNTHETIC_ID_PATTERN""],""modelVersion"":""sr-4.1""}",328,2026-02-03 16:53:07.197351-05:00
98,125,SENTINEL,193,LOW,"IDENTITY_MISMATCH,IP_PROXY","{""requestId"":""sen-41166bba"",""score"":193,""band"":""LOW"",""reasonCodes"":[""IDENTITY_MISMATCH"",""IP_PROXY""],""modelVersion"":""sr-4.2""}",80,2026-02-03 18:46:29.254180-05:00
99,126,SENTINEL,418,MEDIUM,"EMAIL_AGE_LOW,ADDRESS_MISMATCH,VELOCITY_APPLICANT,DEVICE_REPUTATION","{""requestId"":""sen-df4de56b"",""score"":418,""band"":""MEDIUM"",""reasonCodes"":[""EMAIL_AGE_LOW"",""ADDRESS_MISMATCH"",""VELOCITY_APPLICANT"",""DEVICE_REPUTATION""],""modelVersion"":""sr-4.2""}",752,2026-02-03 19:36:11.480850-05:00
100,127,SENTINEL,339,LOW,"IDENTITY_MISMATCH,BANK_ACCOUNT_AGE,VELOCITY_APPLICANT","{""requestId"":""sen-7d855f1d"",""score"":339,""band"":""LOW"",""reasonCodes"":[""IDENTITY_MISMATCH"",""BANK_ACCOUNT_AGE"",""VELOCITY_APPLICANT""],""modelVersion"":""sr-4.2""}",282,2026-02-03 19:17:37.667555-05:00
101,128,SENTINEL,263,LOW,"IP_PROXY,EMAIL_AGE_LOW,DEVICE_REPUTATION,SYNTHETIC_ID_PATTERN","{""requestId"":""sen-1bbcd8cf"",""score"":263,""band"":""LOW"",""reasonCodes"":[""IP_PROXY"",""EMAIL_AGE_LOW"",""DEVICE_REPUTATION"",""SYNTHETIC_ID_PATTERN""],""modelVersion"":""sr-4.2""}",1682,2026-02-03 17:38:57.979647-05:00
102,129,SENTINEL,253,LOW,"IP_PROXY,SYNTHETIC_ID_PATTERN","{""requestId"":""sen-b9f45280"",""score"":253,""band"":""LOW"",""reasonCodes"":[""IP_PROXY"",""SYNTHETIC_ID_PATTERN""],""modelVersion"":""sr-4.2""}",366,2026-02-03 17:56:02.969965-05:00
103,130,SENTINEL,557,MEDIUM,"ADDRESS_MISMATCH,DEVICE_REPUTATION","{""requestId"":""sen-582bcc32"",""score"":557,""band"":""MEDIUM"",""reasonCodes"":[""ADDRESS_MISMATCH"",""DEVICE_REPUTATION""],""modelVersion"":""sr-4.2""}",214,2026-02-03 18:34:43.178009-05:00
104,131,SENTINEL,141,LOW,"IP_PROXY,VELOCITY_APPLICANT,IDENTITY_MISMATCH,ADDRESS_MISMATCH","{""requestId"":""sen-f66345e3"",""score"":141,""band"":""LOW"",""reasonCodes"":[""IP_PROXY"",""VELOCITY_APPLICANT"",""IDENTITY_MISMATCH"",""ADDRESS_MISMATCH""],""modelVersion"":""sr-4.2""}",1903,2026-02-03 20:54:17.437693-05:00
105,133,SENTINEL,355,MEDIUM,,"{""requestId"":""sen-32d23947"",""score"":355,""band"":""MEDIUM"",""reasonCodes"":null,""modelVersion"":""sr-4.2""}",294,2026-02-03 19:59:03.788105-05:00
106,136,SENTINEL,604,MEDIUM,DEVICE_REPUTATION,"{""requestId"":""sen-0d78a65c"",""score"":604,""band"":""MEDIUM"",""reasonCodes"":[""DEVICE_REPUTATION""],""modelVersion"":""sr-4.1""}",210,2026-02-03 20:38:42.957885-05:00
107,137,SENTINEL,6,LOW,"SYNTHETIC_ID_PATTERN,VELOCITY_APPLICANT,BANK_ACCOUNT_AGE","{""requestId"":""sen-abb0200d"",""score"":6,""band"":""LOW"",""reasonCodes"":[""SYNTHETIC_ID_PATTERN"",""VELOCITY_APPLICANT"",""BANK_ACCOUNT_AGE""],""modelVersion"":""sr-4.2""}",351,2026-02-03 19:44:38.308537-05:00
108,138,SENTINEL,313,LOW,"EMAIL_AGE_LOW,VELOCITY_APPLICANT,ADDRESS_MISMATCH","{""requestId"":""sen-49e799bf"",""score"":313,""band"":""LOW"",""reasonCodes"":[""EMAIL_AGE_LOW"",""VELOCITY_APPLICANT"",""ADDRESS_MISMATCH""],""modelVersion"":""sr-4.1""}",346,2026-02-03 22:37:47.501306-05:00
109,139,SENTINEL,183,LOW,VELOCITY_APPLICANT,"{""requestId"":""sen-e81f1370"",""score"":183,""band"":""LOW"",""reasonCodes"":[""VELOCITY_APPLICANT""],""modelVersion"":""sr-4.2""}",2290,2026-02-03 22:07:17.520033-05:00
110,141,SENTINEL,1,LOW,"BANK_ACCOUNT_AGE,SYNTHETIC_ID_PATTERN,ADDRESS_MISMATCH,IP_PROXY","{""requestId"":""sen-248e06d4"",""score"":1,""band"":""LOW"",""reasonCodes"":[""BANK_ACCOUNT_AGE"",""SYNTHETIC_ID_PATTERN"",""ADDRESS_MISMATCH"",""IP_PROXY""],""modelVersion"":""sr-4.1""}",121,2026-02-03 23:07:17.088076-05:00
111,142,SENTINEL,418,MEDIUM,"ADDRESS_MISMATCH,DEVICE_REPUTATION,EMAIL_AGE_LOW","{""requestId"":""sen-c2c58085"",""score"":418,""band"":""MEDIUM"",""reasonCodes"":[""ADDRESS_MISMATCH"",""DEVICE_REPUTATION"",""EMAIL_AGE_LOW""],""modelVersion"":""sr-4.1""}",339,2026-02-04 01:16:24.817176-05:00
112,144,SENTINEL,482,MEDIUM,"IDENTITY_MISMATCH,SYNTHETIC_ID_PATTERN,PHONE_CARRIER_RISK","{""requestId"":""sen-ff3473e8"",""score"":482,""band"":""MEDIUM"",""reasonCodes"":[""IDENTITY_MISMATCH"",""SYNTHETIC_ID_PATTERN"",""PHONE_CARRIER_RISK""],""modelVersion"":""sr-4.2""}",725,2026-02-03 23:35:26.231537-05:00
113,145,SENTINEL,471,MEDIUM,"IDENTITY_MISMATCH,ADDRESS_MISMATCH,DEVICE_REPUTATION","{""requestId"":""sen-9d6bed9a"",""score"":471,""band"":""MEDIUM"",""reasonCodes"":[""IDENTITY_MISMATCH"",""ADDRESS_MISMATCH"",""DEVICE_REPUTATION""],""modelVersion"":""sr-4.1""}",350,2026-02-04 02:14:00.839773-05:00
114,146,SENTINEL,332,LOW,"IP_PROXY,EMAIL_AGE_LOW,PHONE_CARRIER_RISK,DEVICE_REPUTATION","{""requestId"":""sen-3ba3674c"",""score"":332,""band"":""LOW"",""reasonCodes"":[""IP_PROXY"",""EMAIL_AGE_LOW"",""PHONE_CARRIER_RISK"",""DEVICE_REPUTATION""],""modelVersion"":""sr-4.2""}",826,2026-02-04 01:32:25.270825-05:00
115,147,SENTINEL,427,MEDIUM,,"{""requestId"":""sen-d9dae0fd"",""score"":427,""band"":""MEDIUM"",""reasonCodes"":null,""modelVersion"":""sr-4.2""}",109,2026-02-04 05:44:25.140564-05:00
116,148,SENTINEL,183,LOW,"ADDRESS_MISMATCH,BANK_ACCOUNT_AGE","{""requestId"":""sen-78125aaf"",""score"":183,""band"":""LOW"",""reasonCodes"":[""ADDRESS_MISMATCH"",""BANK_ACCOUNT_AGE""],""modelVersion"":""sr-4.2""}",894,2026-02-04 04:15:42.136357-05:00
117,149,SENTINEL,323,LOW,,"{""requestId"":""sen-1649d461"",""score"":323,""band"":""LOW"",""reasonCodes"":null,""modelVersion"":""sr-4.1""}",1059,2026-02-04 07:22:53.828538-05:00
118,151,SENTINEL,489,MEDIUM,EMAIL_AGE_LOW,"{""requestId"":""sen-52b8c7c4"",""score"":489,""band"":""MEDIUM"",""reasonCodes"":[""EMAIL_AGE_LOW""],""modelVersion"":""sr-4.2""}",882,2026-02-04 09:50:15.456654-05:00
119,152,SENTINEL,564,MEDIUM,IDENTITY_MISMATCH,"{""requestId"":""sen-f0f04175"",""score"":564,""band"":""MEDIUM"",""reasonCodes"":[""IDENTITY_MISMATCH""],""modelVersion"":""sr-4.2""}",3792,2026-02-04 08:34:04.892378-05:00
120,154,SENTINEL,666,HIGH,"VELOCITY_APPLICANT,ADDRESS_MISMATCH,IDENTITY_MISMATCH","{""requestId"":""sen-2d5f34d9"",""score"":666,""band"":""HIGH"",""reasonCodes"":[""VELOCITY_APPLICANT"",""ADDRESS_MISMATCH"",""IDENTITY_MISMATCH""],""modelVersion"":""sr-4.1""}",701,2026-02-04 07:41:40.235917-05:00
121,156,SENTINEL,237,LOW,"DEVICE_REPUTATION,ADDRESS_MISMATCH,SYNTHETIC_ID_PATTERN,VELOCITY_APPLICANT","{""requestId"":""sen-69ce283c"",""score"":237,""band"":""LOW"",""reasonCodes"":[""DEVICE_REPUTATION"",""ADDRESS_MISMATCH"",""SYNTHETIC_ID_PATTERN"",""VELOCITY_APPLICANT""],""modelVersion"":""sr-4.2""}",449,2026-02-04 10:56:36.566007-05:00
122,157,SENTINEL,514,MEDIUM,"EMAIL_AGE_LOW,PHONE_CARRIER_RISK,DEVICE_REPUTATION,BANK_ACCOUNT_AGE","{""requestId"":""sen-0805a1ee"",""score"":514,""band"":""MEDIUM"",""reasonCodes"":[""EMAIL_AGE_LOW"",""PHONE_CARRIER_RISK"",""DEVICE_REPUTATION"",""BANK_ACCOUNT_AGE""],""modelVersion"":""sr-4.2""}",238,2026-02-04 09:55:11.907774-05:00
123,158,SENTINEL,80,LOW,,"{""requestId"":""sen-a63d1b9f"",""score"":80,""band"":""LOW"",""reasonCodes"":null,""modelVersion"":""sr-4.2""}",2305,2026-02-04 10:51:52.060597-05:00
124,159,SENTINEL,749,HIGH,"DEVICE_REPUTATION,PHONE_CARRIER_RISK","{""requestId"":""sen-44749551"",""score"":749,""band"":""HIGH"",""reasonCodes"":[""DEVICE_REPUTATION"",""PHONE_CARRIER_RISK""],""modelVersion"":""sr-4.2""}",2364,2026-02-04 09:13:47.150860-05:00
125,161,SENTINEL,213,LOW,"PHONE_CARRIER_RISK,BANK_ACCOUNT_AGE,DEVICE_REPUTATION","{""requestId"":""sen-80e388b4"",""score"":213,""band"":""LOW"",""reasonCodes"":[""PHONE_CARRIER_RISK"",""BANK_ACCOUNT_AGE"",""DEVICE_REPUTATION""],""modelVersion"":""sr-4.1""}",88,2026-02-04 10:03:26.089602-05:00
126,162,SENTINEL,579,MEDIUM,"EMAIL_AGE_LOW,IDENTITY_MISMATCH,SYNTHETIC_ID_PATTERN,VELOCITY_APPLICANT","{""requestId"":""sen-1f1b0266"",""score"":579,""band"":""MEDIUM"",""reasonCodes"":[""EMAIL_AGE_LOW"",""IDENTITY_MISMATCH"",""SYNTHETIC_ID_PATTERN"",""VELOCITY_APPLICANT""],""modelVersion"":""sr-4.2""}",375,2026-02-04 11:10:06.203489-05:00
127,163,SENTINEL,448,MEDIUM,,"{""requestId"":""sen-bd527c17"",""score"":448,""band"":""MEDIUM"",""reasonCodes"":null,""modelVersion"":""sr-4.1""}",65,2026-02-04 13:12:21.650766-05:00
128,164,SENTINEL,436,MEDIUM,ADDRESS_MISMATCH,"{""requestId"":""sen-5b89f5c9"",""score"":436,""band"":""MEDIUM"",""reasonCodes"":[""ADDRESS_MISMATCH""],""modelVersion"":""sr-4.2""}",1645,2026-02-04 11:25:53.681753-05:00
129,165,SENTINEL,544,MEDIUM,,"{""requestId"":""sen-f9c16f7a"",""score"":544,""band"":""MEDIUM"",""reasonCodes"":null,""modelVersion"":""sr-4.2""}",1772,2026-02-04 10:35:36.587704-05:00
130,166,SENTINEL,231,LOW,SYNTHETIC_ID_PATTERN,"{""requestId"":""sen-97f8e92c"",""score"":231,""band"":""LOW"",""reasonCodes"":[""SYNTHETIC_ID_PATTERN""],""modelVersion"":""sr-4.1""}",147,2026-02-04 13:15:17.096487-05:00
131,167,SENTINEL,379,MEDIUM,IDENTITY_MISMATCH,"{""requestId"":""sen-363062de"",""score"":379,""band"":""MEDIUM"",""reasonCodes"":[""IDENTITY_MISMATCH""],""modelVersion"":""sr-4.2""}",931,2026-02-04 10:49:31.471695-05:00
132,168,SENTINEL,161,LOW,"ADDRESS_MISMATCH,IP_PROXY","{""requestId"":""sen-d467dc8f"",""score"":161,""band"":""LOW"",""reasonCodes"":[""ADDRESS_MISMATCH"",""IP_PROXY""],""modelVersion"":""sr-4.1""}",486,2026-02-04 12:39:49.740032-05:00
133,169,SENTINEL,389,MEDIUM,"DEVICE_REPUTATION,PHONE_CARRIER_RISK,ADDRESS_MISMATCH,IDENTITY_MISMATCH","{""requestId"":""sen-729f5641"",""score"":389,""band"":""MEDIUM"",""reasonCodes"":[""DEVICE_REPUTATION"",""PHONE_CARRIER_RISK"",""ADDRESS_MISMATCH"",""IDENTITY_MISMATCH""],""modelVersion"":""sr-4.2""}",2107,2026-02-04 14:14:53.027447-05:00
134,170,SENTINEL,115,LOW,"IP_PROXY,ADDRESS_MISMATCH","{""requestId"":""sen-10d6cff3"",""score"":115,""band"":""LOW"",""reasonCodes"":[""IP_PROXY"",""ADDRESS_MISMATCH""],""modelVersion"":""sr-4.2""}",1874,2026-02-04 13:32:41.632090-05:00
135,171,SENTINEL,434,MEDIUM,"BANK_ACCOUNT_AGE,IDENTITY_MISMATCH,SYNTHETIC_ID_PATTERN","{""requestId"":""sen-af0e49a4"",""score"":434,""band"":""MEDIUM"",""reasonCodes"":[""BANK_ACCOUNT_AGE"",""IDENTITY_MISMATCH"",""SYNTHETIC_ID_PATTERN""],""modelVersion"":""sr-4.1""}",238,2026-02-04 15:39:03.585341-05:00
136,172,SENTINEL,399,MEDIUM,"VELOCITY_APPLICANT,EMAIL_AGE_LOW","{""requestId"":""sen-4d45c356"",""score"":399,""band"":""MEDIUM"",""reasonCodes"":[""VELOCITY_APPLICANT"",""EMAIL_AGE_LOW""],""modelVersion"":""sr-4.2""}",3268,2026-02-04 15:22:02.759273-05:00
137,173,SENTINEL,246,LOW,"IP_PROXY,SYNTHETIC_ID_PATTERN,PHONE_CARRIER_RISK,VELOCITY_APPLICANT","{""requestId"":""sen-eb7d3d07"",""score"":246,""band"":""LOW"",""reasonCodes"":[""IP_PROXY"",""SYNTHETIC_ID_PATTERN"",""PHONE_CARRIER_RISK"",""VELOCITY_APPLICANT""],""modelVersion"":""sr-4.2""}",1427,2026-02-04 15:00:58.894021-05:00
138,174,SENTINEL,106,LOW,ADDRESS_MISMATCH,"{""requestId"":""sen-89b4b6b9"",""score"":106,""band"":""LOW"",""reasonCodes"":[""ADDRESS_MISMATCH""],""modelVersion"":""sr-4.2""}",185,2026-02-04 12:45:38.293649-05:00
139,175,SENTINEL,514,MEDIUM,"IDENTITY_MISMATCH,EMAIL_AGE_LOW,IP_PROXY,ADDRESS_MISMATCH","{""requestId"":""sen-27ec306b"",""score"":514,""band"":""MEDIUM"",""reasonCodes"":[""IDENTITY_MISMATCH"",""EMAIL_AGE_LOW"",""IP_PROXY"",""ADDRESS_MISMATCH""],""modelVersion"":""sr-4.2""}",1741,2026-02-04 14:40:15.219897-05:00
140,176,SENTINEL,332,LOW,EMAIL_AGE_LOW,"{""requestId"":""sen-c623aa1c"",""score"":332,""band"":""LOW"",""reasonCodes"":[""EMAIL_AGE_LOW""],""modelVersion"":""sr-4.2""}",2170,2026-02-04 12:09:21.009634-05:00
141,177,SENTINEL,422,MEDIUM,"ADDRESS_MISMATCH,IP_PROXY,BANK_ACCOUNT_AGE","{""requestId"":""sen-645b23ce"",""score"":422,""band"":""MEDIUM"",""reasonCodes"":[""ADDRESS_MISMATCH"",""IP_PROXY"",""BANK_ACCOUNT_AGE""],""modelVersion"":""sr-4.2""}",94,2026-02-04 14:16:33.404404-05:00
142,178,SENTINEL,265,LOW,,"{""requestId"":""sen-02929d80"",""score"":265,""band"":""LOW"",""reasonCodes"":null,""modelVersion"":""sr-4.2""}",394,2026-02-04 13:02:16.978154-05:00
143,180,SENTINEL,469,MEDIUM,"DEVICE_REPUTATION,PHONE_CARRIER_RISK,VELOCITY_APPLICANT","{""requestId"":""sen-3f0190e3"",""score"":469,""band"":""MEDIUM"",""reasonCodes"":[""DEVICE_REPUTATION"",""PHONE_CARRIER_RISK"",""VELOCITY_APPLICANT""],""modelVersion"":""sr-4.2""}",91,2026-02-04 13:51:38.833061-05:00
144,181,SENTINEL,73,LOW,"ADDRESS_MISMATCH,VELOCITY_APPLICANT,IDENTITY_MISMATCH","{""requestId"":""sen-dd390a94"",""score"":73,""band"":""LOW"",""reasonCodes"":[""ADDRESS_MISMATCH"",""VELOCITY_APPLICANT"",""IDENTITY_MISMATCH""],""modelVersion"":""sr-4.1""}",793,2026-02-04 17:10:45.635826-05:00
145,183,SENTINEL,510,MEDIUM,,"{""requestId"":""sen-19a7fdf8"",""score"":510,""band"":""MEDIUM"",""reasonCodes"":null,""modelVersion"":""sr-4.1""}",688,2026-02-04 15:49:57.243220-05:00
146,184,SENTINEL,651,HIGH,"PHONE_CARRIER_RISK,ADDRESS_MISMATCH,BANK_ACCOUNT_AGE,VELOCITY_APPLICANT","{""requestId"":""sen-b7df77a9"",""score"":651,""band"":""HIGH"",""reasonCodes"":[""PHONE_CARRIER_RISK"",""ADDRESS_MISMATCH"",""BANK_ACCOUNT_AGE"",""VELOCITY_APPLICANT""],""modelVersion"":""sr-4.2""}",707,2026-02-04 15:06:19.437068-05:00
147,185,SENTINEL,271,LOW,"DEVICE_REPUTATION,PHONE_CARRIER_RISK","{""requestId"":""sen-5616f15b"",""score"":271,""band"":""LOW"",""reasonCodes"":[""DEVICE_REPUTATION"",""PHONE_CARRIER_RISK""],""modelVersion"":""sr-4.1""}",117,2026-02-04 16:49:56.326374-05:00
148,186,SENTINEL,290,LOW,"IP_PROXY,BANK_ACCOUNT_AGE,PHONE_CARRIER_RISK","{""requestId"":""sen-f44e6b0c"",""score"":290,""band"":""LOW"",""reasonCodes"":[""IP_PROXY"",""BANK_ACCOUNT_AGE"",""PHONE_CARRIER_RISK""],""modelVersion"":""sr-4.2""}",2697,2026-02-04 13:46:03.229186-05:00
149,187,SENTINEL,208,LOW,"BANK_ACCOUNT_AGE,IDENTITY_MISMATCH,IP_PROXY,ADDRESS_MISMATCH","{""requestId"":""sen-9285e4be"",""score"":208,""band"":""LOW"",""reasonCodes"":[""BANK_ACCOUNT_AGE"",""IDENTITY_MISMATCH"",""IP_PROXY"",""ADDRESS_MISMATCH""],""modelVersion"":""sr-4.2""}",86,2026-02-04 15:35:14.199882-05:00
150,188,SENTINEL,412,MEDIUM,"VELOCITY_APPLICANT,DEVICE_REPUTATION","{""requestId"":""sen-30bd5e70"",""score"":412,""band"":""MEDIUM"",""reasonCodes"":[""VELOCITY_APPLICANT"",""DEVICE_REPUTATION""],""modelVersion"":""sr-4.1""}",842,2026-02-04 17:36:34.722045-05:00
151,189,SENTINEL,444,MEDIUM,"PHONE_CARRIER_RISK,ADDRESS_MISMATCH,VELOCITY_APPLICANT,DEVICE_REPUTATION","{""requestId"":""sen-cef4d821"",""score"":444,""band"":""MEDIUM"",""reasonCodes"":[""PHONE_CARRIER_RISK"",""ADDRESS_MISMATCH"",""VELOCITY_APPLICANT"",""DEVICE_REPUTATION""],""modelVersion"":""sr-4.2""}",432,2026-02-04 16:13:49.782771-05:00
152,190,SENTINEL,247,LOW,VELOCITY_APPLICANT,"{""requestId"":""sen-6d2c51d3"",""score"":247,""band"":""LOW"",""reasonCodes"":[""VELOCITY_APPLICANT""],""modelVersion"":""sr-4.2""}",329,2026-02-04 13:51:34.983296-05:00
153,192,SENTINEL,337,LOW,"ADDRESS_MISMATCH,DEVICE_REPUTATION","{""requestId"":""sen-a99b4536"",""score"":337,""band"":""LOW"",""reasonCodes"":[""ADDRESS_MISMATCH"",""DEVICE_REPUTATION""],""modelVersion"":""sr-4.2""}",197,2026-02-04 15:34:18.029207-05:00
154,193,SENTINEL,414,MEDIUM,"EMAIL_AGE_LOW,IP_PROXY","{""requestId"":""sen-47d2bee8"",""score"":414,""band"":""MEDIUM"",""reasonCodes"":[""EMAIL_AGE_LOW"",""IP_PROXY""],""modelVersion"":""sr-4.1""}",649,2026-02-04 15:54:28.104983-05:00
155,194,SENTINEL,159,LOW,"EMAIL_AGE_LOW,IDENTITY_MISMATCH,PHONE_CARRIER_RISK,VELOCITY_APPLICANT","{""requestId"":""sen-e60a3899"",""score"":159,""band"":""LOW"",""reasonCodes"":[""EMAIL_AGE_LOW"",""IDENTITY_MISMATCH"",""PHONE_CARRIER_RISK"",""VELOCITY_APPLICANT""],""modelVersion"":""sr-4.2""}",519,2026-02-04 17:47:03.075132-05:00
156,195,SENTINEL,319,LOW,,"{""requestId"":""sen-8441b24b"",""score"":319,""band"":""LOW"",""reasonCodes"":null,""modelVersion"":""sr-4.2""}",2480,2026-02-04 16:36:01.474127-05:00
157,196,SENTINEL,245,LOW,ADDRESS_MISMATCH,"{""requestId"":""sen-22792bfd"",""score"":245,""band"":""LOW"",""reasonCodes"":[""ADDRESS_MISMATCH""],""modelVersion"":""sr-4.2""}",58,2026-02-04 18:20:55.861038-05:00
158,197,SENTINEL,308,LOW,"SYNTHETIC_ID_PATTERN,VELOCITY_APPLICANT","{""requestId"":""sen-c0b0a5ae"",""score"":308,""band"":""LOW"",""reasonCodes"":[""SYNTHETIC_ID_PATTERN"",""VELOCITY_APPLICANT""],""modelVersion"":""sr-4.1""}",663,2026-02-04 16:42:19.253601-05:00
159,199,SENTINEL,606,MEDIUM,"IDENTITY_MISMATCH,DEVICE_REPUTATION,SYNTHETIC_ID_PATTERN,EMAIL_AGE_LOW","{""requestId"":""sen-fd1f9911"",""score"":606,""band"":""MEDIUM"",""reasonCodes"":[""IDENTITY_MISMATCH"",""DEVICE_REPUTATION"",""SYNTHETIC_ID_PATTERN"",""EMAIL_AGE_LOW""],""modelVersion"":""sr-4.2""}",117,2026-02-04 16:31:08.683894-05:00
160,200,SENTINEL,374,MEDIUM,"ADDRESS_MISMATCH,VELOCITY_APPLICANT,BANK_ACCOUNT_AGE,EMAIL_AGE_LOW","{""requestId"":""sen-9b5712c3"",""score"":374,""band"":""MEDIUM"",""reasonCodes"":[""ADDRESS_MISMATCH"",""VELOCITY_APPLICANT"",""BANK_ACCOUNT_AGE"",""EMAIL_AGE_LOW""],""modelVersion"":""sr-4.2""}",97,2026-02-04 19:30:21.339030-05:00
161,201,SENTINEL,563,MEDIUM,"PHONE_CARRIER_RISK,ADDRESS_MISMATCH,IP_PROXY","{""requestId"":""sen-398e8c75"",""score"":563,""band"":""MEDIUM"",""reasonCodes"":[""PHONE_CARRIER_RISK"",""ADDRESS_MISMATCH"",""IP_PROXY""],""modelVersion"":""sr-4.2""}",687,2026-02-04 18:37:05.339672-05:00
162,202,SENTINEL,434,MEDIUM,"ADDRESS_MISMATCH,EMAIL_AGE_LOW,PHONE_CARRIER_RISK","{""requestId"":""sen-d7c60626"",""score"":434,""band"":""MEDIUM"",""reasonCodes"":[""ADDRESS_MISMATCH"",""EMAIL_AGE_LOW"",""PHONE_CARRIER_RISK""],""modelVersion"":""sr-4.2""}",4671,2026-02-04 19:26:17.250942-05:00
163,203,SENTINEL,1,LOW,"EMAIL_AGE_LOW,IP_PROXY,SYNTHETIC_ID_PATTERN,DEVICE_REPUTATION","{""requestId"":""sen-75fd7fd8"",""score"":1,""band"":""LOW"",""reasonCodes"":[""EMAIL_AGE_LOW"",""IP_PROXY"",""SYNTHETIC_ID_PATTERN"",""DEVICE_REPUTATION""],""modelVersion"":""sr-4.2""}",600,2026-02-04 18:11:19.323986-05:00
164,204,SENTINEL,153,LOW,"EMAIL_AGE_LOW,ADDRESS_MISMATCH","{""requestId"":""sen-1434f98a"",""score"":153,""band"":""LOW"",""reasonCodes"":[""EMAIL_AGE_LOW"",""ADDRESS_MISMATCH""],""modelVersion"":""sr-4.2""}",110,2026-02-04 18:29:33.133384-05:00
165,207,SENTINEL,236,LOW,"DEVICE_REPUTATION,IDENTITY_MISMATCH","{""requestId"":""sen-eedb669e"",""score"":236,""band"":""LOW"",""reasonCodes"":[""DEVICE_REPUTATION"",""IDENTITY_MISMATCH""],""modelVersion"":""sr-4.2""}",1353,2026-02-04 19:12:09.903764-05:00
166,208,SENTINEL,309,LOW,VELOCITY_APPLICANT,"{""requestId"":""sen-8d12e050"",""score"":309,""band"":""LOW"",""reasonCodes"":[""VELOCITY_APPLICANT""],""modelVersion"":""sr-4.2""}",152,2026-02-04 19:48:40.772235-05:00
167,209,SENTINEL,435,MEDIUM,DEVICE_REPUTATION,"{""requestId"":""sen-2b4a5a02"",""score"":435,""band"":""MEDIUM"",""reasonCodes"":[""DEVICE_REPUTATION""],""modelVersion"":""sr-4.2""}",1116,2026-02-04 19:31:53.920703-05:00
168,210,SENTINEL,34,LOW,"SYNTHETIC_ID_PATTERN,IDENTITY_MISMATCH,IP_PROXY,PHONE_CARRIER_RISK","{""requestId"":""sen-c981d3b3"",""score"":34,""band"":""LOW"",""reasonCodes"":[""SYNTHETIC_ID_PATTERN"",""IDENTITY_MISMATCH"",""IP_PROXY"",""PHONE_CARRIER_RISK""],""modelVersion"":""sr-4.1""}",15,2026-02-04 19:14:42.325869-05:00
169,211,SENTINEL,126,LOW,"IDENTITY_MISMATCH,PHONE_CARRIER_RISK","{""requestId"":""sen-67b94d65"",""score"":126,""band"":""LOW"",""reasonCodes"":[""IDENTITY_MISMATCH"",""PHONE_CARRIER_RISK""],""modelVersion"":""sr-4.2""}",899,2026-02-04 19:50:13.277890-05:00
170,212,SENTINEL,446,MEDIUM,"ADDRESS_MISMATCH,SYNTHETIC_ID_PATTERN,EMAIL_AGE_LOW,DEVICE_REPUTATION","{""requestId"":""sen-05f0c717"",""score"":446,""band"":""MEDIUM"",""reasonCodes"":[""ADDRESS_MISMATCH"",""SYNTHETIC_ID_PATTERN"",""EMAIL_AGE_LOW"",""DEVICE_REPUTATION""],""modelVersion"":""sr-4.2""}",84,2026-02-04 20:59:39.215258-05:00
171,216,SENTINEL,307,LOW,"PHONE_CARRIER_RISK,EMAIL_AGE_LOW,BANK_ACCOUNT_AGE,IP_PROXY","{""requestId"":""sen-7eceaddd"",""score"":307,""band"":""LOW"",""reasonCodes"":[""PHONE_CARRIER_RISK"",""EMAIL_AGE_LOW"",""BANK_ACCOUNT_AGE"",""IP_PROXY""],""modelVersion"":""sr-4.1""}",633,2026-02-04 21:45:11.031118-05:00
172,217,SENTINEL,523,MEDIUM,"IDENTITY_MISMATCH,ADDRESS_MISMATCH,DEVICE_REPUTATION,BANK_ACCOUNT_AGE","{""requestId"":""sen-1d06278f"",""score"":523,""band"":""MEDIUM"",""reasonCodes"":[""IDENTITY_MISMATCH"",""ADDRESS_MISMATCH"",""DEVICE_REPUTATION"",""BANK_ACCOUNT_AGE""],""modelVersion"":""sr-4.2""}",399,2026-02-04 23:35:59.675791-05:00
173,219,SENTINEL,312,LOW,"PHONE_CARRIER_RISK,ADDRESS_MISMATCH,EMAIL_AGE_LOW","{""requestId"":""sen-59751af2"",""score"":312,""band"":""LOW"",""reasonCodes"":[""PHONE_CARRIER_RISK"",""ADDRESS_MISMATCH"",""EMAIL_AGE_LOW""],""modelVersion"":""sr-4.1""}",225,2026-02-05 00:22:03.482246-05:00
174,220,SENTINEL,316,LOW,"EMAIL_AGE_LOW,IDENTITY_MISMATCH,ADDRESS_MISMATCH,VELOCITY_APPLICANT","{""requestId"":""sen-f7ac94a3"",""score"":316,""band"":""LOW"",""reasonCodes"":[""EMAIL_AGE_LOW"",""IDENTITY_MISMATCH"",""ADDRESS_MISMATCH"",""VELOCITY_APPLICANT""],""modelVersion"":""sr-4.2""}",82,2026-02-04 23:33:24.070206-05:00
175,221,SENTINEL,318,LOW,,"{""requestId"":""sen-95e40e55"",""score"":318,""band"":""LOW"",""reasonCodes"":null,""modelVersion"":""sr-4.1""}",212,2026-02-04 23:35:28.428370-05:00
176,222,SENTINEL,393,MEDIUM,"PHONE_CARRIER_RISK,VELOCITY_APPLICANT","{""requestId"":""sen-341b8807"",""score"":393,""band"":""MEDIUM"",""reasonCodes"":[""PHONE_CARRIER_RISK"",""VELOCITY_APPLICANT""],""modelVersion"":""sr-4.1""}",2666,2026-02-05 01:56:53.149330-05:00
177,223,SENTINEL,664,HIGH,"BANK_ACCOUNT_AGE,PHONE_CARRIER_RISK","{""requestId"":""sen-d25301b8"",""score"":664,""band"":""HIGH"",""reasonCodes"":[""BANK_ACCOUNT_AGE"",""PHONE_CARRIER_RISK""],""modelVersion"":""sr-4.2""}",1389,2026-02-05 01:39:44.224325-05:00
178,224,SENTINEL,177,LOW,"DEVICE_REPUTATION,IDENTITY_MISMATCH,EMAIL_AGE_LOW","{""requestId"":""sen-708a7b6a"",""score"":177,""band"":""LOW"",""reasonCodes"":[""DEVICE_REPUTATION"",""IDENTITY_MISMATCH"",""EMAIL_AGE_LOW""],""modelVersion"":""sr-4.1""}",300,2026-02-05 05:26:08.878129-05:00
179,225,SENTINEL,53,LOW,,"{""requestId"":""sen-0ec1f51c"",""score"":53,""band"":""LOW"",""reasonCodes"":null,""modelVersion"":""sr-4.1""}",1482,2026-02-05 05:06:21.358512-05:00
180,226,SENTINEL,829,HIGH,,"{""requestId"":""sen-acf96ecd"",""score"":829,""band"":""HIGH"",""reasonCodes"":null,""modelVersion"":""sr-4.2""}",1911,2026-02-05 06:20:33.685722-05:00
181,227,SENTINEL,418,MEDIUM,"EMAIL_AGE_LOW,BANK_ACCOUNT_AGE","{""requestId"":""sen-4b30e87f"",""score"":418,""band"":""MEDIUM"",""reasonCodes"":[""EMAIL_AGE_LOW"",""BANK_ACCOUNT_AGE""],""modelVersion"":""sr-4.2""}",1008,2026-02-05 08:37:14.853721-05:00
182,228,SENTINEL,160,LOW,"BANK_ACCOUNT_AGE,IDENTITY_MISMATCH,DEVICE_REPUTATION,EMAIL_AGE_LOW","{""requestId"":""sen-e9686230"",""score"":160,""band"":""LOW"",""reasonCodes"":[""BANK_ACCOUNT_AGE"",""IDENTITY_MISMATCH"",""DEVICE_REPUTATION"",""EMAIL_AGE_LOW""],""modelVersion"":""sr-4.2""}",129,2026-02-05 05:32:03.120485-05:00
183,229,SENTINEL,382,MEDIUM,"DEVICE_REPUTATION,PHONE_CARRIER_RISK,VELOCITY_APPLICANT,IDENTITY_MISMATCH","{""requestId"":""sen-879fdbe2"",""score"":382,""band"":""MEDIUM"",""reasonCodes"":[""DEVICE_REPUTATION"",""PHONE_CARRIER_RISK"",""VELOCITY_APPLICANT"",""IDENTITY_MISMATCH""],""modelVersion"":""sr-4.1""}",4741,2026-02-05 09:48:01.063005-05:00
184,230,SENTINEL,269,LOW,SYNTHETIC_ID_PATTERN,"{""requestId"":""sen-25d75594"",""score"":269,""band"":""LOW"",""reasonCodes"":[""SYNTHETIC_ID_PATTERN""],""modelVersion"":""sr-4.2""}",142,2026-02-05 07:24:03.300833-05:00
185,231,SENTINEL,70,LOW,"EMAIL_AGE_LOW,IDENTITY_MISMATCH,IP_PROXY","{""requestId"":""sen-c40ecf45"",""score"":70,""band"":""LOW"",""reasonCodes"":[""EMAIL_AGE_LOW"",""IDENTITY_MISMATCH"",""IP_PROXY""],""modelVersion"":""sr-4.2""}",156,2026-02-05 11:33:50.353571-05:00
186,232,SENTINEL,330,LOW,"EMAIL_AGE_LOW,PHONE_CARRIER_RISK","{""requestId"":""sen-624648f7"",""score"":330,""band"":""LOW"",""reasonCodes"":[""EMAIL_AGE_LOW"",""PHONE_CARRIER_RISK""],""modelVersion"":""sr-4.2""}",248,2026-02-05 09:54:39.367804-05:00
187,233,SENTINEL,1,LOW,IP_PROXY,"{""requestId"":""sen-007dc2a9"",""score"":1,""band"":""LOW"",""reasonCodes"":[""IP_PROXY""],""modelVersion"":""sr-4.2""}",299,2026-02-05 08:24:33.325215-05:00
188,234,SENTINEL,339,LOW,"IDENTITY_MISMATCH,ADDRESS_MISMATCH,DEVICE_REPUTATION","{""requestId"":""sen-9eb53c5a"",""score"":339,""band"":""LOW"",""reasonCodes"":[""IDENTITY_MISMATCH"",""ADDRESS_MISMATCH"",""DEVICE_REPUTATION""],""modelVersion"":""sr-4.2""}",1501,2026-02-05 10:24:00.092727-05:00
189,235,SENTINEL,308,LOW,,"{""requestId"":""sen-3cecb60c"",""score"":308,""band"":""LOW"",""reasonCodes"":null,""modelVersion"":""sr-4.2""}",391,2026-02-05 09:57:57.496948-05:00
190,236,SENTINEL,1,LOW,"PHONE_CARRIER_RISK,EMAIL_AGE_LOW,BANK_ACCOUNT_AGE,IDENTITY_MISMATCH","{""requestId"":""sen-db242fbd"",""score"":1,""band"":""LOW"",""reasonCodes"":[""PHONE_CARRIER_RISK"",""EMAIL_AGE_LOW"",""BANK_ACCOUNT_AGE"",""IDENTITY_MISMATCH""],""modelVersion"":""sr-4.1""}",486,2026-02-05 11:12:21.199337-05:00
191,237,SENTINEL,51,LOW,DEVICE_REPUTATION,"{""requestId"":""sen-795ba96f"",""score"":51,""band"":""LOW"",""reasonCodes"":[""DEVICE_REPUTATION""],""modelVersion"":""sr-4.1""}",221,2026-02-05 13:30:10.468033-05:00
192,238,SENTINEL,84,LOW,IDENTITY_MISMATCH,"{""requestId"":""sen-17932321"",""score"":84,""band"":""LOW"",""reasonCodes"":[""IDENTITY_MISMATCH""],""modelVersion"":""sr-4.2""}",448,2026-02-05 10:42:30.078531-05:00
193,239,SENTINEL,767,HIGH,"IP_PROXY,EMAIL_AGE_LOW","{""requestId"":""sen-b5ca9cd2"",""score"":767,""band"":""HIGH"",""reasonCodes"":[""IP_PROXY"",""EMAIL_AGE_LOW""],""modelVersion"":""sr-4.2""}",280,2026-02-05 14:03:09.535479-05:00
194,240,SENTINEL,211,LOW,,"{""requestId"":""sen-54021684"",""score"":211,""band"":""LOW"",""reasonCodes"":null,""modelVersion"":""sr-4.1""}",400,2026-02-05 12:40:08.982704-05:00
195,241,SENTINEL,199,LOW,"SYNTHETIC_ID_PATTERN,DEVICE_REPUTATION,BANK_ACCOUNT_AGE,IP_PROXY","{""requestId"":""sen-f2399035"",""score"":199,""band"":""LOW"",""reasonCodes"":[""SYNTHETIC_ID_PATTERN"",""DEVICE_REPUTATION"",""BANK_ACCOUNT_AGE"",""IP_PROXY""],""modelVersion"":""sr-4.1""}",507,2026-02-05 10:40:13.352342-05:00
196,242,SENTINEL,376,MEDIUM,"DEVICE_REPUTATION,SYNTHETIC_ID_PATTERN","{""requestId"":""sen-907109e7"",""score"":376,""band"":""MEDIUM"",""reasonCodes"":[""DEVICE_REPUTATION"",""SYNTHETIC_ID_PATTERN""],""modelVersion"":""sr-4.2""}",517,2026-02-05 13:31:16.409977-05:00
197,243,SENTINEL,350,MEDIUM,,"{""requestId"":""sen-2ea88399"",""score"":350,""band"":""MEDIUM"",""reasonCodes"":null,""modelVersion"":""sr-4.1""}",300,2026-02-05 14:30:17.820473-05:00
198,247,SENTINEL,478,MEDIUM,"PHONE_CARRIER_RISK,BANK_ACCOUNT_AGE","{""requestId"":""sen-a7866a5f"",""score"":478,""band"":""MEDIUM"",""reasonCodes"":[""PHONE_CARRIER_RISK"",""BANK_ACCOUNT_AGE""],""modelVersion"":""sr-4.2""}",128,2026-02-05 11:04:13.688135-05:00
199,248,SENTINEL,166,LOW,"BANK_ACCOUNT_AGE,IP_PROXY","{""requestId"":""sen-45bde411"",""score"":166,""band"":""LOW"",""reasonCodes"":[""BANK_ACCOUNT_AGE"",""IP_PROXY""],""modelVersion"":""sr-4.2""}",553,2026-02-05 14:19:01.568367-05:00
200,249,SENTINEL,263,LOW,"IDENTITY_MISMATCH,IP_PROXY,EMAIL_AGE_LOW,BANK_ACCOUNT_AGE","{""requestId"":""sen-e3f55dc2"",""score"":263,""band"":""LOW"",""reasonCodes"":[""IDENTITY_MISMATCH"",""IP_PROXY"",""EMAIL_AGE_LOW"",""BANK_ACCOUNT_AGE""],""modelVersion"":""sr-4.2""}",503,2026-02-05 13:34:28.900343-05:00
201,251,SENTINEL,1,LOW,ADDRESS_MISMATCH,"{""requestId"":""sen-20645126"",""score"":1,""band"":""LOW"",""reasonCodes"":[""ADDRESS_MISMATCH""],""modelVersion"":""sr-4.2""}",921,2026-02-05 13:00:16.372135-05:00
202,252,SENTINEL,324,LOW,,"{""requestId"":""sen-be9bcad7"",""score"":324,""band"":""LOW"",""reasonCodes"":null,""modelVersion"":""sr-4.1""}",183,2026-02-05 14:58:13.968861-05:00
203,253,SENTINEL,563,MEDIUM,"DEVICE_REPUTATION,BANK_ACCOUNT_AGE,PHONE_CARRIER_RISK,EMAIL_AGE_LOW","{""requestId"":""sen-5cd34489"",""score"":563,""band"":""MEDIUM"",""reasonCodes"":[""DEVICE_REPUTATION"",""BANK_ACCOUNT_AGE"",""PHONE_CARRIER_RISK"",""EMAIL_AGE_LOW""],""modelVersion"":""sr-4.1""}",491,2026-02-05 16:01:54.899374-05:00
204,254,SENTINEL,335,LOW,"SYNTHETIC_ID_PATTERN,EMAIL_AGE_LOW,IDENTITY_MISMATCH,VELOCITY_APPLICANT","{""requestId"":""sen-fb0abe3a"",""score"":335,""band"":""LOW"",""reasonCodes"":[""SYNTHETIC_ID_PATTERN"",""EMAIL_AGE_LOW"",""IDENTITY_MISMATCH"",""VELOCITY_APPLICANT""],""modelVersion"":""sr-4.2""}",1628,2026-02-05 14:28:02.799562-05:00
205,258,SENTINEL,331,LOW,"SYNTHETIC_ID_PATTERN,IP_PROXY,VELOCITY_APPLICANT,PHONE_CARRIER_RISK","{""requestId"":""sen-73e8a501"",""score"":331,""band"":""LOW"",""reasonCodes"":[""SYNTHETIC_ID_PATTERN"",""IP_PROXY"",""VELOCITY_APPLICANT"",""PHONE_CARRIER_RISK""],""modelVersion"":""sr-4.2""}",107,2026-02-05 13:43:59.282900-05:00
206,259,SENTINEL,494,MEDIUM,"BANK_ACCOUNT_AGE,ADDRESS_MISMATCH,SYNTHETIC_ID_PATTERN","{""requestId"":""sen-12201eb3"",""score"":494,""band"":""MEDIUM"",""reasonCodes"":[""BANK_ACCOUNT_AGE"",""ADDRESS_MISMATCH"",""SYNTHETIC_ID_PATTERN""],""modelVersion"":""sr-4.2""}",1369,2026-02-05 15:49:02.425389-05:00
207,260,SENTINEL,431,MEDIUM,"IDENTITY_MISMATCH,ADDRESS_MISMATCH,BANK_ACCOUNT_AGE,PHONE_CARRIER_RISK","{""requestId"":""sen-b0579864"",""score"":431,""band"":""MEDIUM"",""reasonCodes"":[""IDENTITY_MISMATCH"",""ADDRESS_MISMATCH"",""BANK_ACCOUNT_AGE"",""PHONE_CARRIER_RISK""],""modelVersion"":""sr-4.1""}",709,2026-02-05 16:29:38.519511-05:00
208,265,SENTINEL,19,LOW,EMAIL_AGE_LOW,"{""requestId"":""sen-c76cf8dc"",""score"":19,""band"":""LOW"",""reasonCodes"":[""EMAIL_AGE_LOW""],""modelVersion"":""sr-4.2""}",9965,2026-02-05 17:30:59.078373-05:00
209,267,SENTINEL,58,LOW,"BANK_ACCOUNT_AGE,EMAIL_AGE_LOW","{""requestId"":""sen-03dbec40"",""score"":58,""band"":""LOW"",""reasonCodes"":[""BANK_ACCOUNT_AGE"",""EMAIL_AGE_LOW""],""modelVersion"":""sr-4.1""}",117,2026-02-05 18:10:36.655984-05:00
210,268,SENTINEL,299,LOW,"ADDRESS_MISMATCH,SYNTHETIC_ID_PATTERN,IDENTITY_MISMATCH","{""requestId"":""sen-a21365f1"",""score"":299,""band"":""LOW"",""reasonCodes"":[""ADDRESS_MISMATCH"",""SYNTHETIC_ID_PATTERN"",""IDENTITY_MISMATCH""],""modelVersion"":""sr-4.1""}",241,2026-02-05 16:11:00.594142-05:00
211,269,SENTINEL,261,LOW,"BANK_ACCOUNT_AGE,EMAIL_AGE_LOW,IDENTITY_MISMATCH,IP_PROXY","{""requestId"":""sen-404adfa3"",""score"":261,""band"":""LOW"",""reasonCodes"":[""BANK_ACCOUNT_AGE"",""EMAIL_AGE_LOW"",""IDENTITY_MISMATCH"",""IP_PROXY""],""modelVersion"":""sr-4.2""}",253,2026-02-05 17:13:35.370686-05:00
212,270,SENTINEL,394,MEDIUM,"EMAIL_AGE_LOW,IP_PROXY","{""requestId"":""sen-de825954"",""score"":394,""band"":""MEDIUM"",""reasonCodes"":[""EMAIL_AGE_LOW"",""IP_PROXY""],""modelVersion"":""sr-4.2""}",61,2026-02-05 14:22:55.010352-05:00
213,272,SENTINEL,387,MEDIUM,,"{""requestId"":""sen-1af14cb8"",""score"":387,""band"":""MEDIUM"",""reasonCodes"":null,""modelVersion"":""sr-4.1""}",429,2026-02-05 16:01:28.797009-05:00
214,274,SENTINEL,315,LOW,"DEVICE_REPUTATION,VELOCITY_APPLICANT,PHONE_CARRIER_RISK,BANK_ACCOUNT_AGE","{""requestId"":""sen-5760401b"",""score"":315,""band"":""LOW"",""reasonCodes"":[""DEVICE_REPUTATION"",""VELOCITY_APPLICANT"",""PHONE_CARRIER_RISK"",""BANK_ACCOUNT_AGE""],""modelVersion"":""sr-4.2""}",139,2026-02-05 18:03:45.581023-05:00
215,275,SENTINEL,201,LOW,,"{""requestId"":""sen-f597b9cc"",""score"":201,""band"":""LOW"",""reasonCodes"":null,""modelVersion"":""sr-4.1""}",1033,2026-02-05 19:10:31.930414-05:00
216,276,SENTINEL,431,MEDIUM,"IP_PROXY,SYNTHETIC_ID_PATTERN,EMAIL_AGE_LOW","{""requestId"":""sen-93cf337e"",""score"":431,""band"":""MEDIUM"",""reasonCodes"":[""IP_PROXY"",""SYNTHETIC_ID_PATTERN"",""EMAIL_AGE_LOW""],""modelVersion"":""sr-4.1""}",198,2026-02-05 16:05:14.469424-05:00
217,278,SENTINEL,22,LOW,"IP_PROXY,IDENTITY_MISMATCH,VELOCITY_APPLICANT","{""requestId"":""sen-d03e26e1"",""score"":22,""band"":""LOW"",""reasonCodes"":[""IP_PROXY"",""IDENTITY_MISMATCH"",""VELOCITY_APPLICANT""],""modelVersion"":""sr-4.1""}",358,2026-02-05 20:16:26.301170-05:00
218,279,SENTINEL,297,LOW,"EMAIL_AGE_LOW,VELOCITY_APPLICANT,IDENTITY_MISMATCH","{""requestId"":""sen-6e75a093"",""score"":297,""band"":""LOW"",""reasonCodes"":[""EMAIL_AGE_LOW"",""VELOCITY_APPLICANT"",""IDENTITY_MISMATCH""],""modelVersion"":""sr-4.2""}",1798,2026-02-05 18:56:46.722477-05:00
219,280,SENTINEL,308,LOW,VELOCITY_APPLICANT,"{""requestId"":""sen-0cad1a45"",""score"":308,""band"":""LOW"",""reasonCodes"":[""VELOCITY_APPLICANT""],""modelVersion"":""sr-4.2""}",1245,2026-02-05 18:20:01.838489-05:00
220,281,SENTINEL,54,LOW,PHONE_CARRIER_RISK,"{""requestId"":""sen-aae493f6"",""score"":54,""band"":""LOW"",""reasonCodes"":[""PHONE_CARRIER_RISK""],""modelVersion"":""sr-4.1""}",267,2026-02-05 20:18:21.231349-05:00
221,283,SENTINEL,349,LOW,"BANK_ACCOUNT_AGE,DEVICE_REPUTATION,SYNTHETIC_ID_PATTERN","{""requestId"":""sen-e7538759"",""score"":349,""band"":""LOW"",""reasonCodes"":[""BANK_ACCOUNT_AGE"",""DEVICE_REPUTATION"",""SYNTHETIC_ID_PATTERN""],""modelVersion"":""sr-4.2""}",826,2026-02-05 18:56:57.826721-05:00
222,285,SENTINEL,528,MEDIUM,"EMAIL_AGE_LOW,DEVICE_REPUTATION","{""requestId"":""sen-23c27abd"",""score"":528,""band"":""MEDIUM"",""reasonCodes"":[""EMAIL_AGE_LOW"",""DEVICE_REPUTATION""],""modelVersion"":""sr-4.1""}",414,2026-02-05 17:57:32.628740-05:00
223,286,SENTINEL,528,MEDIUM,DEVICE_REPUTATION,"{""requestId"":""sen-c1f9f46e"",""score"":528,""band"":""MEDIUM"",""reasonCodes"":[""DEVICE_REPUTATION""],""modelVersion"":""sr-4.1""}",648,2026-02-05 20:53:45.171944-05:00
224,287,SENTINEL,238,LOW,,"{""requestId"":""sen-60316e20"",""score"":238,""band"":""LOW"",""reasonCodes"":null,""modelVersion"":""sr-4.2""}",4810,2026-02-05 17:27:51.151747-05:00
225,288,SENTINEL,496,MEDIUM,BANK_ACCOUNT_AGE,"{""requestId"":""sen-fe68e7d1"",""score"":496,""band"":""MEDIUM"",""reasonCodes"":[""BANK_ACCOUNT_AGE""],""modelVersion"":""sr-4.2""}",582,2026-02-05 18:16:30.159589-05:00
226,289,SENTINEL,239,LOW,SYNTHETIC_ID_PATTERN,"{""requestId"":""sen-9ca06183"",""score"":239,""band"":""LOW"",""reasonCodes"":[""SYNTHETIC_ID_PATTERN""],""modelVersion"":""sr-4.2""}",386,2026-02-05 21:45:54.973629-05:00
227,290,SENTINEL,209,LOW,"SYNTHETIC_ID_PATTERN,IDENTITY_MISMATCH,BANK_ACCOUNT_AGE","{""requestId"":""sen-3ad7db35"",""score"":209,""band"":""LOW"",""reasonCodes"":[""SYNTHETIC_ID_PATTERN"",""IDENTITY_MISMATCH"",""BANK_ACCOUNT_AGE""],""modelVersion"":""sr-4.1""}",17953,2026-02-05 20:42:32.630068-05:00
228,291,SENTINEL,267,LOW,VELOCITY_APPLICANT,"{""requestId"":""sen-d90f54e6"",""score"":267,""band"":""LOW"",""reasonCodes"":[""VELOCITY_APPLICANT""],""modelVersion"":""sr-4.2""}",129,2026-02-05 18:47:27.632848-05:00
229,292,SENTINEL,452,MEDIUM,"IP_PROXY,ADDRESS_MISMATCH,DEVICE_REPUTATION,VELOCITY_APPLICANT","{""requestId"":""sen-7746ce98"",""score"":452,""band"":""MEDIUM"",""reasonCodes"":[""IP_PROXY"",""ADDRESS_MISMATCH"",""DEVICE_REPUTATION"",""VELOCITY_APPLICANT""],""modelVersion"":""sr-4.1""}",1454,2026-02-05 18:33:28.111385-05:00
230,293,SENTINEL,514,MEDIUM,"BANK_ACCOUNT_AGE,SYNTHETIC_ID_PATTERN,VELOCITY_APPLICANT,EMAIL_AGE_LOW","{""requestId"":""sen-157e484a"",""score"":514,""band"":""MEDIUM"",""reasonCodes"":[""BANK_ACCOUNT_AGE"",""SYNTHETIC_ID_PATTERN"",""VELOCITY_APPLICANT"",""EMAIL_AGE_LOW""],""modelVersion"":""sr-4.2""}",461,2026-02-05 22:03:41.019901-05:00
231,294,SENTINEL,370,MEDIUM,"EMAIL_AGE_LOW,SYNTHETIC_ID_PATTERN,BANK_ACCOUNT_AGE","{""requestId"":""sen-b3b5c1fb"",""score"":370,""band"":""MEDIUM"",""reasonCodes"":[""EMAIL_AGE_LOW"",""SYNTHETIC_ID_PATTERN"",""BANK_ACCOUNT_AGE""],""modelVersion"":""sr-4.2""}",1563,2026-02-05 21:05:10.905643-05:00
232,295,SENTINEL,210,LOW,"VELOCITY_APPLICANT,BANK_ACCOUNT_AGE,ADDRESS_MISMATCH","{""requestId"":""sen-51ed3bad"",""score"":210,""band"":""LOW"",""reasonCodes"":[""VELOCITY_APPLICANT"",""BANK_ACCOUNT_AGE"",""ADDRESS_MISMATCH""],""modelVersion"":""sr-4.2""}",2374,2026-02-05 21:15:04.643429-05:00
233,296,SENTINEL,346,LOW,"EMAIL_AGE_LOW,BANK_ACCOUNT_AGE,IDENTITY_MISMATCH,IP_PROXY","{""requestId"":""sen-f024b55e"",""score"":346,""band"":""LOW"",""reasonCodes"":[""EMAIL_AGE_LOW"",""BANK_ACCOUNT_AGE"",""IDENTITY_MISMATCH"",""IP_PROXY""],""modelVersion"":""sr-4.2""}",513,2026-02-05 20:35:40.537681-05:00
234,297,SENTINEL,312,LOW,"IP_PROXY,VELOCITY_APPLICANT,DEVICE_REPUTATION","{""requestId"":""sen-8e5c2f10"",""score"":312,""band"":""LOW"",""reasonCodes"":[""IP_PROXY"",""VELOCITY_APPLICANT"",""DEVICE_REPUTATION""],""modelVersion"":""sr-4.2""}",91,2026-02-05 21:44:08.425000-05:00
235,298,SENTINEL,270,LOW,"SYNTHETIC_ID_PATTERN,PHONE_CARRIER_RISK,BANK_ACCOUNT_AGE,IDENTITY_MISMATCH","{""requestId"":""sen-2c93a8c2"",""score"":270,""band"":""LOW"",""reasonCodes"":[""SYNTHETIC_ID_PATTERN"",""PHONE_CARRIER_RISK"",""BANK_ACCOUNT_AGE"",""IDENTITY_MISMATCH""],""modelVersion"":""sr-4.2""}",302,2026-02-06 00:49:44.668658-05:00
236,299,SENTINEL,196,LOW,"DEVICE_REPUTATION,BANK_ACCOUNT_AGE,ADDRESS_MISMATCH","{""requestId"":""sen-cacb2273"",""score"":196,""band"":""LOW"",""reasonCodes"":[""DEVICE_REPUTATION"",""BANK_ACCOUNT_AGE"",""ADDRESS_MISMATCH""],""modelVersion"":""sr-4.1""}",489,2026-02-05 21:27:09.687053-05:00
237,300,SENTINEL,1,LOW,"IDENTITY_MISMATCH,EMAIL_AGE_LOW,ADDRESS_MISMATCH,BANK_ACCOUNT_AGE","{""requestId"":""sen-69029c25"",""score"":1,""band"":""LOW"",""reasonCodes"":[""IDENTITY_MISMATCH"",""EMAIL_AGE_LOW"",""ADDRESS_MISMATCH"",""BANK_ACCOUNT_AGE""],""modelVersion"":""sr-4.2""}",507,2026-02-05 22:09:00.571293-05:00
238,301,SENTINEL,1,LOW,"IP_PROXY,SYNTHETIC_ID_PATTERN","{""requestId"":""sen-073a15d7"",""score"":1,""band"":""LOW"",""reasonCodes"":[""IP_PROXY"",""SYNTHETIC_ID_PATTERN""],""modelVersion"":""sr-4.2""}",298,2026-02-06 00:48:26.800837-05:00
239,303,SENTINEL,59,LOW,,"{""requestId"":""sen-43a9093a"",""score"":59,""band"":""LOW"",""reasonCodes"":null,""modelVersion"":""sr-4.2""}",525,2026-02-06 01:20:19.769745-05:00
240,305,SENTINEL,365,MEDIUM,"SYNTHETIC_ID_PATTERN,EMAIL_AGE_LOW","{""requestId"":""sen-8017fc9d"",""score"":365,""band"":""MEDIUM"",""reasonCodes"":[""SYNTHETIC_ID_PATTERN"",""EMAIL_AGE_LOW""],""modelVersion"":""sr-4.2""}",310,2026-02-06 06:35:15.217489-05:00
241,306,SENTINEL,282,LOW,"ADDRESS_MISMATCH,EMAIL_AGE_LOW","{""requestId"":""sen-1e4f764f"",""score"":282,""band"":""LOW"",""reasonCodes"":[""ADDRESS_MISMATCH"",""EMAIL_AGE_LOW""],""modelVersion"":""sr-4.2""}",1134,2026-02-06 06:12:46.096583-05:00
242,307,SENTINEL,239,LOW,"PHONE_CARRIER_RISK,DEVICE_REPUTATION","{""requestId"":""sen-bc86f000"",""score"":239,""band"":""LOW"",""reasonCodes"":[""PHONE_CARRIER_RISK"",""DEVICE_REPUTATION""],""modelVersion"":""sr-4.2""}",1550,2026-02-06 04:43:46.989758-05:00
243,308,SENTINEL,502,MEDIUM,BANK_ACCOUNT_AGE,"{""requestId"":""sen-5abe69b2"",""score"":502,""band"":""MEDIUM"",""reasonCodes"":[""BANK_ACCOUNT_AGE""],""modelVersion"":""sr-4.1""}",2026,2026-02-06 05:17:28.626426-05:00
244,309,SENTINEL,275,LOW,"DEVICE_REPUTATION,ADDRESS_MISMATCH","{""requestId"":""sen-f8f5e363"",""score"":275,""band"":""LOW"",""reasonCodes"":[""DEVICE_REPUTATION"",""ADDRESS_MISMATCH""],""modelVersion"":""sr-4.2""}",524,2026-02-06 08:07:03.007966-05:00
245,310,SENTINEL,49,LOW,"BANK_ACCOUNT_AGE,IDENTITY_MISMATCH,SYNTHETIC_ID_PATTERN,PHONE_CARRIER_RISK","{""requestId"":""sen-972d5d15"",""score"":49,""band"":""LOW"",""reasonCodes"":[""BANK_ACCOUNT_AGE"",""IDENTITY_MISMATCH"",""SYNTHETIC_ID_PATTERN"",""PHONE_CARRIER_RISK""],""modelVersion"":""sr-4.2""}",441,2026-02-06 07:37:35.944803-05:00
246,311,SENTINEL,106,LOW,"IDENTITY_MISMATCH,EMAIL_AGE_LOW","{""requestId"":""sen-3564d6c7"",""score"":106,""band"":""LOW"",""reasonCodes"":[""IDENTITY_MISMATCH"",""EMAIL_AGE_LOW""],""modelVersion"":""sr-4.2""}",269,2026-02-06 09:39:31.610454-05:00
247,312,SENTINEL,282,LOW,EMAIL_AGE_LOW,"{""requestId"":""sen-d39c5078"",""score"":282,""band"":""LOW"",""reasonCodes"":[""EMAIL_AGE_LOW""],""modelVersion"":""sr-4.2""}",4119,2026-02-06 10:37:12.438612-05:00
248,313,SENTINEL,233,LOW,"PHONE_CARRIER_RISK,BANK_ACCOUNT_AGE","{""requestId"":""sen-71d3ca2a"",""score"":233,""band"":""LOW"",""reasonCodes"":[""PHONE_CARRIER_RISK"",""BANK_ACCOUNT_AGE""],""modelVersion"":""sr-4.2""}",903,2026-02-06 11:26:05.052653-05:00
249,314,SENTINEL,489,MEDIUM,"IDENTITY_MISMATCH,PHONE_CARRIER_RISK,EMAIL_AGE_LOW,DEVICE_REPUTATION","{""requestId"":""sen-100b43dc"",""score"":489,""band"":""MEDIUM"",""reasonCodes"":[""IDENTITY_MISMATCH"",""PHONE_CARRIER_RISK"",""EMAIL_AGE_LOW"",""DEVICE_REPUTATION""],""modelVersion"":""sr-4.2""}",628,2026-02-06 11:50:58.899288-05:00
250,315,SENTINEL,18,LOW,IDENTITY_MISMATCH,"{""requestId"":""sen-ae42bd8d"",""score"":18,""band"":""LOW"",""reasonCodes"":[""IDENTITY_MISMATCH""],""modelVersion"":""sr-4.2""}",257,2026-02-06 10:10:34.849736-05:00
251,316,SENTINEL,421,MEDIUM,"BANK_ACCOUNT_AGE,DEVICE_REPUTATION","{""requestId"":""sen-4c7a373f"",""score"":421,""band"":""MEDIUM"",""reasonCodes"":[""BANK_ACCOUNT_AGE"",""DEVICE_REPUTATION""],""modelVersion"":""sr-4.2""}",214,2026-02-06 09:40:09.444531-05:00
252,317,SENTINEL,1,LOW,BANK_ACCOUNT_AGE,"{""requestId"":""sen-eab1b0f0"",""score"":1,""band"":""LOW"",""reasonCodes"":[""BANK_ACCOUNT_AGE""],""modelVersion"":""sr-4.1""}",1913,2026-02-06 10:12:52.119782-05:00
253,318,SENTINEL,536,MEDIUM,PHONE_CARRIER_RISK,"{""requestId"":""sen-88e92aa2"",""score"":536,""band"":""MEDIUM"",""reasonCodes"":[""PHONE_CARRIER_RISK""],""modelVersion"":""sr-4.2""}",938,2026-02-06 12:23:23.109017-05:00
254,319,SENTINEL,398,MEDIUM,"ADDRESS_MISMATCH,VELOCITY_APPLICANT,EMAIL_AGE_LOW,DEVICE_REPUTATION","{""requestId"":""sen-2720a454"",""score"":398,""band"":""MEDIUM"",""reasonCodes"":[""ADDRESS_MISMATCH"",""VELOCITY_APPLICANT"",""EMAIL_AGE_LOW"",""DEVICE_REPUTATION""],""modelVersion"":""sr-4.2""}",41,2026-02-06 12:14:10.512010-05:00
255,321,SENTINEL,227,LOW,DEVICE_REPUTATION,"{""requestId"":""sen-638f97b7"",""score"":227,""band"":""LOW"",""reasonCodes"":[""DEVICE_REPUTATION""],""modelVersion"":""sr-4.1""}",1328,2026-02-06 14:03:44.545980-05:00
256,323,SENTINEL,602,MEDIUM,"IDENTITY_MISMATCH,VELOCITY_APPLICANT","{""requestId"":""sen-9ffe8b1a"",""score"":602,""band"":""MEDIUM"",""reasonCodes"":[""IDENTITY_MISMATCH"",""VELOCITY_APPLICANT""],""modelVersion"":""sr-4.2""}",2953,2026-02-06 10:52:23.997021-05:00
257,324,SENTINEL,281,LOW,"SYNTHETIC_ID_PATTERN,VELOCITY_APPLICANT,ADDRESS_MISMATCH,DEVICE_REPUTATION","{""requestId"":""sen-3e3604cc"",""score"":281,""band"":""LOW"",""reasonCodes"":[""SYNTHETIC_ID_PATTERN"",""VELOCITY_APPLICANT"",""ADDRESS_MISMATCH"",""DEVICE_REPUTATION""],""modelVersion"":""sr-4.2""}",1295,2026-02-06 12:58:47.151247-05:00
258,326,SENTINEL,1,LOW,BANK_ACCOUNT_AGE,"{""requestId"":""sen-7aa4f82f"",""score"":1,""band"":""LOW"",""reasonCodes"":[""BANK_ACCOUNT_AGE""],""modelVersion"":""sr-4.1""}",131,2026-02-06 13:35:18.883486-05:00
259,327,SENTINEL,274,LOW,"SYNTHETIC_ID_PATTERN,VELOCITY_APPLICANT","{""requestId"":""sen-18dc71e1"",""score"":274,""band"":""LOW"",""reasonCodes"":[""SYNTHETIC_ID_PATTERN"",""VELOCITY_APPLICANT""],""modelVersion"":""sr-4.2""}",901,2026-02-06 11:26:53.307680-05:00
260,328,SENTINEL,316,LOW,,"{""requestId"":""sen-b713eb92"",""score"":316,""band"":""LOW"",""reasonCodes"":null,""modelVersion"":""sr-4.2""}",175,2026-02-06 14:59:35.493976-05:00
261,330,SENTINEL,331,LOW,DEVICE_REPUTATION,"{""requestId"":""sen-f382def5"",""score"":331,""band"":""LOW"",""reasonCodes"":[""DEVICE_REPUTATION""],""modelVersion"":""sr-4.1""}",780,2026-02-06 13:33:30.839316-05:00
262,332,SENTINEL,88,LOW,,"{""requestId"":""sen-2ff1d259"",""score"":88,""band"":""LOW"",""reasonCodes"":null,""modelVersion"":""sr-4.2""}",1889,2026-02-06 14:33:20.891511-05:00
263,333,SENTINEL,367,MEDIUM,"VELOCITY_APPLICANT,SYNTHETIC_ID_PATTERN,BANK_ACCOUNT_AGE","{""requestId"":""sen-ce294c0a"",""score"":367,""band"":""MEDIUM"",""reasonCodes"":[""VELOCITY_APPLICANT"",""SYNTHETIC_ID_PATTERN"",""BANK_ACCOUNT_AGE""],""modelVersion"":""sr-4.2""}",583,2026-02-06 12:55:29.020891-05:00
264,334,SENTINEL,220,LOW,"IDENTITY_MISMATCH,VELOCITY_APPLICANT,DEVICE_REPUTATION","{""requestId"":""sen-6c60c5bc"",""score"":220,""band"":""LOW"",""reasonCodes"":[""IDENTITY_MISMATCH"",""VELOCITY_APPLICANT"",""DEVICE_REPUTATION""],""modelVersion"":""sr-4.2""}",7304,2026-02-06 14:40:10.369271-05:00
265,339,SENTINEL,238,LOW,PHONE_CARRIER_RISK,"{""requestId"":""sen-83762634"",""score"":238,""band"":""LOW"",""reasonCodes"":[""PHONE_CARRIER_RISK""],""modelVersion"":""sr-4.2""}",149,2026-02-06 13:16:01.280596-05:00
266,340,SENTINEL,598,MEDIUM,"PHONE_CARRIER_RISK,DEVICE_REPUTATION,SYNTHETIC_ID_PATTERN,IP_PROXY","{""requestId"":""sen-21ad9fe6"",""score"":598,""band"":""MEDIUM"",""reasonCodes"":[""PHONE_CARRIER_RISK"",""DEVICE_REPUTATION"",""SYNTHETIC_ID_PATTERN"",""IP_PROXY""],""modelVersion"":""sr-4.1""}",165,2026-02-06 12:49:16.029300-05:00
267,342,SENTINEL,100,LOW,"ADDRESS_MISMATCH,IP_PROXY,SYNTHETIC_ID_PATTERN,VELOCITY_APPLICANT","{""requestId"":""sen-5e1c9349"",""score"":100,""band"":""LOW"",""reasonCodes"":[""ADDRESS_MISMATCH"",""IP_PROXY"",""SYNTHETIC_ID_PATTERN"",""VELOCITY_APPLICANT""],""modelVersion"":""sr-4.2""}",345,2026-02-06 17:06:21.846227-05:00
268,344,SENTINEL,367,MEDIUM,"IDENTITY_MISMATCH,SYNTHETIC_ID_PATTERN","{""requestId"":""sen-9a8b86ac"",""score"":367,""band"":""MEDIUM"",""reasonCodes"":[""IDENTITY_MISMATCH"",""SYNTHETIC_ID_PATTERN""],""modelVersion"":""sr-4.2""}",439,2026-02-06 15:03:45.449368-05:00
269,345,SENTINEL,89,LOW,,"{""requestId"":""sen-38c3005e"",""score"":89,""band"":""LOW"",""reasonCodes"":null,""modelVersion"":""sr-4.1""}",345,2026-02-06 14:16:39.519142-05:00
270,346,SENTINEL,575,MEDIUM,"IDENTITY_MISMATCH,VELOCITY_APPLICANT,ADDRESS_MISMATCH,DEVICE_REPUTATION","{""requestId"":""sen-d6fa7a0f"",""score"":575,""band"":""MEDIUM"",""reasonCodes"":[""IDENTITY_MISMATCH"",""VELOCITY_APPLICANT"",""ADDRESS_MISMATCH"",""DEVICE_REPUTATION""],""modelVersion"":""sr-4.1""}",207,2026-02-06 13:26:47.382652-05:00
271,349,SENTINEL,382,MEDIUM,"IDENTITY_MISMATCH,PHONE_CARRIER_RISK","{""requestId"":""sen-b1a0e724"",""score"":382,""band"":""MEDIUM"",""reasonCodes"":[""IDENTITY_MISMATCH"",""PHONE_CARRIER_RISK""],""modelVersion"":""sr-4.2""}",766,2026-02-06 17:19:12.308875-05:00
272,350,SENTINEL,482,MEDIUM,"ADDRESS_MISMATCH,DEVICE_REPUTATION,EMAIL_AGE_LOW,PHONE_CARRIER_RISK","{""requestId"":""sen-4fd860d6"",""score"":482,""band"":""MEDIUM"",""reasonCodes"":[""ADDRESS_MISMATCH"",""DEVICE_REPUTATION"",""EMAIL_AGE_LOW"",""PHONE_CARRIER_RISK""],""modelVersion"":""sr-4.2""}",2506,2026-02-06 13:45:58.410496-05:00
273,352,SENTINEL,586,MEDIUM,"SYNTHETIC_ID_PATTERN,EMAIL_AGE_LOW","{""requestId"":""sen-8c475439"",""score"":586,""band"":""MEDIUM"",""reasonCodes"":[""SYNTHETIC_ID_PATTERN"",""EMAIL_AGE_LOW""],""modelVersion"":""sr-4.2""}",516,2026-02-06 17:46:00.446348-05:00
274,355,SENTINEL,2,LOW,IDENTITY_MISMATCH,"{""requestId"":""sen-66edc14e"",""score"":2,""band"":""LOW"",""reasonCodes"":[""IDENTITY_MISMATCH""],""modelVersion"":""sr-4.1""}",286,2026-02-06 18:03:58.653391-05:00
275,356,SENTINEL,292,LOW,"EMAIL_AGE_LOW,VELOCITY_APPLICANT,IP_PROXY,SYNTHETIC_ID_PATTERN","{""requestId"":""sen-05253b00"",""score"":292,""band"":""LOW"",""reasonCodes"":[""EMAIL_AGE_LOW"",""VELOCITY_APPLICANT"",""IP_PROXY"",""SYNTHETIC_ID_PATTERN""],""modelVersion"":""sr-4.2""}",2433,2026-02-06 15:36:10.833981-05:00
276,357,SENTINEL,473,MEDIUM,"DEVICE_REPUTATION,IP_PROXY,EMAIL_AGE_LOW,IDENTITY_MISMATCH","{""requestId"":""sen-a35cb4b1"",""score"":473,""band"":""MEDIUM"",""reasonCodes"":[""DEVICE_REPUTATION"",""IP_PROXY"",""EMAIL_AGE_LOW"",""IDENTITY_MISMATCH""],""modelVersion"":""sr-4.1""}",1393,2026-02-06 14:53:34.237450-05:00
277,358,SENTINEL,659,HIGH,,"{""requestId"":""sen-41942e63"",""score"":659,""band"":""HIGH"",""reasonCodes"":null,""modelVersion"":""sr-4.2""}",229,2026-02-06 15:36:05.246675-05:00
278,359,SENTINEL,109,LOW,"VELOCITY_APPLICANT,IDENTITY_MISMATCH","{""requestId"":""sen-dfcba814"",""score"":109,""band"":""LOW"",""reasonCodes"":[""VELOCITY_APPLICANT"",""IDENTITY_MISMATCH""],""modelVersion"":""sr-4.1""}",4867,2026-02-06 17:11:41.392309-05:00
279,360,SENTINEL,334,LOW,"SYNTHETIC_ID_PATTERN,IP_PROXY,IDENTITY_MISMATCH,VELOCITY_APPLICANT","{""requestId"":""sen-7e0321c6"",""score"":334,""band"":""LOW"",""reasonCodes"":[""SYNTHETIC_ID_PATTERN"",""IP_PROXY"",""IDENTITY_MISMATCH"",""VELOCITY_APPLICANT""],""modelVersion"":""sr-4.2""}",464,2026-02-06 18:21:50.131435-05:00
280,361,SENTINEL,303,LOW,"IP_PROXY,BANK_ACCOUNT_AGE,VELOCITY_APPLICANT","{""requestId"":""sen-1c3a9b78"",""score"":303,""band"":""LOW"",""reasonCodes"":[""IP_PROXY"",""BANK_ACCOUNT_AGE"",""VELOCITY_APPLICANT""],""modelVersion"":""sr-4.2""}",305,2026-02-06 16:12:35.500270-05:00
281,362,SENTINEL,546,MEDIUM,"IP_PROXY,SYNTHETIC_ID_PATTERN,ADDRESS_MISMATCH,BANK_ACCOUNT_AGE","{""requestId"":""sen-ba721529"",""score"":546,""band"":""MEDIUM"",""reasonCodes"":[""IP_PROXY"",""SYNTHETIC_ID_PATTERN"",""ADDRESS_MISMATCH"",""BANK_ACCOUNT_AGE""],""modelVersion"":""sr-4.2""}",337,2026-02-06 19:18:40.421553-05:00
282,363,SENTINEL,347,LOW,"EMAIL_AGE_LOW,IP_PROXY,BANK_ACCOUNT_AGE,DEVICE_REPUTATION","{""requestId"":""sen-58a98edb"",""score"":347,""band"":""LOW"",""reasonCodes"":[""EMAIL_AGE_LOW"",""IP_PROXY"",""BANK_ACCOUNT_AGE"",""DEVICE_REPUTATION""],""modelVersion"":""sr-4.2""}",312,2026-02-06 18:14:03.495375-05:00
283,365,SENTINEL,386,MEDIUM,ADDRESS_MISMATCH,"{""requestId"":""sen-9518823e"",""score"":386,""band"":""MEDIUM"",""reasonCodes"":[""ADDRESS_MISMATCH""],""modelVersion"":""sr-4.2""}",1856,2026-02-06 20:40:16.748350-05:00
284,366,SENTINEL,128,LOW,"PHONE_CARRIER_RISK,BANK_ACCOUNT_AGE,DEVICE_REPUTATION","{""requestId"":""sen-334ffbf0"",""score"":128,""band"":""LOW"",""reasonCodes"":[""PHONE_CARRIER_RISK"",""BANK_ACCOUNT_AGE"",""DEVICE_REPUTATION""],""modelVersion"":""sr-4.2""}",156,2026-02-06 17:41:11.573070-05:00
285,368,SENTINEL,355,MEDIUM,VELOCITY_APPLICANT,"{""requestId"":""sen-6fbeef53"",""score"":355,""band"":""MEDIUM"",""reasonCodes"":[""VELOCITY_APPLICANT""],""modelVersion"":""sr-4.2""}",208,2026-02-06 22:13:26.853889-05:00
286,370,SENTINEL,93,LOW,"PHONE_CARRIER_RISK,VELOCITY_APPLICANT","{""requestId"":""sen-ac2de2b6"",""score"":93,""band"":""LOW"",""reasonCodes"":[""PHONE_CARRIER_RISK"",""VELOCITY_APPLICANT""],""modelVersion"":""sr-4.2""}",1428,2026-02-06 19:33:56.281031-05:00
287,372,SENTINEL,170,LOW,BANK_ACCOUNT_AGE,"{""requestId"":""sen-e89cd619"",""score"":170,""band"":""LOW"",""reasonCodes"":[""BANK_ACCOUNT_AGE""],""modelVersion"":""sr-4.2""}",376,2026-02-06 21:48:11.479252-05:00
288,373,SENTINEL,234,LOW,SYNTHETIC_ID_PATTERN,"{""requestId"":""sen-86d44fcb"",""score"":234,""band"":""LOW"",""reasonCodes"":[""SYNTHETIC_ID_PATTERN""],""modelVersion"":""sr-4.2""}",561,2026-02-06 19:47:24.603042-05:00
289,374,SENTINEL,528,MEDIUM,"BANK_ACCOUNT_AGE,SYNTHETIC_ID_PATTERN","{""requestId"":""sen-250bc97d"",""score"":528,""band"":""MEDIUM"",""reasonCodes"":[""BANK_ACCOUNT_AGE"",""SYNTHETIC_ID_PATTERN""],""modelVersion"":""sr-4.1""}",347,2026-02-06 22:05:07.156987-05:00
290,375,SENTINEL,543,MEDIUM,"ADDRESS_MISMATCH,SYNTHETIC_ID_PATTERN,EMAIL_AGE_LOW","{""requestId"":""sen-c343432e"",""score"":543,""band"":""MEDIUM"",""reasonCodes"":[""ADDRESS_MISMATCH"",""SYNTHETIC_ID_PATTERN"",""EMAIL_AGE_LOW""],""modelVersion"":""sr-4.2""}",117,2026-02-06 22:06:03.041509-05:00
291,376,SENTINEL,470,MEDIUM,"IP_PROXY,BANK_ACCOUNT_AGE","{""requestId"":""sen-617abce0"",""score"":470,""band"":""MEDIUM"",""reasonCodes"":[""IP_PROXY"",""BANK_ACCOUNT_AGE""],""modelVersion"":""sr-4.1""}",453,2026-02-06 19:46:57.430848-05:00
292,377,SENTINEL,84,LOW,"DEVICE_REPUTATION,IP_PROXY,IDENTITY_MISMATCH","{""requestId"":""sen-ffb23691"",""score"":84,""band"":""LOW"",""reasonCodes"":[""DEVICE_REPUTATION"",""IP_PROXY"",""IDENTITY_MISMATCH""],""modelVersion"":""sr-4.2""}",668,2026-02-06 23:49:17.151819-05:00
293,378,SENTINEL,292,LOW,"PHONE_CARRIER_RISK,EMAIL_AGE_LOW,IP_PROXY,SYNTHETIC_ID_PATTERN","{""requestId"":""sen-9de9b043"",""score"":292,""band"":""LOW"",""reasonCodes"":[""PHONE_CARRIER_RISK"",""EMAIL_AGE_LOW"",""IP_PROXY"",""SYNTHETIC_ID_PATTERN""],""modelVersion"":""sr-4.2""}",604,2026-02-06 23:32:21.896226-05:00
294,381,SENTINEL,282,LOW,VELOCITY_APPLICANT,"{""requestId"":""sen-78901d58"",""score"":282,""band"":""LOW"",""reasonCodes"":[""VELOCITY_APPLICANT""],""modelVersion"":""sr-4.2""}",253,2026-02-07 07:12:51.853624-05:00
295,382,SENTINEL,360,MEDIUM,DEVICE_REPUTATION,"{""requestId"":""sen-16c7970a"",""score"":360,""band"":""MEDIUM"",""reasonCodes"":[""DEVICE_REPUTATION""],""modelVersion"":""sr-4.2""}",80,2026-02-07 07:41:15.884300-05:00
296,383,SENTINEL,243,LOW,"BANK_ACCOUNT_AGE,ADDRESS_MISMATCH","{""requestId"":""sen-b4ff10bb"",""score"":243,""band"":""LOW"",""reasonCodes"":[""BANK_ACCOUNT_AGE"",""ADDRESS_MISMATCH""],""modelVersion"":""sr-4.2""}",453,2026-02-07 10:22:17.429148-05:00
297,384,SENTINEL,348,LOW,"SYNTHETIC_ID_PATTERN,PHONE_CARRIER_RISK,DEVICE_REPUTATION","{""requestId"":""sen-53368a6d"",""score"":348,""band"":""LOW"",""reasonCodes"":[""SYNTHETIC_ID_PATTERN"",""PHONE_CARRIER_RISK"",""DEVICE_REPUTATION""],""modelVersion"":""sr-4.1""}",578,2026-02-07 11:18:37.464713-05:00
298,385,SENTINEL,1,LOW,IP_PROXY,"{""requestId"":""sen-f16e041e"",""score"":1,""band"":""LOW"",""reasonCodes"":[""IP_PROXY""],""modelVersion"":""sr-4.2""}",204,2026-02-07 15:30:43.887169-05:00
299,386,SENTINEL,29,LOW,PHONE_CARRIER_RISK,"{""requestId"":""sen-8fa57dd0"",""score"":29,""band"":""LOW"",""reasonCodes"":[""PHONE_CARRIER_RISK""],""modelVersion"":""sr-4.1""}",101,2026-02-07 12:09:53.260824-05:00
300,387,SENTINEL,170,LOW,"EMAIL_AGE_LOW,VELOCITY_APPLICANT","{""requestId"":""sen-2ddcf782"",""score"":170,""band"":""LOW"",""reasonCodes"":[""EMAIL_AGE_LOW"",""VELOCITY_APPLICANT""],""modelVersion"":""sr-4.2""}",474,2026-02-07 15:31:24.658330-05:00
301,388,SENTINEL,610,MEDIUM,"DEVICE_REPUTATION,IP_PROXY,PHONE_CARRIER_RISK,IDENTITY_MISMATCH","{""requestId"":""sen-cc147133"",""score"":610,""band"":""MEDIUM"",""reasonCodes"":[""DEVICE_REPUTATION"",""IP_PROXY"",""PHONE_CARRIER_RISK"",""IDENTITY_MISMATCH""],""modelVersion"":""sr-4.2""}",670,2026-02-07 16:45:34.627707-05:00
302,389,SENTINEL,190,LOW,"PHONE_CARRIER_RISK,IP_PROXY,SYNTHETIC_ID_PATTERN","{""requestId"":""sen-6a4beae5"",""score"":190,""band"":""LOW"",""reasonCodes"":[""PHONE_CARRIER_RISK"",""IP_PROXY"",""SYNTHETIC_ID_PATTERN""],""modelVersion"":""sr-4.1""}",3153,2026-02-07 16:50:18.975711-05:00
303,390,SENTINEL,319,LOW,"DEVICE_REPUTATION,PHONE_CARRIER_RISK,IP_PROXY","{""requestId"":""sen-08836497"",""score"":319,""band"":""LOW"",""reasonCodes"":[""DEVICE_REPUTATION"",""PHONE_CARRIER_RISK"",""IP_PROXY""],""modelVersion"":""sr-4.2""}",1520,2026-02-07 19:51:52.662711-05:00
304,391,SENTINEL,438,MEDIUM,"ADDRESS_MISMATCH,PHONE_CARRIER_RISK,IDENTITY_MISMATCH","{""requestId"":""sen-a6bade48"",""score"":438,""band"":""MEDIUM"",""reasonCodes"":[""ADDRESS_MISMATCH"",""PHONE_CARRIER_RISK"",""IDENTITY_MISMATCH""],""modelVersion"":""sr-4.1""}",1304,2026-02-07 16:54:44.593948-05:00
305,393,SENTINEL,578,MEDIUM,"EMAIL_AGE_LOW,IP_PROXY,BANK_ACCOUNT_AGE,DEVICE_REPUTATION","{""requestId"":""sen-e329d1ab"",""score"":578,""band"":""MEDIUM"",""reasonCodes"":[""EMAIL_AGE_LOW"",""IP_PROXY"",""BANK_ACCOUNT_AGE"",""DEVICE_REPUTATION""],""modelVersion"":""sr-4.2""}",254,2026-02-07 21:16:44.139683-05:00
306,395,SENTINEL,366,MEDIUM,"SYNTHETIC_ID_PATTERN,IDENTITY_MISMATCH,DEVICE_REPUTATION","{""requestId"":""sen-1f98c50f"",""score"":366,""band"":""MEDIUM"",""reasonCodes"":[""SYNTHETIC_ID_PATTERN"",""IDENTITY_MISMATCH"",""DEVICE_REPUTATION""],""modelVersion"":""sr-4.2""}",201,2026-02-08 10:42:57.117212-05:00
307,397,SENTINEL,339,LOW,"IDENTITY_MISMATCH,IP_PROXY,DEVICE_REPUTATION,PHONE_CARRIER_RISK","{""requestId"":""sen-5c07b872"",""score"":339,""band"":""LOW"",""reasonCodes"":[""IDENTITY_MISMATCH"",""IP_PROXY"",""DEVICE_REPUTATION"",""PHONE_CARRIER_RISK""],""modelVersion"":""sr-4.2""}",333,2026-02-08 16:13:14.693314-05:00
308,398,SENTINEL,165,LOW,"VELOCITY_APPLICANT,IP_PROXY","{""requestId"":""sen-fa3f3223"",""score"":165,""band"":""LOW"",""reasonCodes"":[""VELOCITY_APPLICANT"",""IP_PROXY""],""modelVersion"":""sr-4.2""}",621,2026-02-08 16:42:28.322190-05:00
309,400,SENTINEL,442,MEDIUM,"IDENTITY_MISMATCH,BANK_ACCOUNT_AGE,IP_PROXY,ADDRESS_MISMATCH","{""requestId"":""sen-36ae2587"",""score"":442,""band"":""MEDIUM"",""reasonCodes"":[""IDENTITY_MISMATCH"",""BANK_ACCOUNT_AGE"",""IP_PROXY"",""ADDRESS_MISMATCH""],""modelVersion"":""sr-4.2""}",66,2026-02-09 02:14:53.214848-05:00
310,401,SENTINEL,178,LOW,"VELOCITY_APPLICANT,BANK_ACCOUNT_AGE","{""requestId"":""sen-d4e59f38"",""score"":178,""band"":""LOW"",""reasonCodes"":[""VELOCITY_APPLICANT"",""BANK_ACCOUNT_AGE""],""modelVersion"":""sr-4.2""}",269,2026-02-09 04:17:19.420652-05:00
311,402,SENTINEL,231,LOW,"DEVICE_REPUTATION,SYNTHETIC_ID_PATTERN","{""requestId"":""sen-731d18ea"",""score"":231,""band"":""LOW"",""reasonCodes"":[""DEVICE_REPUTATION"",""SYNTHETIC_ID_PATTERN""],""modelVersion"":""sr-4.2""}",1034,2026-02-09 03:56:46.804369-05:00
312,403,SENTINEL,149,LOW,"EMAIL_AGE_LOW,BANK_ACCOUNT_AGE,SYNTHETIC_ID_PATTERN,IP_PROXY","{""requestId"":""sen-1154929c"",""score"":149,""band"":""LOW"",""reasonCodes"":[""EMAIL_AGE_LOW"",""BANK_ACCOUNT_AGE"",""SYNTHETIC_ID_PATTERN"",""IP_PROXY""],""modelVersion"":""sr-4.2""}",2213,2026-02-09 02:22:07.651543-05:00
313,404,SENTINEL,258,LOW,"SYNTHETIC_ID_PATTERN,VELOCITY_APPLICANT,EMAIL_AGE_LOW,IDENTITY_MISMATCH","{""requestId"":""sen-af8c0c4d"",""score"":258,""band"":""LOW"",""reasonCodes"":[""SYNTHETIC_ID_PATTERN"",""VELOCITY_APPLICANT"",""EMAIL_AGE_LOW"",""IDENTITY_MISMATCH""],""modelVersion"":""sr-4.2""}",116,2026-02-09 04:50:14.830169-05:00
314,405,SENTINEL,299,LOW,"BANK_ACCOUNT_AGE,DEVICE_REPUTATION,VELOCITY_APPLICANT,IP_PROXY","{""requestId"":""sen-4dc385ff"",""score"":299,""band"":""LOW"",""reasonCodes"":[""BANK_ACCOUNT_AGE"",""DEVICE_REPUTATION"",""VELOCITY_APPLICANT"",""IP_PROXY""],""modelVersion"":""sr-4.1""}",415,2026-02-09 07:33:54.679318-05:00
315,406,SENTINEL,431,MEDIUM,"EMAIL_AGE_LOW,ADDRESS_MISMATCH","{""requestId"":""sen-ebfaffb0"",""score"":431,""band"":""MEDIUM"",""reasonCodes"":[""EMAIL_AGE_LOW"",""ADDRESS_MISMATCH""],""modelVersion"":""sr-4.2""}",2167,2026-02-09 08:34:25.157247-05:00
316,407,SENTINEL,116,LOW,"SYNTHETIC_ID_PATTERN,BANK_ACCOUNT_AGE,VELOCITY_APPLICANT","{""requestId"":""sen-8a327962"",""score"":116,""band"":""LOW"",""reasonCodes"":[""SYNTHETIC_ID_PATTERN"",""BANK_ACCOUNT_AGE"",""VELOCITY_APPLICANT""],""modelVersion"":""sr-4.1""}",1084,2026-02-09 07:30:55.431313-05:00
317,408,SENTINEL,397,MEDIUM,IP_PROXY,"{""requestId"":""sen-2869f314"",""score"":397,""band"":""MEDIUM"",""reasonCodes"":[""IP_PROXY""],""modelVersion"":""sr-4.2""}",76,2026-02-09 07:16:19.965709-05:00
318,409,SENTINEL,444,MEDIUM,BANK_ACCOUNT_AGE,"{""requestId"":""sen-c6a16cc5"",""score"":444,""band"":""MEDIUM"",""reasonCodes"":[""BANK_ACCOUNT_AGE""],""modelVersion"":""sr-4.2""}",830,2026-02-09 10:34:55.996309-05:00
319,410,SENTINEL,302,LOW,"ADDRESS_MISMATCH,EMAIL_AGE_LOW,VELOCITY_APPLICANT,IP_PROXY","{""requestId"":""sen-64d8e677"",""score"":302,""band"":""LOW"",""reasonCodes"":[""ADDRESS_MISMATCH"",""EMAIL_AGE_LOW"",""VELOCITY_APPLICANT"",""IP_PROXY""],""modelVersion"":""sr-4.1""}",960,2026-02-09 09:06:37.831525-05:00
320,411,SENTINEL,346,LOW,"DEVICE_REPUTATION,SYNTHETIC_ID_PATTERN","{""requestId"":""sen-03106029"",""score"":346,""band"":""LOW"",""reasonCodes"":[""DEVICE_REPUTATION"",""SYNTHETIC_ID_PATTERN""],""modelVersion"":""sr-4.1""}",1430,2026-02-09 07:36:05.850115-05:00
321,412,SENTINEL,372,MEDIUM,BANK_ACCOUNT_AGE,"{""requestId"":""sen-a147d9da"",""score"":372,""band"":""MEDIUM"",""reasonCodes"":[""BANK_ACCOUNT_AGE""],""modelVersion"":""sr-4.2""}",3907,2026-02-09 07:38:35.131834-05:00
322,413,SENTINEL,501,MEDIUM,DEVICE_REPUTATION,"{""requestId"":""sen-3f7f538c"",""score"":501,""band"":""MEDIUM"",""reasonCodes"":[""DEVICE_REPUTATION""],""modelVersion"":""sr-4.1""}",860,2026-02-09 12:32:59.758564-05:00
323,414,SENTINEL,413,MEDIUM,,"{""requestId"":""sen-ddb6cd3d"",""score"":413,""band"":""MEDIUM"",""reasonCodes"":null,""modelVersion"":""sr-4.2""}",108,2026-02-09 09:00:37.966369-05:00
324,415,SENTINEL,498,MEDIUM,"IP_PROXY,IDENTITY_MISMATCH,VELOCITY_APPLICANT,BANK_ACCOUNT_AGE","{""requestId"":""sen-7bee46ef"",""score"":498,""band"":""MEDIUM"",""reasonCodes"":[""IP_PROXY"",""IDENTITY_MISMATCH"",""VELOCITY_APPLICANT"",""BANK_ACCOUNT_AGE""],""modelVersion"":""sr-4.2""}",102,2026-02-09 10:53:14.249139-05:00
325,416,SENTINEL,460,MEDIUM,"SYNTHETIC_ID_PATTERN,PHONE_CARRIER_RISK,IP_PROXY,BANK_ACCOUNT_AGE","{""requestId"":""sen-1a25c0a1"",""score"":460,""band"":""MEDIUM"",""reasonCodes"":[""SYNTHETIC_ID_PATTERN"",""PHONE_CARRIER_RISK"",""IP_PROXY"",""BANK_ACCOUNT_AGE""],""modelVersion"":""sr-4.2""}",673,2026-02-09 09:20:49.838288-05:00
326,417,SENTINEL,406,MEDIUM,"IP_PROXY,VELOCITY_APPLICANT,BANK_ACCOUNT_AGE","{""requestId"":""sen-b85d3a52"",""score"":406,""band"":""MEDIUM"",""reasonCodes"":[""IP_PROXY"",""VELOCITY_APPLICANT"",""BANK_ACCOUNT_AGE""],""modelVersion"":""sr-4.2""}",1561,2026-02-09 10:34:26.990658-05:00
327,420,SENTINEL,393,MEDIUM,"DEVICE_REPUTATION,IDENTITY_MISMATCH,BANK_ACCOUNT_AGE","{""requestId"":""sen-9303a767"",""score"":393,""band"":""MEDIUM"",""reasonCodes"":[""DEVICE_REPUTATION"",""IDENTITY_MISMATCH"",""BANK_ACCOUNT_AGE""],""modelVersion"":""sr-4.2""}",1474,2026-02-09 14:14:13.551280-05:00
328,421,SENTINEL,577,MEDIUM,"ADDRESS_MISMATCH,IP_PROXY,VELOCITY_APPLICANT,DEVICE_REPUTATION","{""requestId"":""sen-313b2119"",""score"":577,""band"":""MEDIUM"",""reasonCodes"":[""ADDRESS_MISMATCH"",""IP_PROXY"",""VELOCITY_APPLICANT"",""DEVICE_REPUTATION""],""modelVersion"":""sr-4.1""}",237,2026-02-09 10:57:44.928692-05:00
329,422,SENTINEL,145,LOW,"DEVICE_REPUTATION,EMAIL_AGE_LOW","{""requestId"":""sen-cf729aca"",""score"":145,""band"":""LOW"",""reasonCodes"":[""DEVICE_REPUTATION"",""EMAIL_AGE_LOW""],""modelVersion"":""sr-4.2""}",26,2026-02-09 11:55:16.648140-05:00
330,424,SENTINEL,476,MEDIUM,"DEVICE_REPUTATION,ADDRESS_MISMATCH,BANK_ACCOUNT_AGE","{""requestId"":""sen-0be18e2e"",""score"":476,""band"":""MEDIUM"",""reasonCodes"":[""DEVICE_REPUTATION"",""ADDRESS_MISMATCH"",""BANK_ACCOUNT_AGE""],""modelVersion"":""sr-4.2""}",180,2026-02-09 13:32:48.135183-05:00
331,425,SENTINEL,594,MEDIUM,"IP_PROXY,EMAIL_AGE_LOW","{""requestId"":""sen-aa1907df"",""score"":594,""band"":""MEDIUM"",""reasonCodes"":[""IP_PROXY"",""EMAIL_AGE_LOW""],""modelVersion"":""sr-4.2""}",5146,2026-02-09 11:30:22.255300-05:00
332,426,SENTINEL,387,MEDIUM,"VELOCITY_APPLICANT,DEVICE_REPUTATION,IP_PROXY,EMAIL_AGE_LOW","{""requestId"":""sen-48508191"",""score"":387,""band"":""MEDIUM"",""reasonCodes"":[""VELOCITY_APPLICANT"",""DEVICE_REPUTATION"",""IP_PROXY"",""EMAIL_AGE_LOW""],""modelVersion"":""sr-4.2""}",207,2026-02-09 15:11:04.451206-05:00
333,427,SENTINEL,282,LOW,"SYNTHETIC_ID_PATTERN,IP_PROXY,BANK_ACCOUNT_AGE","{""requestId"":""sen-e687fb42"",""score"":282,""band"":""LOW"",""reasonCodes"":[""SYNTHETIC_ID_PATTERN"",""IP_PROXY"",""BANK_ACCOUNT_AGE""],""modelVersion"":""sr-4.2""}",1829,2026-02-09 15:02:55.821081-05:00
334,428,SENTINEL,153,LOW,"IDENTITY_MISMATCH,BANK_ACCOUNT_AGE","{""requestId"":""sen-84bf74f4"",""score"":153,""band"":""LOW"",""reasonCodes"":[""IDENTITY_MISMATCH"",""BANK_ACCOUNT_AGE""],""modelVersion"":""sr-4.2""}",175,2026-02-09 11:50:55.472485-05:00
335,430,SENTINEL,433,MEDIUM,"SYNTHETIC_ID_PATTERN,PHONE_CARRIER_RISK,IP_PROXY","{""requestId"":""sen-c12e6857"",""score"":433,""band"":""MEDIUM"",""reasonCodes"":[""SYNTHETIC_ID_PATTERN"",""PHONE_CARRIER_RISK"",""IP_PROXY""],""modelVersion"":""sr-4.1""}",184,2026-02-09 14:22:31.605195-05:00
336,431,SENTINEL,290,LOW,,"{""requestId"":""sen-5f65e209"",""score"":290,""band"":""LOW"",""reasonCodes"":null,""modelVersion"":""sr-4.1""}",2180,2026-02-09 16:30:48.168517-05:00
337,432,SENTINEL,700,HIGH,"IP_PROXY,ADDRESS_MISMATCH,DEVICE_REPUTATION","{""requestId"":""sen-fd9d5bba"",""score"":700,""band"":""HIGH"",""reasonCodes"":[""IP_PROXY"",""ADDRESS_MISMATCH"",""DEVICE_REPUTATION""],""modelVersion"":""sr-4.2""}",135,2026-02-09 12:44:12.820972-05:00
338,433,SENTINEL,293,LOW,"DEVICE_REPUTATION,ADDRESS_MISMATCH,SYNTHETIC_ID_PATTERN","{""requestId"":""sen-9bd4d56c"",""score"":293,""band"":""LOW"",""reasonCodes"":[""DEVICE_REPUTATION"",""ADDRESS_MISMATCH"",""SYNTHETIC_ID_PATTERN""],""modelVersion"":""sr-4.1""}",945,2026-02-09 13:27:52.345185-05:00
339,435,SENTINEL,436,MEDIUM,BANK_ACCOUNT_AGE,"{""requestId"":""sen-d843c8cf"",""score"":436,""band"":""MEDIUM"",""reasonCodes"":[""BANK_ACCOUNT_AGE""],""modelVersion"":""sr-4.2""}",677,2026-02-09 15:05:21.499645-05:00
340,436,SENTINEL,178,LOW,"EMAIL_AGE_LOW,IP_PROXY,VELOCITY_APPLICANT,DEVICE_REPUTATION","{""requestId"":""sen-767b4281"",""score"":178,""band"":""LOW"",""reasonCodes"":[""EMAIL_AGE_LOW"",""IP_PROXY"",""VELOCITY_APPLICANT"",""DEVICE_REPUTATION""],""modelVersion"":""sr-4.2""}",1237,2026-02-09 14:47:44.849357-05:00
341,437,SENTINEL,735,HIGH,,"{""requestId"":""sen-14b2bc33"",""score"":735,""band"":""HIGH"",""reasonCodes"":null,""modelVersion"":""sr-4.2""}",1183,2026-02-09 13:45:12.796501-05:00
342,439,SENTINEL,81,LOW,"SYNTHETIC_ID_PATTERN,EMAIL_AGE_LOW,VELOCITY_APPLICANT,ADDRESS_MISMATCH","{""requestId"":""sen-5121af96"",""score"":81,""band"":""LOW"",""reasonCodes"":[""SYNTHETIC_ID_PATTERN"",""EMAIL_AGE_LOW"",""VELOCITY_APPLICANT"",""ADDRESS_MISMATCH""],""modelVersion"":""sr-4.2""}",257,2026-02-09 14:01:07.085936-05:00
343,440,SENTINEL,512,MEDIUM,"IP_PROXY,ADDRESS_MISMATCH,PHONE_CARRIER_RISK,SYNTHETIC_ID_PATTERN","{""requestId"":""sen-ef592947"",""score"":512,""band"":""MEDIUM"",""reasonCodes"":[""IP_PROXY"",""ADDRESS_MISMATCH"",""PHONE_CARRIER_RISK"",""SYNTHETIC_ID_PATTERN""],""modelVersion"":""sr-4.2""}",521,2026-02-09 13:59:45.911093-05:00
344,441,SENTINEL,611,MEDIUM,,"{""requestId"":""sen-8d90a2f9"",""score"":611,""band"":""MEDIUM"",""reasonCodes"":null,""modelVersion"":""sr-4.2""}",69,2026-02-09 16:29:23.098783-05:00
345,442,SENTINEL,420,MEDIUM,VELOCITY_APPLICANT,"{""requestId"":""sen-2bc81cab"",""score"":420,""band"":""MEDIUM"",""reasonCodes"":[""VELOCITY_APPLICANT""],""modelVersion"":""sr-4.2""}",299,2026-02-09 17:17:18.359837-05:00
346,446,SENTINEL,1,LOW,"VELOCITY_APPLICANT,IP_PROXY,IDENTITY_MISMATCH,PHONE_CARRIER_RISK","{""requestId"":""sen-a4a60371"",""score"":1,""band"":""LOW"",""reasonCodes"":[""VELOCITY_APPLICANT"",""IP_PROXY"",""IDENTITY_MISMATCH"",""PHONE_CARRIER_RISK""],""modelVersion"":""sr-4.2""}",931,2026-02-09 15:32:56.249224-05:00
347,447,SENTINEL,399,MEDIUM,SYNTHETIC_ID_PATTERN,"{""requestId"":""sen-42dd7d23"",""score"":399,""band"":""MEDIUM"",""reasonCodes"":[""SYNTHETIC_ID_PATTERN""],""modelVersion"":""sr-4.2""}",245,2026-02-09 14:53:08.060017-05:00
348,448,SENTINEL,186,LOW,"IDENTITY_MISMATCH,ADDRESS_MISMATCH,IP_PROXY,VELOCITY_APPLICANT","{""requestId"":""sen-e114f6d4"",""score"":186,""band"":""LOW"",""reasonCodes"":[""IDENTITY_MISMATCH"",""ADDRESS_MISMATCH"",""IP_PROXY"",""VELOCITY_APPLICANT""],""modelVersion"":""sr-4.2""}",188,2026-02-09 17:43:30.879821-05:00
349,449,SENTINEL,1,LOW,"DEVICE_REPUTATION,VELOCITY_APPLICANT,EMAIL_AGE_LOW,PHONE_CARRIER_RISK","{""requestId"":""sen-7f4c7086"",""score"":1,""band"":""LOW"",""reasonCodes"":[""DEVICE_REPUTATION"",""VELOCITY_APPLICANT"",""EMAIL_AGE_LOW"",""PHONE_CARRIER_RISK""],""modelVersion"":""sr-4.1""}",48,2026-02-09 17:12:00.677318-05:00
350,450,SENTINEL,435,MEDIUM,"PHONE_CARRIER_RISK,BANK_ACCOUNT_AGE","{""requestId"":""sen-1d83ea38"",""score"":435,""band"":""MEDIUM"",""reasonCodes"":[""PHONE_CARRIER_RISK"",""BANK_ACCOUNT_AGE""],""modelVersion"":""sr-4.1""}",547,2026-02-09 16:51:11.625307-05:00
351,452,SENTINEL,437,MEDIUM,DEVICE_REPUTATION,"{""requestId"":""sen-59f2dd9b"",""score"":437,""band"":""MEDIUM"",""reasonCodes"":[""DEVICE_REPUTATION""],""modelVersion"":""sr-4.2""}",271,2026-02-09 17:48:03.684203-05:00
352,453,SENTINEL,1,LOW,VELOCITY_APPLICANT,"{""requestId"":""sen-f82a574c"",""score"":1,""band"":""LOW"",""reasonCodes"":[""VELOCITY_APPLICANT""],""modelVersion"":""sr-4.2""}",227,2026-02-09 15:42:34.680377-05:00
353,454,SENTINEL,434,MEDIUM,DEVICE_REPUTATION,"{""requestId"":""sen-9661d0fe"",""score"":434,""band"":""MEDIUM"",""reasonCodes"":[""DEVICE_REPUTATION""],""modelVersion"":""sr-4.2""}",697,2026-02-09 16:05:54.027015-05:00
354,455,SENTINEL,388,MEDIUM,"SYNTHETIC_ID_PATTERN,IDENTITY_MISMATCH","{""requestId"":""sen-34994ab0"",""score"":388,""band"":""MEDIUM"",""reasonCodes"":[""SYNTHETIC_ID_PATTERN"",""IDENTITY_MISMATCH""],""modelVersion"":""sr-4.2""}",369,2026-02-09 17:38:14.536605-05:00
355,457,SENTINEL,413,MEDIUM,"ADDRESS_MISMATCH,PHONE_CARRIER_RISK,IP_PROXY","{""requestId"":""sen-71083e13"",""score"":413,""band"":""MEDIUM"",""reasonCodes"":[""ADDRESS_MISMATCH"",""PHONE_CARRIER_RISK"",""IP_PROXY""],""modelVersion"":""sr-4.1""}",492,2026-02-09 17:06:04.203050-05:00
356,458,SENTINEL,205,LOW,"BANK_ACCOUNT_AGE,ADDRESS_MISMATCH,VELOCITY_APPLICANT,EMAIL_AGE_LOW","{""requestId"":""sen-0f3fb7c5"",""score"":205,""band"":""LOW"",""reasonCodes"":[""BANK_ACCOUNT_AGE"",""ADDRESS_MISMATCH"",""VELOCITY_APPLICANT"",""EMAIL_AGE_LOW""],""modelVersion"":""sr-4.1""}",10084,2026-02-09 20:36:53.926601-05:00
357,459,SENTINEL,175,LOW,"IDENTITY_MISMATCH,VELOCITY_APPLICANT,SYNTHETIC_ID_PATTERN,PHONE_CARRIER_RISK","{""requestId"":""sen-ad773176"",""score"":175,""band"":""LOW"",""reasonCodes"":[""IDENTITY_MISMATCH"",""VELOCITY_APPLICANT"",""SYNTHETIC_ID_PATTERN"",""PHONE_CARRIER_RISK""],""modelVersion"":""sr-4.1""}",677,2026-02-09 19:44:44.799629-05:00
358,460,SENTINEL,287,LOW,"EMAIL_AGE_LOW,SYNTHETIC_ID_PATTERN,BANK_ACCOUNT_AGE","{""requestId"":""sen-4baeab28"",""score"":287,""band"":""LOW"",""reasonCodes"":[""EMAIL_AGE_LOW"",""SYNTHETIC_ID_PATTERN"",""BANK_ACCOUNT_AGE""],""modelVersion"":""sr-4.2""}",362,2026-02-09 22:07:15.141608-05:00
359,461,SENTINEL,543,MEDIUM,"PHONE_CARRIER_RISK,SYNTHETIC_ID_PATTERN,ADDRESS_MISMATCH","{""requestId"":""sen-e9e624d9"",""score"":543,""band"":""MEDIUM"",""reasonCodes"":[""PHONE_CARRIER_RISK"",""SYNTHETIC_ID_PATTERN"",""ADDRESS_MISMATCH""],""modelVersion"":""sr-4.2""}",842,2026-02-09 19:51:41.216660-05:00
360,462,SENTINEL,128,LOW,"EMAIL_AGE_LOW,BANK_ACCOUNT_AGE","{""requestId"":""sen-881d9e8b"",""score"":128,""band"":""LOW"",""reasonCodes"":[""EMAIL_AGE_LOW"",""BANK_ACCOUNT_AGE""],""modelVersion"":""sr-4.2""}",216,2026-02-09 19:12:41.321654-05:00
361,464,SENTINEL,155,LOW,IDENTITY_MISMATCH,"{""requestId"":""sen-c48c91ee"",""score"":155,""band"":""LOW"",""reasonCodes"":[""IDENTITY_MISMATCH""],""modelVersion"":""sr-4.2""}",1270,2026-02-09 19:03:24.509307-05:00
362,466,SENTINEL,315,LOW,"IDENTITY_MISMATCH,VELOCITY_APPLICANT","{""requestId"":""sen-00fb8552"",""score"":315,""band"":""LOW"",""reasonCodes"":[""IDENTITY_MISMATCH"",""VELOCITY_APPLICANT""],""modelVersion"":""sr-4.2""}",13033,2026-02-09 22:17:51.089304-05:00
363,468,SENTINEL,375,MEDIUM,,"{""requestId"":""sen-3d6a78b5"",""score"":375,""band"":""MEDIUM"",""reasonCodes"":null,""modelVersion"":""sr-4.2""}",470,2026-02-09 23:08:02.104322-05:00
364,469,SENTINEL,700,HIGH,DEVICE_REPUTATION,"{""requestId"":""sen-dba1f266"",""score"":700,""band"":""HIGH"",""reasonCodes"":[""DEVICE_REPUTATION""],""modelVersion"":""sr-4.2""}",323,2026-02-10 00:24:10.690566-05:00
365,470,SENTINEL,394,MEDIUM,"EMAIL_AGE_LOW,IDENTITY_MISMATCH,DEVICE_REPUTATION","{""requestId"":""sen-79d96c18"",""score"":394,""band"":""MEDIUM"",""reasonCodes"":[""EMAIL_AGE_LOW"",""IDENTITY_MISMATCH"",""DEVICE_REPUTATION""],""modelVersion"":""sr-4.2""}",277,2026-02-09 22:01:55.872502-05:00
366,471,SENTINEL,689,HIGH,SYNTHETIC_ID_PATTERN,"{""requestId"":""sen-1810e5ca"",""score"":689,""band"":""HIGH"",""reasonCodes"":[""SYNTHETIC_ID_PATTERN""],""modelVersion"":""sr-4.2""}",1065,2026-02-09 23:02:01.410298-05:00
367,472,SENTINEL,499,MEDIUM,"VELOCITY_APPLICANT,ADDRESS_MISMATCH,IP_PROXY","{""requestId"":""sen-b6485f7b"",""score"":499,""band"":""MEDIUM"",""reasonCodes"":[""VELOCITY_APPLICANT"",""ADDRESS_MISMATCH"",""IP_PROXY""],""modelVersion"":""sr-4.2""}",718,2026-02-09 21:30:55.346914-05:00
368,473,SENTINEL,700,HIGH,"DEVICE_REPUTATION,ADDRESS_MISMATCH,VELOCITY_APPLICANT","{""requestId"":""sen-547fd92d"",""score"":700,""band"":""HIGH"",""reasonCodes"":[""DEVICE_REPUTATION"",""ADDRESS_MISMATCH"",""VELOCITY_APPLICANT""],""modelVersion"":""sr-4.2""}",825,2026-02-10 00:05:13.270314-05:00
369,476,SENTINEL,297,LOW,"DEVICE_REPUTATION,BANK_ACCOUNT_AGE,VELOCITY_APPLICANT,PHONE_CARRIER_RISK","{""requestId"":""sen-2f264642"",""score"":297,""band"":""LOW"",""reasonCodes"":[""DEVICE_REPUTATION"",""BANK_ACCOUNT_AGE"",""VELOCITY_APPLICANT"",""PHONE_CARRIER_RISK""],""modelVersion"":""sr-4.2""}",177,2026-02-10 05:25:27.128639-05:00
370,477,SENTINEL,132,LOW,"SYNTHETIC_ID_PATTERN,PHONE_CARRIER_RISK,IDENTITY_MISMATCH","{""requestId"":""sen-cd5dbff3"",""score"":132,""band"":""LOW"",""reasonCodes"":[""SYNTHETIC_ID_PATTERN"",""PHONE_CARRIER_RISK"",""IDENTITY_MISMATCH""],""modelVersion"":""sr-4.2""}",732,2026-02-10 06:53:03.123152-05:00
371,478,SENTINEL,255,LOW,ADDRESS_MISMATCH,"{""requestId"":""sen-6b9539a5"",""score"":255,""band"":""LOW"",""reasonCodes"":[""ADDRESS_MISMATCH""],""modelVersion"":""sr-4.1""}",2418,2026-02-10 05:50:56.552651-05:00
372,479,SENTINEL,192,LOW,,"{""requestId"":""sen-09ccb357"",""score"":192,""band"":""LOW"",""reasonCodes"":null,""modelVersion"":""sr-4.2""}",1641,2026-02-10 09:33:17.783896-05:00
373,480,SENTINEL,90,LOW,"EMAIL_AGE_LOW,DEVICE_REPUTATION,IP_PROXY","{""requestId"":""sen-a8042d08"",""score"":90,""band"":""LOW"",""reasonCodes"":[""EMAIL_AGE_LOW"",""DEVICE_REPUTATION"",""IP_PROXY""],""modelVersion"":""sr-4.1""}",1046,2026-02-10 08:44:49.016438-05:00
374,481,SENTINEL,48,LOW,"EMAIL_AGE_LOW,SYNTHETIC_ID_PATTERN,BANK_ACCOUNT_AGE,DEVICE_REPUTATION","{""requestId"":""sen-463ba6ba"",""score"":48,""band"":""LOW"",""reasonCodes"":[""EMAIL_AGE_LOW"",""SYNTHETIC_ID_PATTERN"",""BANK_ACCOUNT_AGE"",""DEVICE_REPUTATION""],""modelVersion"":""sr-4.2""}",346,2026-02-10 08:25:53.138183-05:00
375,482,SENTINEL,500,MEDIUM,"BANK_ACCOUNT_AGE,IDENTITY_MISMATCH,SYNTHETIC_ID_PATTERN","{""requestId"":""sen-e473206b"",""score"":500,""band"":""MEDIUM"",""reasonCodes"":[""BANK_ACCOUNT_AGE"",""IDENTITY_MISMATCH"",""SYNTHETIC_ID_PATTERN""],""modelVersion"":""sr-4.1""}",5031,2026-02-10 10:43:23.696341-05:00
376,483,SENTINEL,205,LOW,SYNTHETIC_ID_PATTERN,"{""requestId"":""sen-82aa9a1d"",""score"":205,""band"":""LOW"",""reasonCodes"":[""SYNTHETIC_ID_PATTERN""],""modelVersion"":""sr-4.2""}",102,2026-02-10 09:38:35.432721-05:00
377,484,SENTINEL,466,MEDIUM,"PHONE_CARRIER_RISK,BANK_ACCOUNT_AGE","{""requestId"":""sen-20e213cf"",""score"":466,""band"":""MEDIUM"",""reasonCodes"":[""PHONE_CARRIER_RISK"",""BANK_ACCOUNT_AGE""],""modelVersion"":""sr-4.2""}",515,2026-02-10 10:31:58.649451-05:00
378,485,SENTINEL,17,LOW,"DEVICE_REPUTATION,PHONE_CARRIER_RISK","{""requestId"":""sen-bf198d80"",""score"":17,""band"":""LOW"",""reasonCodes"":[""DEVICE_REPUTATION"",""PHONE_CARRIER_RISK""],""modelVersion"":""sr-4.2""}",262,2026-02-10 12:02:29.181363-05:00
379,486,SENTINEL,228,LOW,"DEVICE_REPUTATION,BANK_ACCOUNT_AGE,IP_PROXY,ADDRESS_MISMATCH","{""requestId"":""sen-5d510732"",""score"":228,""band"":""LOW"",""reasonCodes"":[""DEVICE_REPUTATION"",""BANK_ACCOUNT_AGE"",""IP_PROXY"",""ADDRESS_MISMATCH""],""modelVersion"":""sr-4.2""}",229,2026-02-10 09:47:55.327606-05:00
380,487,SENTINEL,397,MEDIUM,"VELOCITY_APPLICANT,IDENTITY_MISMATCH,DEVICE_REPUTATION","{""requestId"":""sen-fb8880e3"",""score"":397,""band"":""MEDIUM"",""reasonCodes"":[""VELOCITY_APPLICANT"",""IDENTITY_MISMATCH"",""DEVICE_REPUTATION""],""modelVersion"":""sr-4.2""}",367,2026-02-10 13:58:46.315193-05:00
381,488,SENTINEL,452,MEDIUM,"BANK_ACCOUNT_AGE,IP_PROXY,ADDRESS_MISMATCH,VELOCITY_APPLICANT","{""requestId"":""sen-99bffa95"",""score"":452,""band"":""MEDIUM"",""reasonCodes"":[""BANK_ACCOUNT_AGE"",""IP_PROXY"",""ADDRESS_MISMATCH"",""VELOCITY_APPLICANT""],""modelVersion"":""sr-4.1""}",110,2026-02-10 12:25:06.355478-05:00
382,489,SENTINEL,133,LOW,"EMAIL_AGE_LOW,BANK_ACCOUNT_AGE","{""requestId"":""sen-37f77447"",""score"":133,""band"":""LOW"",""reasonCodes"":[""EMAIL_AGE_LOW"",""BANK_ACCOUNT_AGE""],""modelVersion"":""sr-4.1""}",4048,2026-02-10 10:11:19.888265-05:00
383,491,SENTINEL,454,MEDIUM,"BANK_ACCOUNT_AGE,EMAIL_AGE_LOW,IP_PROXY","{""requestId"":""sen-746667aa"",""score"":454,""band"":""MEDIUM"",""reasonCodes"":[""BANK_ACCOUNT_AGE"",""EMAIL_AGE_LOW"",""IP_PROXY""],""modelVersion"":""sr-4.2""}",498,2026-02-10 10:11:30.153270-05:00
384,492,SENTINEL,217,LOW,"IDENTITY_MISMATCH,ADDRESS_MISMATCH","{""requestId"":""sen-129de15c"",""score"":217,""band"":""LOW"",""reasonCodes"":[""IDENTITY_MISMATCH"",""ADDRESS_MISMATCH""],""modelVersion"":""sr-4.2""}",743,2026-02-10 13:22:44.017885-05:00
385,494,SENTINEL,518,MEDIUM,"PHONE_CARRIER_RISK,VELOCITY_APPLICANT,IP_PROXY,SYNTHETIC_ID_PATTERN","{""requestId"":""sen-4f0cd4bf"",""score"":518,""band"":""MEDIUM"",""reasonCodes"":[""PHONE_CARRIER_RISK"",""VELOCITY_APPLICANT"",""IP_PROXY"",""SYNTHETIC_ID_PATTERN""],""modelVersion"":""sr-4.2""}",57,2026-02-10 12:35:35.840050-05:00
386,495,SENTINEL,149,LOW,"SYNTHETIC_ID_PATTERN,BANK_ACCOUNT_AGE,VELOCITY_APPLICANT,IDENTITY_MISMATCH","{""requestId"":""sen-ed444e70"",""score"":149,""band"":""LOW"",""reasonCodes"":[""SYNTHETIC_ID_PATTERN"",""BANK_ACCOUNT_AGE"",""VELOCITY_APPLICANT"",""IDENTITY_MISMATCH""],""modelVersion"":""sr-4.1""}",311,2026-02-10 13:41:27.045057-05:00
387,497,SENTINEL,421,MEDIUM,"EMAIL_AGE_LOW,VELOCITY_APPLICANT","{""requestId"":""sen-29b341d4"",""score"":421,""band"":""MEDIUM"",""reasonCodes"":[""EMAIL_AGE_LOW"",""VELOCITY_APPLICANT""],""modelVersion"":""sr-4.2""}",709,2026-02-10 12:55:54.627328-05:00
388,498,SENTINEL,415,MEDIUM,"IP_PROXY,ADDRESS_MISMATCH","{""requestId"":""sen-c7eabb85"",""score"":415,""band"":""MEDIUM"",""reasonCodes"":[""IP_PROXY"",""ADDRESS_MISMATCH""],""modelVersion"":""sr-4.2""}",314,2026-02-10 14:57:21.073030-05:00
389,499,SENTINEL,135,LOW,"EMAIL_AGE_LOW,DEVICE_REPUTATION,SYNTHETIC_ID_PATTERN","{""requestId"":""sen-66223537"",""score"":135,""band"":""LOW"",""reasonCodes"":[""EMAIL_AGE_LOW"",""DEVICE_REPUTATION"",""SYNTHETIC_ID_PATTERN""],""modelVersion"":""sr-4.1""}",1013,2026-02-10 16:02:02.422161-05:00
390,500,SENTINEL,402,MEDIUM,"PHONE_CARRIER_RISK,EMAIL_AGE_LOW,DEVICE_REPUTATION","{""requestId"":""sen-0459aee9"",""score"":402,""band"":""MEDIUM"",""reasonCodes"":[""PHONE_CARRIER_RISK"",""EMAIL_AGE_LOW"",""DEVICE_REPUTATION""],""modelVersion"":""sr-4.1""}",144,2026-02-10 14:36:15.752053-05:00
391,505,SENTINEL,278,LOW,BANK_ACCOUNT_AGE,"{""requestId"":""sen-1b6f0f61"",""score"":278,""band"":""LOW"",""reasonCodes"":[""BANK_ACCOUNT_AGE""],""modelVersion"":""sr-4.1""}",276,2026-02-10 16:36:34.275746-05:00
392,506,SENTINEL,314,LOW,DEVICE_REPUTATION,"{""requestId"":""sen-b9a68912"",""score"":314,""band"":""LOW"",""reasonCodes"":[""DEVICE_REPUTATION""],""modelVersion"":""sr-4.1""}",1796,2026-02-10 12:47:55.928942-05:00
393,507,SENTINEL,381,MEDIUM,"ADDRESS_MISMATCH,VELOCITY_APPLICANT,EMAIL_AGE_LOW,BANK_ACCOUNT_AGE","{""requestId"":""sen-57de02c4"",""score"":381,""band"":""MEDIUM"",""reasonCodes"":[""ADDRESS_MISMATCH"",""VELOCITY_APPLICANT"",""EMAIL_AGE_LOW"",""BANK_ACCOUNT_AGE""],""modelVersion"":""sr-4.2""}",463,2026-02-10 15:38:58.484160-05:00
394,509,SENTINEL,15,LOW,"BANK_ACCOUNT_AGE,PHONE_CARRIER_RISK,IDENTITY_MISMATCH","{""requestId"":""sen-944cf627"",""score"":15,""band"":""LOW"",""reasonCodes"":[""BANK_ACCOUNT_AGE"",""PHONE_CARRIER_RISK"",""IDENTITY_MISMATCH""],""modelVersion"":""sr-4.2""}",390,2026-02-10 16:04:36.365433-05:00
395,510,SENTINEL,224,LOW,"EMAIL_AGE_LOW,VELOCITY_APPLICANT,ADDRESS_MISMATCH,IP_PROXY","{""requestId"":""sen-32846fd9"",""score"":224,""band"":""LOW"",""reasonCodes"":[""EMAIL_AGE_LOW"",""VELOCITY_APPLICANT"",""ADDRESS_MISMATCH"",""IP_PROXY""],""modelVersion"":""sr-4.2""}",1507,2026-02-10 14:06:13.339041-05:00
396,511,SENTINEL,104,LOW,IP_PROXY,"{""requestId"":""sen-d0bbe98a"",""score"":104,""band"":""LOW"",""reasonCodes"":[""IP_PROXY""],""modelVersion"":""sr-4.1""}",214,2026-02-10 14:10:37.588834-05:00
397,512,SENTINEL,94,LOW,"VELOCITY_APPLICANT,EMAIL_AGE_LOW,IP_PROXY","{""requestId"":""sen-6ef3633c"",""score"":94,""band"":""LOW"",""reasonCodes"":[""VELOCITY_APPLICANT"",""EMAIL_AGE_LOW"",""IP_PROXY""],""modelVersion"":""sr-4.2""}",824,2026-02-10 17:10:28.715585-05:00
398,513,SENTINEL,549,MEDIUM,"SYNTHETIC_ID_PATTERN,VELOCITY_APPLICANT,EMAIL_AGE_LOW","{""requestId"":""sen-0d2adcee"",""score"":549,""band"":""MEDIUM"",""reasonCodes"":[""SYNTHETIC_ID_PATTERN"",""VELOCITY_APPLICANT"",""EMAIL_AGE_LOW""],""modelVersion"":""sr-4.2""}",116,2026-02-10 16:05:43.647045-05:00
399,514,SENTINEL,109,LOW,"EMAIL_AGE_LOW,ADDRESS_MISMATCH,SYNTHETIC_ID_PATTERN,IDENTITY_MISMATCH","{""requestId"":""sen-ab62569f"",""score"":109,""band"":""LOW"",""reasonCodes"":[""EMAIL_AGE_LOW"",""ADDRESS_MISMATCH"",""SYNTHETIC_ID_PATTERN"",""IDENTITY_MISMATCH""],""modelVersion"":""sr-4.1""}",754,2026-02-10 18:32:09.838713-05:00
400,515,SENTINEL,395,MEDIUM,PHONE_CARRIER_RISK,"{""requestId"":""sen-4999d051"",""score"":395,""band"":""MEDIUM"",""reasonCodes"":[""PHONE_CARRIER_RISK""],""modelVersion"":""sr-4.2""}",821,2026-02-10 16:26:14.512905-05:00
401,516,SENTINEL,178,LOW,"IP_PROXY,BANK_ACCOUNT_AGE,EMAIL_AGE_LOW,DEVICE_REPUTATION","{""requestId"":""sen-e7d14a02"",""score"":178,""band"":""LOW"",""reasonCodes"":[""IP_PROXY"",""BANK_ACCOUNT_AGE"",""EMAIL_AGE_LOW"",""DEVICE_REPUTATION""],""modelVersion"":""sr-4.2""}",258,2026-02-10 17:14:03.121792-05:00
402,517,SENTINEL,363,MEDIUM,"VELOCITY_APPLICANT,EMAIL_AGE_LOW","{""requestId"":""sen-8608c3b4"",""score"":363,""band"":""MEDIUM"",""reasonCodes"":[""VELOCITY_APPLICANT"",""EMAIL_AGE_LOW""],""modelVersion"":""sr-4.2""}",162,2026-02-10 19:20:39.860737-05:00
403,518,SENTINEL,494,MEDIUM,"IDENTITY_MISMATCH,ADDRESS_MISMATCH","{""requestId"":""sen-24403d66"",""score"":494,""band"":""MEDIUM"",""reasonCodes"":[""IDENTITY_MISMATCH"",""ADDRESS_MISMATCH""],""modelVersion"":""sr-4.1""}",185,2026-02-10 18:54:39.155386-05:00
404,519,SENTINEL,132,LOW,"EMAIL_AGE_LOW,DEVICE_REPUTATION","{""requestId"":""sen-c277b717"",""score"":132,""band"":""LOW"",""reasonCodes"":[""EMAIL_AGE_LOW"",""DEVICE_REPUTATION""],""modelVersion"":""sr-4.2""}",2447,2026-02-10 17:49:22.062248-05:00
405,520,SENTINEL,54,LOW,"ADDRESS_MISMATCH,VELOCITY_APPLICANT,BANK_ACCOUNT_AGE","{""requestId"":""sen-60af30c9"",""score"":54,""band"":""LOW"",""reasonCodes"":[""ADDRESS_MISMATCH"",""VELOCITY_APPLICANT"",""BANK_ACCOUNT_AGE""],""modelVersion"":""sr-4.1""}",565,2026-02-10 18:14:36.143146-05:00
406,521,SENTINEL,295,LOW,"EMAIL_AGE_LOW,IDENTITY_MISMATCH","{""requestId"":""sen-fee6aa7a"",""score"":295,""band"":""LOW"",""reasonCodes"":[""EMAIL_AGE_LOW"",""IDENTITY_MISMATCH""],""modelVersion"":""sr-4.1""}",282,2026-02-10 19:54:42.877225-05:00
407,524,SENTINEL,266,LOW,"PHONE_CARRIER_RISK,EMAIL_AGE_LOW,BANK_ACCOUNT_AGE,ADDRESS_MISMATCH","{""requestId"":""sen-d98d178f"",""score"":266,""band"":""LOW"",""reasonCodes"":[""PHONE_CARRIER_RISK"",""EMAIL_AGE_LOW"",""BANK_ACCOUNT_AGE"",""ADDRESS_MISMATCH""],""modelVersion"":""sr-4.2""}",286,2026-02-10 18:34:09.304688-05:00
408,525,SENTINEL,324,LOW,"EMAIL_AGE_LOW,IDENTITY_MISMATCH","{""requestId"":""sen-77c49141"",""score"":324,""band"":""LOW"",""reasonCodes"":[""EMAIL_AGE_LOW"",""IDENTITY_MISMATCH""],""modelVersion"":""sr-4.2""}",457,2026-02-10 20:04:10.652283-05:00
409,526,SENTINEL,168,LOW,ADDRESS_MISMATCH,"{""requestId"":""sen-15fc0af3"",""score"":168,""band"":""LOW"",""reasonCodes"":[""ADDRESS_MISMATCH""],""modelVersion"":""sr-4.1""}",1860,2026-02-10 19:50:28.600852-05:00
410,527,SENTINEL,940,HIGH,"SYNTHETIC_ID_PATTERN,VELOCITY_APPLICANT","{""requestId"":""sen-b43384a4"",""score"":940,""band"":""HIGH"",""reasonCodes"":[""SYNTHETIC_ID_PATTERN"",""VELOCITY_APPLICANT""],""modelVersion"":""sr-4.2""}",962,2026-02-10 21:02:00.481701-05:00
411,528,SENTINEL,539,MEDIUM,"EMAIL_AGE_LOW,ADDRESS_MISMATCH","{""requestId"":""sen-526afe56"",""score"":539,""band"":""MEDIUM"",""reasonCodes"":[""EMAIL_AGE_LOW"",""ADDRESS_MISMATCH""],""modelVersion"":""sr-4.1""}",358,2026-02-10 20:38:38.791023-05:00
412,531,SENTINEL,380,MEDIUM,,"{""requestId"":""sen-2d116b6b"",""score"":380,""band"":""MEDIUM"",""reasonCodes"":null,""modelVersion"":""sr-4.2""}",555,2026-02-10 20:52:11.917277-05:00
413,533,SENTINEL,139,LOW,DEVICE_REPUTATION,"{""requestId"":""sen-69805ece"",""score"":139,""band"":""LOW"",""reasonCodes"":[""DEVICE_REPUTATION""],""modelVersion"":""sr-4.2""}",545,2026-02-10 19:27:15.605791-05:00
414,534,SENTINEL,245,LOW,"SYNTHETIC_ID_PATTERN,ADDRESS_MISMATCH,IDENTITY_MISMATCH,DEVICE_REPUTATION","{""requestId"":""sen-07b7d880"",""score"":245,""band"":""LOW"",""reasonCodes"":[""SYNTHETIC_ID_PATTERN"",""ADDRESS_MISMATCH"",""IDENTITY_MISMATCH"",""DEVICE_REPUTATION""],""modelVersion"":""sr-4.1""}",92,2026-02-10 22:13:34.352684-05:00
415,536,SENTINEL,352,MEDIUM,"VELOCITY_APPLICANT,PHONE_CARRIER_RISK","{""requestId"":""sen-4426cbe3"",""score"":352,""band"":""MEDIUM"",""reasonCodes"":[""VELOCITY_APPLICANT"",""PHONE_CARRIER_RISK""],""modelVersion"":""sr-4.2""}",494,2026-02-10 22:54:02.466359-05:00
416,537,SENTINEL,177,LOW,"EMAIL_AGE_LOW,IP_PROXY","{""requestId"":""sen-e25e4594"",""score"":177,""band"":""LOW"",""reasonCodes"":[""EMAIL_AGE_LOW"",""IP_PROXY""],""modelVersion"":""sr-4.2""}",1954,2026-02-11 00:54:18.485311-05:00
417,538,SENTINEL,348,LOW,"IP_PROXY,ADDRESS_MISMATCH","{""requestId"":""sen-8095bf46"",""score"":348,""band"":""LOW"",""reasonCodes"":[""IP_PROXY"",""ADDRESS_MISMATCH""],""modelVersion"":""sr-4.2""}",326,2026-02-10 21:18:06.987315-05:00
418,539,SENTINEL,429,MEDIUM,"ADDRESS_MISMATCH,PHONE_CARRIER_RISK,DEVICE_REPUTATION","{""requestId"":""sen-1ecd38f8"",""score"":429,""band"":""MEDIUM"",""reasonCodes"":[""ADDRESS_MISMATCH"",""PHONE_CARRIER_RISK"",""DEVICE_REPUTATION""],""modelVersion"":""sr-4.1""}",311,2026-02-11 01:12:33.916511-05:00
419,541,SENTINEL,334,LOW,"EMAIL_AGE_LOW,BANK_ACCOUNT_AGE,VELOCITY_APPLICANT,IP_PROXY","{""requestId"":""sen-5b3c2c5b"",""score"":334,""band"":""LOW"",""reasonCodes"":[""EMAIL_AGE_LOW"",""BANK_ACCOUNT_AGE"",""VELOCITY_APPLICANT"",""IP_PROXY""],""modelVersion"":""sr-4.1""}",93,2026-02-11 01:51:35.882345-05:00
420,542,SENTINEL,400,MEDIUM,EMAIL_AGE_LOW,"{""requestId"":""sen-f973a60c"",""score"":400,""band"":""MEDIUM"",""reasonCodes"":[""EMAIL_AGE_LOW""],""modelVersion"":""sr-4.1""}",446,2026-02-11 04:01:02.183892-05:00
421,543,SENTINEL,285,LOW,"BANK_ACCOUNT_AGE,ADDRESS_MISMATCH","{""requestId"":""sen-97ab1fbe"",""score"":285,""band"":""LOW"",""reasonCodes"":[""BANK_ACCOUNT_AGE"",""ADDRESS_MISMATCH""],""modelVersion"":""sr-4.2""}",361,2026-02-11 05:24:36.400873-05:00
422,545,SENTINEL,295,LOW,ADDRESS_MISMATCH,"{""requestId"":""sen-d41a1321"",""score"":295,""band"":""LOW"",""reasonCodes"":[""ADDRESS_MISMATCH""],""modelVersion"":""sr-4.2""}",422,2026-02-11 02:34:25.165692-05:00
423,548,SENTINEL,154,LOW,"EMAIL_AGE_LOW,BANK_ACCOUNT_AGE,ADDRESS_MISMATCH,PHONE_CARRIER_RISK","{""requestId"":""sen-aec08036"",""score"":154,""band"":""LOW"",""reasonCodes"":[""EMAIL_AGE_LOW"",""BANK_ACCOUNT_AGE"",""ADDRESS_MISMATCH"",""PHONE_CARRIER_RISK""],""modelVersion"":""sr-4.2""}",294,2026-02-11 08:13:03.495079-05:00
424,549,SENTINEL,617,MEDIUM,SYNTHETIC_ID_PATTERN,"{""requestId"":""sen-4cf7f9e8"",""score"":617,""band"":""MEDIUM"",""reasonCodes"":[""SYNTHETIC_ID_PATTERN""],""modelVersion"":""sr-4.2""}",562,2026-02-11 10:00:30.759900-05:00
425,550,SENTINEL,240,LOW,"IDENTITY_MISMATCH,PHONE_CARRIER_RISK","{""requestId"":""sen-eb2f7399"",""score"":240,""band"":""LOW"",""reasonCodes"":[""IDENTITY_MISMATCH"",""PHONE_CARRIER_RISK""],""modelVersion"":""sr-4.2""}",635,2026-02-11 06:42:14.406343-05:00
426,551,SENTINEL,192,LOW,"BANK_ACCOUNT_AGE,EMAIL_AGE_LOW,SYNTHETIC_ID_PATTERN","{""requestId"":""sen-8966ed4b"",""score"":192,""band"":""LOW"",""reasonCodes"":[""BANK_ACCOUNT_AGE"",""EMAIL_AGE_LOW"",""SYNTHETIC_ID_PATTERN""],""modelVersion"":""sr-4.1""}",2936,2026-02-11 09:04:50.746229-05:00
427,552,SENTINEL,51,LOW,"BANK_ACCOUNT_AGE,VELOCITY_APPLICANT","{""requestId"":""sen-279e66fd"",""score"":51,""band"":""LOW"",""reasonCodes"":[""BANK_ACCOUNT_AGE"",""VELOCITY_APPLICANT""],""modelVersion"":""sr-4.2""}",354,2026-02-11 09:56:19.464290-05:00
428,553,SENTINEL,232,LOW,BANK_ACCOUNT_AGE,"{""requestId"":""sen-c5d5e0ae"",""score"":232,""band"":""LOW"",""reasonCodes"":[""BANK_ACCOUNT_AGE""],""modelVersion"":""sr-4.2""}",568,2026-02-11 11:57:55.281481-05:00
429,554,SENTINEL,491,MEDIUM,VELOCITY_APPLICANT,"{""requestId"":""sen-640d5a60"",""score"":491,""band"":""MEDIUM"",""reasonCodes"":[""VELOCITY_APPLICANT""],""modelVersion"":""sr-4.2""}",3848,2026-02-11 10:46:57.761466-05:00
430,555,SENTINEL,1,LOW,"DEVICE_REPUTATION,ADDRESS_MISMATCH,VELOCITY_APPLICANT","{""requestId"":""sen-0244d412"",""score"":1,""band"":""LOW"",""reasonCodes"":[""DEVICE_REPUTATION"",""ADDRESS_MISMATCH"",""VELOCITY_APPLICANT""],""modelVersion"":""sr-4.2""}",1060,2026-02-11 10:32:28.716025-05:00
431,556,SENTINEL,620,MEDIUM,"DEVICE_REPUTATION,PHONE_CARRIER_RISK,SYNTHETIC_ID_PATTERN,ADDRESS_MISMATCH","{""requestId"":""sen-a07c4dc3"",""score"":620,""band"":""MEDIUM"",""reasonCodes"":[""DEVICE_REPUTATION"",""PHONE_CARRIER_RISK"",""SYNTHETIC_ID_PATTERN"",""ADDRESS_MISMATCH""],""modelVersion"":""sr-4.2""}",438,2026-02-11 08:38:39.229934-05:00
432,558,SENTINEL,168,LOW,"BANK_ACCOUNT_AGE,IP_PROXY,ADDRESS_MISMATCH,IDENTITY_MISMATCH","{""requestId"":""sen-dceb4126"",""score"":168,""band"":""LOW"",""reasonCodes"":[""BANK_ACCOUNT_AGE"",""IP_PROXY"",""ADDRESS_MISMATCH"",""IDENTITY_MISMATCH""],""modelVersion"":""sr-4.2""}",408,2026-02-11 08:13:28.177353-05:00
433,559,SENTINEL,216,LOW,"IDENTITY_MISMATCH,VELOCITY_APPLICANT,IP_PROXY","{""requestId"":""sen-7b22bad8"",""score"":216,""band"":""LOW"",""reasonCodes"":[""IDENTITY_MISMATCH"",""VELOCITY_APPLICANT"",""IP_PROXY""],""modelVersion"":""sr-4.2""}",39,2026-02-11 12:57:24.938351-05:00
434,560,SENTINEL,135,LOW,"SYNTHETIC_ID_PATTERN,IDENTITY_MISMATCH","{""requestId"":""sen-195a348a"",""score"":135,""band"":""LOW"",""reasonCodes"":[""SYNTHETIC_ID_PATTERN"",""IDENTITY_MISMATCH""],""modelVersion"":""sr-4.1""}",3891,2026-02-11 09:56:04.738748-05:00
435,561,SENTINEL,740,HIGH,"IP_PROXY,EMAIL_AGE_LOW","{""requestId"":""sen-b791ae3b"",""score"":740,""band"":""HIGH"",""reasonCodes"":[""IP_PROXY"",""EMAIL_AGE_LOW""],""modelVersion"":""sr-4.1""}",947,2026-02-11 13:06:42.723091-05:00
436,562,SENTINEL,520,MEDIUM,"ADDRESS_MISMATCH,PHONE_CARRIER_RISK","{""requestId"":""sen-55c927ed"",""score"":520,""band"":""MEDIUM"",""reasonCodes"":[""ADDRESS_MISMATCH"",""PHONE_CARRIER_RISK""],""modelVersion"":""sr-4.1""}",39,2026-02-11 11:48:32.006165-05:00
437,564,SENTINEL,162,LOW,"IP_PROXY,PHONE_CARRIER_RISK,EMAIL_AGE_LOW","{""requestId"":""sen-92381b50"",""score"":162,""band"":""LOW"",""reasonCodes"":[""IP_PROXY"",""PHONE_CARRIER_RISK"",""EMAIL_AGE_LOW""],""modelVersion"":""sr-4.2""}",129,2026-02-11 11:05:07.947105-05:00
438,565,SENTINEL,162,LOW,PHONE_CARRIER_RISK,"{""requestId"":""sen-306f9502"",""score"":162,""band"":""LOW"",""reasonCodes"":[""PHONE_CARRIER_RISK""],""modelVersion"":""sr-4.1""}",1045,2026-02-11 12:50:29.668897-05:00
439,566,SENTINEL,107,LOW,"PHONE_CARRIER_RISK,IP_PROXY,EMAIL_AGE_LOW,BANK_ACCOUNT_AGE","{""requestId"":""sen-cea70eb3"",""score"":107,""band"":""LOW"",""reasonCodes"":[""PHONE_CARRIER_RISK"",""IP_PROXY"",""EMAIL_AGE_LOW"",""BANK_ACCOUNT_AGE""],""modelVersion"":""sr-4.1""}",187,2026-02-11 11:18:18.873313-05:00
440,567,SENTINEL,481,MEDIUM,DEVICE_REPUTATION,"{""requestId"":""sen-6cde8865"",""score"":481,""band"":""MEDIUM"",""reasonCodes"":[""DEVICE_REPUTATION""],""modelVersion"":""sr-4.1""}",851,2026-02-11 10:50:47.240704-05:00
441,568,SENTINEL,135,LOW,"IDENTITY_MISMATCH,BANK_ACCOUNT_AGE,DEVICE_REPUTATION,ADDRESS_MISMATCH","{""requestId"":""sen-0b160217"",""score"":135,""band"":""LOW"",""reasonCodes"":[""IDENTITY_MISMATCH"",""BANK_ACCOUNT_AGE"",""DEVICE_REPUTATION"",""ADDRESS_MISMATCH""],""modelVersion"":""sr-4.1""}",257,2026-02-11 10:25:33.380534-05:00
442,569,SENTINEL,366,MEDIUM,"ADDRESS_MISMATCH,IDENTITY_MISMATCH,BANK_ACCOUNT_AGE,PHONE_CARRIER_RISK","{""requestId"":""sen-a94d7bc8"",""score"":366,""band"":""MEDIUM"",""reasonCodes"":[""ADDRESS_MISMATCH"",""IDENTITY_MISMATCH"",""BANK_ACCOUNT_AGE"",""PHONE_CARRIER_RISK""],""modelVersion"":""sr-4.1""}",490,2026-02-11 10:06:07.850704-05:00
443,570,SENTINEL,249,LOW,"PHONE_CARRIER_RISK,IP_PROXY,DEVICE_REPUTATION,VELOCITY_APPLICANT","{""requestId"":""sen-4784f57a"",""score"":249,""band"":""LOW"",""reasonCodes"":[""PHONE_CARRIER_RISK"",""IP_PROXY"",""DEVICE_REPUTATION"",""VELOCITY_APPLICANT""],""modelVersion"":""sr-4.1""}",91,2026-02-11 10:59:49.310115-05:00
444,571,SENTINEL,469,MEDIUM,"VELOCITY_APPLICANT,DEVICE_REPUTATION,PHONE_CARRIER_RISK","{""requestId"":""sen-e5bc6f2b"",""score"":469,""band"":""MEDIUM"",""reasonCodes"":[""VELOCITY_APPLICANT"",""DEVICE_REPUTATION"",""PHONE_CARRIER_RISK""],""modelVersion"":""sr-4.1""}",425,2026-02-11 11:31:55.146093-05:00
445,572,SENTINEL,221,LOW,IDENTITY_MISMATCH,"{""requestId"":""sen-83f3e8dd"",""score"":221,""band"":""LOW"",""reasonCodes"":[""IDENTITY_MISMATCH""],""modelVersion"":""sr-4.2""}",608,2026-02-11 12:47:31.288781-05:00
446,574,SENTINEL,237,LOW,"ADDRESS_MISMATCH,DEVICE_REPUTATION,IP_PROXY","{""requestId"":""sen-c062dc40"",""score"":237,""band"":""LOW"",""reasonCodes"":[""ADDRESS_MISMATCH"",""DEVICE_REPUTATION"",""IP_PROXY""],""modelVersion"":""sr-4.1""}",3661,2026-02-11 15:27:27.385072-05:00
447,575,SENTINEL,101,LOW,"EMAIL_AGE_LOW,IP_PROXY,ADDRESS_MISMATCH","{""requestId"":""sen-5e9a55f2"",""score"":101,""band"":""LOW"",""reasonCodes"":[""EMAIL_AGE_LOW"",""IP_PROXY"",""ADDRESS_MISMATCH""],""modelVersion"":""sr-4.2""}",1071,2026-02-11 13:45:01.335686-05:00
448,576,SENTINEL,392,MEDIUM,"IDENTITY_MISMATCH,IP_PROXY","{""requestId"":""sen-fcd1cfa3"",""score"":392,""band"":""MEDIUM"",""reasonCodes"":[""IDENTITY_MISMATCH"",""IP_PROXY""],""modelVersion"":""sr-4.1""}",267,2026-02-11 13:36:39.297006-05:00
449,577,SENTINEL,118,LOW,IP_PROXY,"{""requestId"":""sen-9b094955"",""score"":118,""band"":""LOW"",""reasonCodes"":[""IP_PROXY""],""modelVersion"":""sr-4.2""}",349,2026-02-11 12:47:54.946015-05:00
450,580,SENTINEL,437,MEDIUM,"DEVICE_REPUTATION,SYNTHETIC_ID_PATTERN,IP_PROXY,VELOCITY_APPLICANT","{""requestId"":""sen-75afb66a"",""score"":437,""band"":""MEDIUM"",""reasonCodes"":[""DEVICE_REPUTATION"",""SYNTHETIC_ID_PATTERN"",""IP_PROXY"",""VELOCITY_APPLICANT""],""modelVersion"":""sr-4.1""}",730,2026-02-11 13:59:26.717561-05:00
451,581,SENTINEL,466,MEDIUM,"IDENTITY_MISMATCH,IP_PROXY","{""requestId"":""sen-13e7301c"",""score"":466,""band"":""MEDIUM"",""reasonCodes"":[""IDENTITY_MISMATCH"",""IP_PROXY""],""modelVersion"":""sr-4.1""}",145,2026-02-11 12:08:16.245099-05:00
452,582,SENTINEL,336,LOW,VELOCITY_APPLICANT,"{""requestId"":""sen-b21ea9cd"",""score"":336,""band"":""LOW"",""reasonCodes"":[""VELOCITY_APPLICANT""],""modelVersion"":""sr-4.2""}",295,2026-02-11 17:00:02.436379-05:00
453,583,SENTINEL,355,MEDIUM,"IP_PROXY,IDENTITY_MISMATCH,VELOCITY_APPLICANT,SYNTHETIC_ID_PATTERN","{""requestId"":""sen-5056237f"",""score"":355,""band"":""MEDIUM"",""reasonCodes"":[""IP_PROXY"",""IDENTITY_MISMATCH"",""VELOCITY_APPLICANT"",""SYNTHETIC_ID_PATTERN""],""modelVersion"":""sr-4.2""}",8820,2026-02-11 16:45:37.960124-05:00
454,584,SENTINEL,257,LOW,"SYNTHETIC_ID_PATTERN,VELOCITY_APPLICANT","{""requestId"":""sen-ee8d9d30"",""score"":257,""band"":""LOW"",""reasonCodes"":[""SYNTHETIC_ID_PATTERN"",""VELOCITY_APPLICANT""],""modelVersion"":""sr-4.2""}",162,2026-02-11 15:13:15.569921-05:00
455,585,SENTINEL,490,MEDIUM,"ADDRESS_MISMATCH,EMAIL_AGE_LOW,PHONE_CARRIER_RISK,BANK_ACCOUNT_AGE","{""requestId"":""sen-8cc516e2"",""score"":490,""band"":""MEDIUM"",""reasonCodes"":[""ADDRESS_MISMATCH"",""EMAIL_AGE_LOW"",""PHONE_CARRIER_RISK"",""BANK_ACCOUNT_AGE""],""modelVersion"":""sr-4.2""}",521,2026-02-11 14:01:09.662940-05:00
456,588,SENTINEL,471,MEDIUM,EMAIL_AGE_LOW,"{""requestId"":""sen-676b83f7"",""score"":471,""band"":""MEDIUM"",""reasonCodes"":[""EMAIL_AGE_LOW""],""modelVersion"":""sr-4.2""}",1192,2026-02-11 14:18:57.168841-05:00
457,589,SENTINEL,199,LOW,"ADDRESS_MISMATCH,IDENTITY_MISMATCH,DEVICE_REPUTATION,PHONE_CARRIER_RISK","{""requestId"":""sen-05a2fda9"",""score"":199,""band"":""LOW"",""reasonCodes"":[""ADDRESS_MISMATCH"",""IDENTITY_MISMATCH"",""DEVICE_REPUTATION"",""PHONE_CARRIER_RISK""],""modelVersion"":""sr-4.1""}",994,2026-02-11 16:19:03.197871-05:00
458,591,SENTINEL,637,MEDIUM,"DEVICE_REPUTATION,IDENTITY_MISMATCH,VELOCITY_APPLICANT,IP_PROXY","{""requestId"":""sen-4211f10c"",""score"":637,""band"":""MEDIUM"",""reasonCodes"":[""DEVICE_REPUTATION"",""IDENTITY_MISMATCH"",""VELOCITY_APPLICANT"",""IP_PROXY""],""modelVersion"":""sr-4.1""}",476,2026-02-11 16:55:46.244519-05:00
459,592,SENTINEL,185,LOW,"IDENTITY_MISMATCH,IP_PROXY,EMAIL_AGE_LOW","{""requestId"":""sen-e0496abd"",""score"":185,""band"":""LOW"",""reasonCodes"":[""IDENTITY_MISMATCH"",""IP_PROXY"",""EMAIL_AGE_LOW""],""modelVersion"":""sr-4.1""}",157,2026-02-11 17:10:15.021991-05:00
460,595,SENTINEL,367,MEDIUM,"ADDRESS_MISMATCH,VELOCITY_APPLICANT","{""requestId"":""sen-baefd7d2"",""score"":367,""band"":""MEDIUM"",""reasonCodes"":[""ADDRESS_MISMATCH"",""VELOCITY_APPLICANT""],""modelVersion"":""sr-4.2""}",737,2026-02-11 15:07:49.522541-05:00
461,596,SENTINEL,189,LOW,"VELOCITY_APPLICANT,DEVICE_REPUTATION,EMAIL_AGE_LOW","{""requestId"":""sen-59275184"",""score"":189,""band"":""LOW"",""reasonCodes"":[""VELOCITY_APPLICANT"",""DEVICE_REPUTATION"",""EMAIL_AGE_LOW""],""modelVersion"":""sr-4.1""}",117,2026-02-11 16:09:06.312217-05:00
462,598,SENTINEL,291,LOW,SYNTHETIC_ID_PATTERN,"{""requestId"":""sen-959644e7"",""score"":291,""band"":""LOW"",""reasonCodes"":[""SYNTHETIC_ID_PATTERN""],""modelVersion"":""sr-4.1""}",948,2026-02-11 16:06:26.160274-05:00
463,599,SENTINEL,271,LOW,"IP_PROXY,ADDRESS_MISMATCH,SYNTHETIC_ID_PATTERN,EMAIL_AGE_LOW","{""requestId"":""sen-33cdbe99"",""score"":271,""band"":""LOW"",""reasonCodes"":[""IP_PROXY"",""ADDRESS_MISMATCH"",""SYNTHETIC_ID_PATTERN"",""EMAIL_AGE_LOW""],""modelVersion"":""sr-4.1""}",124,2026-02-11 18:47:19.937736-05:00
464,600,SENTINEL,250,LOW,"SYNTHETIC_ID_PATTERN,IP_PROXY,ADDRESS_MISMATCH,PHONE_CARRIER_RISK","{""requestId"":""sen-d205384a"",""score"":250,""band"":""LOW"",""reasonCodes"":[""SYNTHETIC_ID_PATTERN"",""IP_PROXY"",""ADDRESS_MISMATCH"",""PHONE_CARRIER_RISK""],""modelVersion"":""sr-4.1""}",1244,2026-02-11 16:16:59.271037-05:00
465,602,SENTINEL,403,MEDIUM,DEVICE_REPUTATION,"{""requestId"":""sen-0e742bae"",""score"":403,""band"":""MEDIUM"",""reasonCodes"":[""DEVICE_REPUTATION""],""modelVersion"":""sr-4.2""}",325,2026-02-11 17:56:45.802448-05:00
466,604,SENTINEL,316,LOW,"IP_PROXY,PHONE_CARRIER_RISK","{""requestId"":""sen-4ae31f11"",""score"":316,""band"":""LOW"",""reasonCodes"":[""IP_PROXY"",""PHONE_CARRIER_RISK""],""modelVersion"":""sr-4.2""}",360,2026-02-11 17:54:18.879496-05:00
467,605,SENTINEL,486,MEDIUM,BANK_ACCOUNT_AGE,"{""requestId"":""sen-e91a98c2"",""score"":486,""band"":""MEDIUM"",""reasonCodes"":[""BANK_ACCOUNT_AGE""],""modelVersion"":""sr-4.2""}",1923,2026-02-11 20:59:33.705949-05:00
468,606,SENTINEL,347,LOW,"BANK_ACCOUNT_AGE,ADDRESS_MISMATCH","{""requestId"":""sen-87521274"",""score"":347,""band"":""LOW"",""reasonCodes"":[""BANK_ACCOUNT_AGE"",""ADDRESS_MISMATCH""],""modelVersion"":""sr-4.2""}",1487,2026-02-11 17:03:27.887356-05:00
469,607,SENTINEL,453,MEDIUM,"EMAIL_AGE_LOW,IP_PROXY,SYNTHETIC_ID_PATTERN","{""requestId"":""sen-25898c26"",""score"":453,""band"":""MEDIUM"",""reasonCodes"":[""EMAIL_AGE_LOW"",""IP_PROXY"",""SYNTHETIC_ID_PATTERN""],""modelVersion"":""sr-4.2""}",737,2026-02-11 21:08:30.405122-05:00
470,608,SENTINEL,441,MEDIUM,"IP_PROXY,BANK_ACCOUNT_AGE,ADDRESS_MISMATCH","{""requestId"":""sen-c3c105d7"",""score"":441,""band"":""MEDIUM"",""reasonCodes"":[""IP_PROXY"",""BANK_ACCOUNT_AGE"",""ADDRESS_MISMATCH""],""modelVersion"":""sr-4.2""}",3400,2026-02-11 21:45:26.611301-05:00
471,609,SENTINEL,345,LOW,"EMAIL_AGE_LOW,BANK_ACCOUNT_AGE,DEVICE_REPUTATION,IDENTITY_MISMATCH","{""requestId"":""sen-61f87f89"",""score"":345,""band"":""LOW"",""reasonCodes"":[""EMAIL_AGE_LOW"",""BANK_ACCOUNT_AGE"",""DEVICE_REPUTATION"",""IDENTITY_MISMATCH""],""modelVersion"":""sr-4.2""}",516,2026-02-11 19:53:04.093246-05:00
472,610,SENTINEL,602,MEDIUM,"DEVICE_REPUTATION,EMAIL_AGE_LOW","{""requestId"":""sen-002ff93b"",""score"":602,""band"":""MEDIUM"",""reasonCodes"":[""DEVICE_REPUTATION"",""EMAIL_AGE_LOW""],""modelVersion"":""sr-4.2""}",242,2026-02-11 20:30:12.299815-05:00
473,611,SENTINEL,220,LOW,"VELOCITY_APPLICANT,ADDRESS_MISMATCH,DEVICE_REPUTATION,IDENTITY_MISMATCH","{""requestId"":""sen-9e6772ec"",""score"":220,""band"":""LOW"",""reasonCodes"":[""VELOCITY_APPLICANT"",""ADDRESS_MISMATCH"",""DEVICE_REPUTATION"",""IDENTITY_MISMATCH""],""modelVersion"":""sr-4.2""}",1359,2026-02-11 18:02:14.004854-05:00
474,612,SENTINEL,207,LOW,"PHONE_CARRIER_RISK,SYNTHETIC_ID_PATTERN,BANK_ACCOUNT_AGE","{""requestId"":""sen-3c9eec9e"",""score"":207,""band"":""LOW"",""reasonCodes"":[""PHONE_CARRIER_RISK"",""SYNTHETIC_ID_PATTERN"",""BANK_ACCOUNT_AGE""],""modelVersion"":""sr-4.1""}",846,2026-02-11 18:02:48.629681-05:00
475,614,SENTINEL,784,HIGH,"SYNTHETIC_ID_PATTERN,ADDRESS_MISMATCH","{""requestId"":""sen-790de001"",""score"":784,""band"":""HIGH"",""reasonCodes"":[""SYNTHETIC_ID_PATTERN"",""ADDRESS_MISMATCH""],""modelVersion"":""sr-4.1""}",1392,2026-02-11 23:31:11.238607-05:00
476,615,SENTINEL,266,LOW,,"{""requestId"":""sen-174559b3"",""score"":266,""band"":""LOW"",""reasonCodes"":null,""modelVersion"":""sr-4.2""}",458,2026-02-11 20:22:46.575948-05:00
477,616,SENTINEL,457,MEDIUM,EMAIL_AGE_LOW,"{""requestId"":""sen-b57cd364"",""score"":457,""band"":""MEDIUM"",""reasonCodes"":[""EMAIL_AGE_LOW""],""modelVersion"":""sr-4.2""}",93,2026-02-11 21:36:17.840728-05:00
478,617,SENTINEL,422,MEDIUM,"ADDRESS_MISMATCH,IP_PROXY,PHONE_CARRIER_RISK,DEVICE_REPUTATION","{""requestId"":""sen-53b44d16"",""score"":422,""band"":""MEDIUM"",""reasonCodes"":[""ADDRESS_MISMATCH"",""IP_PROXY"",""PHONE_CARRIER_RISK"",""DEVICE_REPUTATION""],""modelVersion"":""sr-4.2""}",286,2026-02-11 21:13:57.799828-05:00
479,618,SENTINEL,1,LOW,"EMAIL_AGE_LOW,DEVICE_REPUTATION","{""requestId"":""sen-f1ebc6c7"",""score"":1,""band"":""LOW"",""reasonCodes"":[""EMAIL_AGE_LOW"",""DEVICE_REPUTATION""],""modelVersion"":""sr-4.2""}",65,2026-02-11 19:48:47.796539-05:00
480,619,SENTINEL,383,MEDIUM,"EMAIL_AGE_LOW,PHONE_CARRIER_RISK,IP_PROXY","{""requestId"":""sen-90234079"",""score"":383,""band"":""MEDIUM"",""reasonCodes"":[""EMAIL_AGE_LOW"",""PHONE_CARRIER_RISK"",""IP_PROXY""],""modelVersion"":""sr-4.2""}",595,2026-02-11 23:31:30.221774-05:00
481,620,SENTINEL,364,MEDIUM,PHONE_CARRIER_RISK,"{""requestId"":""sen-2e5aba2b"",""score"":364,""band"":""MEDIUM"",""reasonCodes"":[""PHONE_CARRIER_RISK""],""modelVersion"":""sr-4.2""}",140,2026-02-11 22:27:34.037814-05:00
482,622,SENTINEL,365,MEDIUM,,"{""requestId"":""sen-6ac9ad8e"",""score"":365,""band"":""MEDIUM"",""reasonCodes"":null,""modelVersion"":""sr-4.2""}",1029,2026-02-12 01:06:50.973106-05:00
483,623,SENTINEL,380,MEDIUM,IDENTITY_MISMATCH,"{""requestId"":""sen-09012740"",""score"":380,""band"":""MEDIUM"",""reasonCodes"":[""IDENTITY_MISMATCH""],""modelVersion"":""sr-4.2""}",239,2026-02-11 23:07:52.866907-05:00
484,624,SENTINEL,310,LOW,"DEVICE_REPUTATION,EMAIL_AGE_LOW","{""requestId"":""sen-a738a0f1"",""score"":310,""band"":""LOW"",""reasonCodes"":[""DEVICE_REPUTATION"",""EMAIL_AGE_LOW""],""modelVersion"":""sr-4.2""}",723,2026-02-12 03:14:49.398762-05:00
485,625,SENTINEL,379,MEDIUM,"PHONE_CARRIER_RISK,VELOCITY_APPLICANT","{""requestId"":""sen-45701aa3"",""score"":379,""band"":""MEDIUM"",""reasonCodes"":[""PHONE_CARRIER_RISK"",""VELOCITY_APPLICANT""],""modelVersion"":""sr-4.2""}",302,2026-02-12 06:11:49.241475-05:00
486,626,SENTINEL,242,LOW,"IDENTITY_MISMATCH,EMAIL_AGE_LOW,IP_PROXY","{""requestId"":""sen-e3a79454"",""score"":242,""band"":""LOW"",""reasonCodes"":[""IDENTITY_MISMATCH"",""EMAIL_AGE_LOW"",""IP_PROXY""],""modelVersion"":""sr-4.2""}",483,2026-02-12 05:20:49.372823-05:00
487,628,SENTINEL,122,LOW,"DEVICE_REPUTATION,IDENTITY_MISMATCH,PHONE_CARRIER_RISK,SYNTHETIC_ID_PATTERN","{""requestId"":""sen-201687b8"",""score"":122,""band"":""LOW"",""reasonCodes"":[""DEVICE_REPUTATION"",""IDENTITY_MISMATCH"",""PHONE_CARRIER_RISK"",""SYNTHETIC_ID_PATTERN""],""modelVersion"":""sr-4.2""}",435,2026-02-12 07:34:37.388090-05:00
488,629,SENTINEL,155,LOW,,"{""requestId"":""sen-be4e0169"",""score"":155,""band"":""LOW"",""reasonCodes"":null,""modelVersion"":""sr-4.2""}",1968,2026-02-12 07:46:15.487717-05:00
489,630,SENTINEL,457,MEDIUM,EMAIL_AGE_LOW,"{""requestId"":""sen-5c857b1b"",""score"":457,""band"":""MEDIUM"",""reasonCodes"":[""EMAIL_AGE_LOW""],""modelVersion"":""sr-4.2""}",891,2026-02-12 09:07:12.901512-05:00
490,631,SENTINEL,364,MEDIUM,"IP_PROXY,ADDRESS_MISMATCH,BANK_ACCOUNT_AGE,PHONE_CARRIER_RISK","{""requestId"":""sen-fabcf4cc"",""score"":364,""band"":""MEDIUM"",""reasonCodes"":[""IP_PROXY"",""ADDRESS_MISMATCH"",""BANK_ACCOUNT_AGE"",""PHONE_CARRIER_RISK""],""modelVersion"":""sr-4.2""}",802,2026-02-12 06:34:15.508320-05:00
491,632,SENTINEL,353,MEDIUM,"VELOCITY_APPLICANT,SYNTHETIC_ID_PATTERN,IP_PROXY,BANK_ACCOUNT_AGE","{""requestId"":""sen-98f46e7e"",""score"":353,""band"":""MEDIUM"",""reasonCodes"":[""VELOCITY_APPLICANT"",""SYNTHETIC_ID_PATTERN"",""IP_PROXY"",""BANK_ACCOUNT_AGE""],""modelVersion"":""sr-4.2""}",664,2026-02-12 09:27:03.975472-05:00
492,633,SENTINEL,107,LOW,,"{""requestId"":""sen-372be830"",""score"":107,""band"":""LOW"",""reasonCodes"":null,""modelVersion"":""sr-4.1""}",113,2026-02-12 09:01:08.802566-05:00
493,634,SENTINEL,150,LOW,"PHONE_CARRIER_RISK,IDENTITY_MISMATCH,SYNTHETIC_ID_PATTERN,BANK_ACCOUNT_AGE","{""requestId"":""sen-d56361e1"",""score"":150,""band"":""LOW"",""reasonCodes"":[""PHONE_CARRIER_RISK"",""IDENTITY_MISMATCH"",""SYNTHETIC_ID_PATTERN"",""BANK_ACCOUNT_AGE""],""modelVersion"":""sr-4.2""}",248,2026-02-12 10:32:44.617184-05:00
494,635,SENTINEL,71,LOW,"DEVICE_REPUTATION,IDENTITY_MISMATCH,BANK_ACCOUNT_AGE,PHONE_CARRIER_RISK","{""requestId"":""sen-739adb93"",""score"":71,""band"":""LOW"",""reasonCodes"":[""DEVICE_REPUTATION"",""IDENTITY_MISMATCH"",""BANK_ACCOUNT_AGE"",""PHONE_CARRIER_RISK""],""modelVersion"":""sr-4.2""}",2002,2026-02-12 12:18:01.019512-05:00
495,636,SENTINEL,529,MEDIUM,"IDENTITY_MISMATCH,SYNTHETIC_ID_PATTERN","{""requestId"":""sen-11d25545"",""score"":529,""band"":""MEDIUM"",""reasonCodes"":[""IDENTITY_MISMATCH"",""SYNTHETIC_ID_PATTERN""],""modelVersion"":""sr-4.2""}",229,2026-02-12 08:34:32.861945-05:00
496,637,SENTINEL,609,MEDIUM,IP_PROXY,"{""requestId"":""sen-b009cef6"",""score"":609,""band"":""MEDIUM"",""reasonCodes"":[""IP_PROXY""],""modelVersion"":""sr-4.2""}",1708,2026-02-12 11:20:42.629833-05:00
497,638,SENTINEL,314,LOW,"ADDRESS_MISMATCH,EMAIL_AGE_LOW,BANK_ACCOUNT_AGE","{""requestId"":""sen-4e4148a8"",""score"":314,""band"":""LOW"",""reasonCodes"":[""ADDRESS_MISMATCH"",""EMAIL_AGE_LOW"",""BANK_ACCOUNT_AGE""],""modelVersion"":""sr-4.2""}",128,2026-02-12 12:49:53.536166-05:00
498,639,SENTINEL,292,LOW,"DEVICE_REPUTATION,ADDRESS_MISMATCH,PHONE_CARRIER_RISK,BANK_ACCOUNT_AGE","{""requestId"":""sen-ec78c259"",""score"":292,""band"":""LOW"",""reasonCodes"":[""DEVICE_REPUTATION"",""ADDRESS_MISMATCH"",""PHONE_CARRIER_RISK"",""BANK_ACCOUNT_AGE""],""modelVersion"":""sr-4.2""}",1810,2026-02-12 10:32:55.070635-05:00
499,640,SENTINEL,99,LOW,"BANK_ACCOUNT_AGE,IP_PROXY,SYNTHETIC_ID_PATTERN,VELOCITY_APPLICANT","{""requestId"":""sen-8ab03c0b"",""score"":99,""band"":""LOW"",""reasonCodes"":[""BANK_ACCOUNT_AGE"",""IP_PROXY"",""SYNTHETIC_ID_PATTERN"",""VELOCITY_APPLICANT""],""modelVersion"":""sr-4.1""}",244,2026-02-12 11:37:12.373589-05:00
500,641,SENTINEL,147,LOW,"SYNTHETIC_ID_PATTERN,VELOCITY_APPLICANT,DEVICE_REPUTATION","{""requestId"":""sen-28e7b5bd"",""score"":147,""band"":""LOW"",""reasonCodes"":[""SYNTHETIC_ID_PATTERN"",""VELOCITY_APPLICANT"",""DEVICE_REPUTATION""],""modelVersion"":""sr-4.1""}",271,2026-02-12 10:31:16.345683-05:00
501,642,SENTINEL,593,MEDIUM,"BANK_ACCOUNT_AGE,PHONE_CARRIER_RISK,EMAIL_AGE_LOW,IDENTITY_MISMATCH","{""requestId"":""sen-c71f2f6e"",""score"":593,""band"":""MEDIUM"",""reasonCodes"":[""BANK_ACCOUNT_AGE"",""PHONE_CARRIER_RISK"",""EMAIL_AGE_LOW"",""IDENTITY_MISMATCH""],""modelVersion"":""sr-4.1""}",383,2026-02-12 11:30:47.123181-05:00
502,644,SENTINEL,176,LOW,"EMAIL_AGE_LOW,IP_PROXY,IDENTITY_MISMATCH,VELOCITY_APPLICANT","{""requestId"":""sen-038e22d2"",""score"":176,""band"":""LOW"",""reasonCodes"":[""EMAIL_AGE_LOW"",""IP_PROXY"",""IDENTITY_MISMATCH"",""VELOCITY_APPLICANT""],""modelVersion"":""sr-4.1""}",1330,2026-02-12 10:42:56.106654-05:00
503,645,SENTINEL,198,LOW,"DEVICE_REPUTATION,EMAIL_AGE_LOW","{""requestId"":""sen-a1c59c83"",""score"":198,""band"":""LOW"",""reasonCodes"":[""DEVICE_REPUTATION"",""EMAIL_AGE_LOW""],""modelVersion"":""sr-4.2""}",305,2026-02-12 10:15:50.369150-05:00
504,646,SENTINEL,608,MEDIUM,VELOCITY_APPLICANT,"{""requestId"":""sen-3ffd1635"",""score"":608,""band"":""MEDIUM"",""reasonCodes"":[""VELOCITY_APPLICANT""],""modelVersion"":""sr-4.1""}",82,2026-02-12 15:04:54.418257-05:00
505,647,SENTINEL,447,MEDIUM,"PHONE_CARRIER_RISK,EMAIL_AGE_LOW,IDENTITY_MISMATCH","{""requestId"":""sen-de348fe6"",""score"":447,""band"":""MEDIUM"",""reasonCodes"":[""PHONE_CARRIER_RISK"",""EMAIL_AGE_LOW"",""IDENTITY_MISMATCH""],""modelVersion"":""sr-4.1""}",380,2026-02-12 11:04:45.017862-05:00
506,648,SENTINEL,150,LOW,"SYNTHETIC_ID_PATTERN,PHONE_CARRIER_RISK,EMAIL_AGE_LOW","{""requestId"":""sen-7c6c0998"",""score"":150,""band"":""LOW"",""reasonCodes"":[""SYNTHETIC_ID_PATTERN"",""PHONE_CARRIER_RISK"",""EMAIL_AGE_LOW""],""modelVersion"":""sr-4.2""}",683,2026-02-12 14:02:02.796163-05:00
507,649,SENTINEL,456,MEDIUM,"IDENTITY_MISMATCH,VELOCITY_APPLICANT,DEVICE_REPUTATION","{""requestId"":""sen-1aa3834a"",""score"":456,""band"":""MEDIUM"",""reasonCodes"":[""IDENTITY_MISMATCH"",""VELOCITY_APPLICANT"",""DEVICE_REPUTATION""],""modelVersion"":""sr-4.2""}",156,2026-02-12 12:00:20.194363-05:00
508,650,SENTINEL,347,LOW,BANK_ACCOUNT_AGE,"{""requestId"":""sen-b8dafcfb"",""score"":347,""band"":""LOW"",""reasonCodes"":[""BANK_ACCOUNT_AGE""],""modelVersion"":""sr-4.2""}",1637,2026-02-12 14:58:08.405697-05:00
509,651,SENTINEL,756,HIGH,"SYNTHETIC_ID_PATTERN,IP_PROXY,EMAIL_AGE_LOW","{""requestId"":""sen-571276ad"",""score"":756,""band"":""HIGH"",""reasonCodes"":[""SYNTHETIC_ID_PATTERN"",""IP_PROXY"",""EMAIL_AGE_LOW""],""modelVersion"":""sr-4.2""}",462,2026-02-12 14:41:53.760143-05:00
510,652,SENTINEL,235,LOW,ADDRESS_MISMATCH,"{""requestId"":""sen-f549f05e"",""score"":235,""band"":""LOW"",""reasonCodes"":[""ADDRESS_MISMATCH""],""modelVersion"":""sr-4.2""}",165,2026-02-12 12:52:04.245943-05:00
511,653,SENTINEL,287,LOW,"PHONE_CARRIER_RISK,IDENTITY_MISMATCH,ADDRESS_MISMATCH","{""requestId"":""sen-93816a10"",""score"":287,""band"":""LOW"",""reasonCodes"":[""PHONE_CARRIER_RISK"",""IDENTITY_MISMATCH"",""ADDRESS_MISMATCH""],""modelVersion"":""sr-4.2""}",241,2026-02-12 15:33:44.972436-05:00
512,654,SENTINEL,373,MEDIUM,"PHONE_CARRIER_RISK,IP_PROXY,EMAIL_AGE_LOW","{""requestId"":""sen-31b8e3c2"",""score"":373,""band"":""MEDIUM"",""reasonCodes"":[""PHONE_CARRIER_RISK"",""IP_PROXY"",""EMAIL_AGE_LOW""],""modelVersion"":""sr-4.2""}",133,2026-02-12 14:26:02.700029-05:00
513,656,SENTINEL,407,MEDIUM,"SYNTHETIC_ID_PATTERN,IDENTITY_MISMATCH,PHONE_CARRIER_RISK","{""requestId"":""sen-6e27d725"",""score"":407,""band"":""MEDIUM"",""reasonCodes"":[""SYNTHETIC_ID_PATTERN"",""IDENTITY_MISMATCH"",""PHONE_CARRIER_RISK""],""modelVersion"":""sr-4.2""}",920,2026-02-12 16:02:24.818317-05:00
514,659,SENTINEL,321,LOW,"EMAIL_AGE_LOW,DEVICE_REPUTATION","{""requestId"":""sen-48ce443a"",""score"":321,""band"":""LOW"",""reasonCodes"":[""EMAIL_AGE_LOW"",""DEVICE_REPUTATION""],""modelVersion"":""sr-4.1""}",1318,2026-02-12 13:08:28.160716-05:00
515,661,SENTINEL,259,LOW,"DEVICE_REPUTATION,VELOCITY_APPLICANT,EMAIL_AGE_LOW","{""requestId"":""sen-853d379d"",""score"":259,""band"":""LOW"",""reasonCodes"":[""DEVICE_REPUTATION"",""VELOCITY_APPLICANT"",""EMAIL_AGE_LOW""],""modelVersion"":""sr-4.2""}",3919,2026-02-12 14:56:44.187571-05:00
516,664,SENTINEL,590,MEDIUM,"PHONE_CARRIER_RISK,BANK_ACCOUNT_AGE,EMAIL_AGE_LOW,SYNTHETIC_ID_PATTERN","{""requestId"":""sen-5fe3a4b2"",""score"":590,""band"":""MEDIUM"",""reasonCodes"":[""PHONE_CARRIER_RISK"",""BANK_ACCOUNT_AGE"",""EMAIL_AGE_LOW"",""SYNTHETIC_ID_PATTERN""],""modelVersion"":""sr-4.2""}",158,2026-02-12 13:59:32.321395-05:00
517,665,SENTINEL,621,MEDIUM,IDENTITY_MISMATCH,"{""requestId"":""sen-fe1b1e63"",""score"":621,""band"":""MEDIUM"",""reasonCodes"":[""IDENTITY_MISMATCH""],""modelVersion"":""sr-4.2""}",1516,2026-02-12 14:24:51.136630-05:00
518,666,SENTINEL,406,MEDIUM,,"{""requestId"":""sen-9c529815"",""score"":406,""band"":""MEDIUM"",""reasonCodes"":null,""modelVersion"":""sr-4.1""}",455,2026-02-12 17:02:25.966565-05:00
519,667,SENTINEL,263,LOW,BANK_ACCOUNT_AGE,"{""requestId"":""sen-3a8a11c7"",""score"":263,""band"":""LOW"",""reasonCodes"":[""BANK_ACCOUNT_AGE""],""modelVersion"":""sr-4.2""}",206,2026-02-12 15:55:21.364732-05:00
520,668,SENTINEL,247,LOW,BANK_ACCOUNT_AGE,"{""requestId"":""sen-d8c18b78"",""score"":247,""band"":""LOW"",""reasonCodes"":[""BANK_ACCOUNT_AGE""],""modelVersion"":""sr-4.2""}",843,2026-02-12 16:05:19.375627-05:00
521,669,SENTINEL,320,LOW,"IDENTITY_MISMATCH,SYNTHETIC_ID_PATTERN,PHONE_CARRIER_RISK","{""requestId"":""sen-76f9052a"",""score"":320,""band"":""LOW"",""reasonCodes"":[""IDENTITY_MISMATCH"",""SYNTHETIC_ID_PATTERN"",""PHONE_CARRIER_RISK""],""modelVersion"":""sr-4.1""}",558,2026-02-12 16:59:49.560357-05:00
522,670,SENTINEL,472,MEDIUM,,"{""requestId"":""sen-15307edc"",""score"":472,""band"":""MEDIUM"",""reasonCodes"":null,""modelVersion"":""sr-4.2""}",6688,2026-02-12 16:47:27.330437-05:00
523,671,SENTINEL,211,LOW,DEVICE_REPUTATION,"{""requestId"":""sen-b367f88d"",""score"":211,""band"":""LOW"",""reasonCodes"":[""DEVICE_REPUTATION""],""modelVersion"":""sr-4.2""}",125,2026-02-12 16:21:01.204958-05:00
524,673,SENTINEL,458,MEDIUM,"BANK_ACCOUNT_AGE,IP_PROXY,EMAIL_AGE_LOW,PHONE_CARRIER_RISK","{""requestId"":""sen-efd6ebf0"",""score"":458,""band"":""MEDIUM"",""reasonCodes"":[""BANK_ACCOUNT_AGE"",""IP_PROXY"",""EMAIL_AGE_LOW"",""PHONE_CARRIER_RISK""],""modelVersion"":""sr-4.2""}",1700,2026-02-12 16:12:43.937935-05:00
525,674,SENTINEL,394,MEDIUM,"VELOCITY_APPLICANT,EMAIL_AGE_LOW,BANK_ACCOUNT_AGE,IP_PROXY","{""requestId"":""sen-8e0e65a2"",""score"":394,""band"":""MEDIUM"",""reasonCodes"":[""VELOCITY_APPLICANT"",""EMAIL_AGE_LOW"",""BANK_ACCOUNT_AGE"",""IP_PROXY""],""modelVersion"":""sr-4.2""}",733,2026-02-12 15:39:16.746187-05:00
526,676,SENTINEL,373,MEDIUM,"VELOCITY_APPLICANT,BANK_ACCOUNT_AGE","{""requestId"":""sen-ca7d5905"",""score"":373,""band"":""MEDIUM"",""reasonCodes"":[""VELOCITY_APPLICANT"",""BANK_ACCOUNT_AGE""],""modelVersion"":""sr-4.2""}",406,2026-02-12 15:02:54.074132-05:00
527,677,SENTINEL,1,LOW,"IP_PROXY,VELOCITY_APPLICANT,EMAIL_AGE_LOW","{""requestId"":""sen-68b4d2b7"",""score"":1,""band"":""LOW"",""reasonCodes"":[""IP_PROXY"",""VELOCITY_APPLICANT"",""EMAIL_AGE_LOW""],""modelVersion"":""sr-4.1""}",301,2026-02-12 15:45:47.510664-05:00
528,680,SENTINEL,148,LOW,"ADDRESS_MISMATCH,DEVICE_REPUTATION,EMAIL_AGE_LOW","{""requestId"":""sen-435b3fcc"",""score"":148,""band"":""LOW"",""reasonCodes"":[""ADDRESS_MISMATCH"",""DEVICE_REPUTATION"",""EMAIL_AGE_LOW""],""modelVersion"":""sr-4.2""}",43,2026-02-12 17:56:38.504536-05:00
529,682,SENTINEL,452,MEDIUM,EMAIL_AGE_LOW,"{""requestId"":""sen-7fca332f"",""score"":452,""band"":""MEDIUM"",""reasonCodes"":[""EMAIL_AGE_LOW""],""modelVersion"":""sr-4.2""}",504,2026-02-12 16:25:25.014440-05:00
530,683,SENTINEL,35,LOW,"SYNTHETIC_ID_PATTERN,ADDRESS_MISMATCH,IP_PROXY","{""requestId"":""sen-1e01ace1"",""score"":35,""band"":""LOW"",""reasonCodes"":[""SYNTHETIC_ID_PATTERN"",""ADDRESS_MISMATCH"",""IP_PROXY""],""modelVersion"":""sr-4.1""}",873,2026-02-12 18:08:32.247781-05:00
531,684,SENTINEL,571,MEDIUM,"ADDRESS_MISMATCH,SYNTHETIC_ID_PATTERN,PHONE_CARRIER_RISK,EMAIL_AGE_LOW","{""requestId"":""sen-bc392692"",""score"":571,""band"":""MEDIUM"",""reasonCodes"":[""ADDRESS_MISMATCH"",""SYNTHETIC_ID_PATTERN"",""PHONE_CARRIER_RISK"",""EMAIL_AGE_LOW""],""modelVersion"":""sr-4.1""}",76,2026-02-12 16:58:00.058230-05:00
532,686,SENTINEL,342,LOW,"PHONE_CARRIER_RISK,ADDRESS_MISMATCH,VELOCITY_APPLICANT,IDENTITY_MISMATCH","{""requestId"":""sen-f8a819f5"",""score"":342,""band"":""LOW"",""reasonCodes"":[""PHONE_CARRIER_RISK"",""ADDRESS_MISMATCH"",""VELOCITY_APPLICANT"",""IDENTITY_MISMATCH""],""modelVersion"":""sr-4.2""}",177,2026-02-12 17:16:34.427081-05:00
533,687,SENTINEL,618,MEDIUM,,"{""requestId"":""sen-96df93a7"",""score"":618,""band"":""MEDIUM"",""reasonCodes"":null,""modelVersion"":""sr-4.2""}",1138,2026-02-12 20:15:04.645984-05:00
534,688,SENTINEL,173,LOW,"SYNTHETIC_ID_PATTERN,VELOCITY_APPLICANT,IDENTITY_MISMATCH","{""requestId"":""sen-35170d59"",""score"":173,""band"":""LOW"",""reasonCodes"":[""SYNTHETIC_ID_PATTERN"",""VELOCITY_APPLICANT"",""IDENTITY_MISMATCH""],""modelVersion"":""sr-4.2""}",407,2026-02-12 17:57:31.945797-05:00
535,689,SENTINEL,592,MEDIUM,"IDENTITY_MISMATCH,BANK_ACCOUNT_AGE,ADDRESS_MISMATCH,VELOCITY_APPLICANT","{""requestId"":""sen-d34e870a"",""score"":592,""band"":""MEDIUM"",""reasonCodes"":[""IDENTITY_MISMATCH"",""BANK_ACCOUNT_AGE"",""ADDRESS_MISMATCH"",""VELOCITY_APPLICANT""],""modelVersion"":""sr-4.2""}",1913,2026-02-12 18:11:20.891244-05:00
536,690,SENTINEL,146,LOW,VELOCITY_APPLICANT,"{""requestId"":""sen-718600bc"",""score"":146,""band"":""LOW"",""reasonCodes"":[""VELOCITY_APPLICANT""],""modelVersion"":""sr-4.1""}",231,2026-02-12 18:46:15.849103-05:00
537,692,SENTINEL,253,LOW,"DEVICE_REPUTATION,EMAIL_AGE_LOW,IP_PROXY","{""requestId"":""sen-adf4f41f"",""score"":253,""band"":""LOW"",""reasonCodes"":[""DEVICE_REPUTATION"",""EMAIL_AGE_LOW"",""IP_PROXY""],""modelVersion"":""sr-4.2""}",288,2026-02-12 22:29:34.130606-05:00
538,694,SENTINEL,1,LOW,,"{""requestId"":""sen-ea63e782"",""score"":1,""band"":""LOW"",""reasonCodes"":null,""modelVersion"":""sr-4.2""}",650,2026-02-12 21:38:17.700500-05:00
539,696,SENTINEL,240,LOW,"SYNTHETIC_ID_PATTERN,IDENTITY_MISMATCH","{""requestId"":""sen-26d2dae6"",""score"":240,""band"":""LOW"",""reasonCodes"":[""SYNTHETIC_ID_PATTERN"",""IDENTITY_MISMATCH""],""modelVersion"":""sr-4.2""}",1075,2026-02-12 20:09:31.227039-05:00
540,697,SENTINEL,334,LOW,"BANK_ACCOUNT_AGE,IP_PROXY","{""requestId"":""sen-c50a5497"",""score"":334,""band"":""LOW"",""reasonCodes"":[""BANK_ACCOUNT_AGE"",""IP_PROXY""],""modelVersion"":""sr-4.1""}",662,2026-02-12 22:53:44.966100-05:00
541,698,SENTINEL,144,LOW,,"{""requestId"":""sen-6341ce49"",""score"":144,""band"":""LOW"",""reasonCodes"":null,""modelVersion"":""sr-4.1""}",78,2026-02-12 21:32:16.475786-05:00
542,699,SENTINEL,430,MEDIUM,"ADDRESS_MISMATCH,VELOCITY_APPLICANT,DEVICE_REPUTATION","{""requestId"":""sen-017947fb"",""score"":430,""band"":""MEDIUM"",""reasonCodes"":[""ADDRESS_MISMATCH"",""VELOCITY_APPLICANT"",""DEVICE_REPUTATION""],""modelVersion"":""sr-4.1""}",905,2026-02-12 22:28:01.185832-05:00
543,700,SENTINEL,407,MEDIUM,"VELOCITY_APPLICANT,DEVICE_REPUTATION,BANK_ACCOUNT_AGE","{""requestId"":""sen-9fb0c1ac"",""score"":407,""band"":""MEDIUM"",""reasonCodes"":[""VELOCITY_APPLICANT"",""DEVICE_REPUTATION"",""BANK_ACCOUNT_AGE""],""modelVersion"":""sr-4.2""}",187,2026-02-12 21:14:26.418913-05:00
544,701,SENTINEL,48,LOW,"SYNTHETIC_ID_PATTERN,ADDRESS_MISMATCH,PHONE_CARRIER_RISK","{""requestId"":""sen-3de83b5e"",""score"":48,""band"":""LOW"",""reasonCodes"":[""SYNTHETIC_ID_PATTERN"",""ADDRESS_MISMATCH"",""PHONE_CARRIER_RISK""],""modelVersion"":""sr-4.2""}",51,2026-02-13 01:28:32.711409-05:00
545,702,SENTINEL,743,HIGH,"DEVICE_REPUTATION,ADDRESS_MISMATCH,PHONE_CARRIER_RISK","{""requestId"":""sen-dc1fb50f"",""score"":743,""band"":""HIGH"",""reasonCodes"":[""DEVICE_REPUTATION"",""ADDRESS_MISMATCH"",""PHONE_CARRIER_RISK""],""modelVersion"":""sr-4.2""}",1007,2026-02-13 02:38:22.736187-05:00
546,703,SENTINEL,226,LOW,"EMAIL_AGE_LOW,ADDRESS_MISMATCH","{""requestId"":""sen-7a572ec1"",""score"":226,""band"":""LOW"",""reasonCodes"":[""EMAIL_AGE_LOW"",""ADDRESS_MISMATCH""],""modelVersion"":""sr-4.1""}",233,2026-02-13 03:56:44.399788-05:00
547,704,SENTINEL,208,LOW,BANK_ACCOUNT_AGE,"{""requestId"":""sen-188ea873"",""score"":208,""band"":""LOW"",""reasonCodes"":[""BANK_ACCOUNT_AGE""],""modelVersion"":""sr-4.2""}",131,2026-02-13 01:12:06.613760-05:00
548,707,SENTINEL,1,LOW,"IDENTITY_MISMATCH,SYNTHETIC_ID_PATTERN","{""requestId"":""sen-f3351587"",""score"":1,""band"":""LOW"",""reasonCodes"":[""IDENTITY_MISMATCH"",""SYNTHETIC_ID_PATTERN""],""modelVersion"":""sr-4.2""}",280,2026-02-13 07:38:49.595618-05:00
549,708,SENTINEL,454,MEDIUM,IDENTITY_MISMATCH,"{""requestId"":""sen-916c8f39"",""score"":454,""band"":""MEDIUM"",""reasonCodes"":[""IDENTITY_MISMATCH""],""modelVersion"":""sr-4.1""}",689,2026-02-13 05:36:34.007842-05:00
550,709,SENTINEL,587,MEDIUM,"IP_PROXY,SYNTHETIC_ID_PATTERN,ADDRESS_MISMATCH,EMAIL_AGE_LOW","{""requestId"":""sen-2fa408eb"",""score"":587,""band"":""MEDIUM"",""reasonCodes"":[""IP_PROXY"",""SYNTHETIC_ID_PATTERN"",""ADDRESS_MISMATCH"",""EMAIL_AGE_LOW""],""modelVersion"":""sr-4.1""}",98,2026-02-13 08:19:11.384051-05:00
551,714,SENTINEL,95,LOW,"DEVICE_REPUTATION,SYNTHETIC_ID_PATTERN,IP_PROXY,PHONE_CARRIER_RISK","{""requestId"":""sen-46b96963"",""score"":95,""band"":""LOW"",""reasonCodes"":[""DEVICE_REPUTATION"",""SYNTHETIC_ID_PATTERN"",""IP_PROXY"",""PHONE_CARRIER_RISK""],""modelVersion"":""sr-4.2""}",287,2026-02-13 07:38:02.019384-05:00
552,716,SENTINEL,475,MEDIUM,"PHONE_CARRIER_RISK,DEVICE_REPUTATION","{""requestId"":""sen-83285cc6"",""score"":475,""band"":""MEDIUM"",""reasonCodes"":[""PHONE_CARRIER_RISK"",""DEVICE_REPUTATION""],""modelVersion"":""sr-4.2""}",432,2026-02-13 07:32:39.996196-05:00
553,717,SENTINEL,214,LOW,"IDENTITY_MISMATCH,VELOCITY_APPLICANT","{""requestId"":""sen-215fd678"",""score"":214,""band"":""LOW"",""reasonCodes"":[""IDENTITY_MISMATCH"",""VELOCITY_APPLICANT""],""modelVersion"":""sr-4.2""}",2257,2026-02-13 08:32:09.125483-05:00
554,718,SENTINEL,350,MEDIUM,"IP_PROXY,SYNTHETIC_ID_PATTERN,VELOCITY_APPLICANT","{""requestId"":""sen-bf975029"",""score"":350,""band"":""MEDIUM"",""reasonCodes"":[""IP_PROXY"",""SYNTHETIC_ID_PATTERN"",""VELOCITY_APPLICANT""],""modelVersion"":""sr-4.2""}",146,2026-02-13 11:17:13.164012-05:00
555,719,SENTINEL,287,LOW,EMAIL_AGE_LOW,"{""requestId"":""sen-5dcec9db"",""score"":287,""band"":""LOW"",""reasonCodes"":[""EMAIL_AGE_LOW""],""modelVersion"":""sr-4.2""}",78,2026-02-13 11:43:30.450759-05:00
556,720,SENTINEL,357,MEDIUM,DEVICE_REPUTATION,"{""requestId"":""sen-fc06438c"",""score"":357,""band"":""MEDIUM"",""reasonCodes"":[""DEVICE_REPUTATION""],""modelVersion"":""sr-4.2""}",513,2026-02-13 12:24:38.046790-05:00
557,721,SENTINEL,594,MEDIUM,"IP_PROXY,BANK_ACCOUNT_AGE,VELOCITY_APPLICANT,EMAIL_AGE_LOW","{""requestId"":""sen-9a3dbd3e"",""score"":594,""band"":""MEDIUM"",""reasonCodes"":[""IP_PROXY"",""BANK_ACCOUNT_AGE"",""VELOCITY_APPLICANT"",""EMAIL_AGE_LOW""],""modelVersion"":""sr-4.1""}",3608,2026-02-13 08:54:42.850303-05:00
558,722,SENTINEL,329,LOW,"VELOCITY_APPLICANT,ADDRESS_MISMATCH,IP_PROXY","{""requestId"":""sen-387536f0"",""score"":329,""band"":""LOW"",""reasonCodes"":[""VELOCITY_APPLICANT"",""ADDRESS_MISMATCH"",""IP_PROXY""],""modelVersion"":""sr-4.2""}",280,2026-02-13 12:52:32.593347-05:00
559,723,SENTINEL,343,LOW,"IDENTITY_MISMATCH,SYNTHETIC_ID_PATTERN","{""requestId"":""sen-d6acb0a1"",""score"":343,""band"":""LOW"",""reasonCodes"":[""IDENTITY_MISMATCH"",""SYNTHETIC_ID_PATTERN""],""modelVersion"":""sr-4.1""}",242,2026-02-13 10:09:11.156447-05:00
560,726,SENTINEL,136,LOW,"VELOCITY_APPLICANT,SYNTHETIC_ID_PATTERN,PHONE_CARRIER_RISK","{""requestId"":""sen-b1531db6"",""score"":136,""band"":""LOW"",""reasonCodes"":[""VELOCITY_APPLICANT"",""SYNTHETIC_ID_PATTERN"",""PHONE_CARRIER_RISK""],""modelVersion"":""sr-4.2""}",471,2026-02-13 12:24:29.913067-05:00
561,728,SENTINEL,413,MEDIUM,"PHONE_CARRIER_RISK,IDENTITY_MISMATCH,EMAIL_AGE_LOW,IP_PROXY","{""requestId"":""sen-edc21119"",""score"":413,""band"":""MEDIUM"",""reasonCodes"":[""PHONE_CARRIER_RISK"",""IDENTITY_MISMATCH"",""EMAIL_AGE_LOW"",""IP_PROXY""],""modelVersion"":""sr-4.1""}",768,2026-02-13 14:11:29.996229-05:00
562,729,SENTINEL,200,LOW,VELOCITY_APPLICANT,"{""requestId"":""sen-8bf98acb"",""score"":200,""band"":""LOW"",""reasonCodes"":[""VELOCITY_APPLICANT""],""modelVersion"":""sr-4.1""}",543,2026-02-13 13:53:48.581546-05:00
563,730,SENTINEL,337,LOW,"IP_PROXY,SYNTHETIC_ID_PATTERN","{""requestId"":""sen-2a31047d"",""score"":337,""band"":""LOW"",""reasonCodes"":[""IP_PROXY"",""SYNTHETIC_ID_PATTERN""],""modelVersion"":""sr-4.1""}",3662,2026-02-13 11:23:21.659070-05:00
564,731,SENTINEL,212,LOW,,"{""requestId"":""sen-c8687e2e"",""score"":212,""band"":""LOW"",""reasonCodes"":null,""modelVersion"":""sr-4.2""}",350,2026-02-13 11:07:39.098202-05:00
565,732,SENTINEL,579,MEDIUM,"BANK_ACCOUNT_AGE,EMAIL_AGE_LOW","{""requestId"":""sen-669ff7e0"",""score"":579,""band"":""MEDIUM"",""reasonCodes"":[""BANK_ACCOUNT_AGE"",""EMAIL_AGE_LOW""],""modelVersion"":""sr-4.2""}",3678,2026-02-13 12:27:45.259487-05:00
566,733,SENTINEL,267,LOW,"ADDRESS_MISMATCH,SYNTHETIC_ID_PATTERN,IP_PROXY","{""requestId"":""sen-04d77192"",""score"":267,""band"":""LOW"",""reasonCodes"":[""ADDRESS_MISMATCH"",""SYNTHETIC_ID_PATTERN"",""IP_PROXY""],""modelVersion"":""sr-4.2""}",380,2026-02-13 12:38:21.997998-05:00
567,734,SENTINEL,1,LOW,"IP_PROXY,DEVICE_REPUTATION","{""requestId"":""sen-a30eeb43"",""score"":1,""band"":""LOW"",""reasonCodes"":[""IP_PROXY"",""DEVICE_REPUTATION""],""modelVersion"":""sr-4.2""}",305,2026-02-13 13:40:05.498003-05:00
568,735,SENTINEL,131,LOW,,"{""requestId"":""sen-414664f5"",""score"":131,""band"":""LOW"",""reasonCodes"":null,""modelVersion"":""sr-4.2""}",276,2026-02-13 14:29:36.479652-05:00
569,736,SENTINEL,231,LOW,EMAIL_AGE_LOW,"{""requestId"":""sen-df7ddea6"",""score"":231,""band"":""LOW"",""reasonCodes"":[""EMAIL_AGE_LOW""],""modelVersion"":""sr-4.2""}",592,2026-02-13 15:05:38.584957-05:00
570,737,SENTINEL,270,LOW,PHONE_CARRIER_RISK,"{""requestId"":""sen-7db55858"",""score"":270,""band"":""LOW"",""reasonCodes"":[""PHONE_CARRIER_RISK""],""modelVersion"":""sr-4.1""}",257,2026-02-13 15:23:18.395648-05:00
571,739,SENTINEL,505,MEDIUM,"DEVICE_REPUTATION,IDENTITY_MISMATCH","{""requestId"":""sen-ba244bbb"",""score"":505,""band"":""MEDIUM"",""reasonCodes"":[""DEVICE_REPUTATION"",""IDENTITY_MISMATCH""],""modelVersion"":""sr-4.1""}",1737,2026-02-13 11:59:12.683644-05:00
572,741,SENTINEL,86,LOW,"PHONE_CARRIER_RISK,VELOCITY_APPLICANT,BANK_ACCOUNT_AGE","{""requestId"":""sen-f6933f1e"",""score"":86,""band"":""LOW"",""reasonCodes"":[""PHONE_CARRIER_RISK"",""VELOCITY_APPLICANT"",""BANK_ACCOUNT_AGE""],""modelVersion"":""sr-4.2""}",1349,2026-02-13 13:43:54.185457-05:00
573,743,SENTINEL,398,MEDIUM,IDENTITY_MISMATCH,"{""requestId"":""sen-33023282"",""score"":398,""band"":""MEDIUM"",""reasonCodes"":[""IDENTITY_MISMATCH""],""modelVersion"":""sr-4.2""}",220,2026-02-13 13:45:40.982975-05:00
574,746,SENTINEL,130,LOW,"BANK_ACCOUNT_AGE,IDENTITY_MISMATCH","{""requestId"":""sen-0da89f97"",""score"":130,""band"":""LOW"",""reasonCodes"":[""BANK_ACCOUNT_AGE"",""IDENTITY_MISMATCH""],""modelVersion"":""sr-4.2""}",320,2026-02-13 14:50:10.551749-05:00
575,748,SENTINEL,435,MEDIUM,"IDENTITY_MISMATCH,SYNTHETIC_ID_PATTERN,IP_PROXY,PHONE_CARRIER_RISK","{""requestId"":""sen-4a1792fa"",""score"":435,""band"":""MEDIUM"",""reasonCodes"":[""IDENTITY_MISMATCH"",""SYNTHETIC_ID_PATTERN"",""IP_PROXY"",""PHONE_CARRIER_RISK""],""modelVersion"":""sr-4.2""}",1007,2026-02-13 16:04:59.228674-05:00
576,749,SENTINEL,226,LOW,"SYNTHETIC_ID_PATTERN,PHONE_CARRIER_RISK,EMAIL_AGE_LOW,IDENTITY_MISMATCH","{""requestId"":""sen-e84f0cab"",""score"":226,""band"":""LOW"",""reasonCodes"":[""SYNTHETIC_ID_PATTERN"",""PHONE_CARRIER_RISK"",""EMAIL_AGE_LOW"",""IDENTITY_MISMATCH""],""modelVersion"":""sr-4.2""}",454,2026-02-13 17:48:13.124253-05:00
577,750,SENTINEL,40,LOW,DEVICE_REPUTATION,"{""requestId"":""sen-8686865d"",""score"":40,""band"":""LOW"",""reasonCodes"":[""DEVICE_REPUTATION""],""modelVersion"":""sr-4.2""}",840,2026-02-13 15:47:23.745316-05:00
578,751,SENTINEL,116,LOW,"VELOCITY_APPLICANT,ADDRESS_MISMATCH,DEVICE_REPUTATION,IDENTITY_MISMATCH","{""requestId"":""sen-24be000f"",""score"":116,""band"":""LOW"",""reasonCodes"":[""VELOCITY_APPLICANT"",""ADDRESS_MISMATCH"",""DEVICE_REPUTATION"",""IDENTITY_MISMATCH""],""modelVersion"":""sr-4.2""}",293,2026-02-13 15:20:51.457279-05:00
579,752,SENTINEL,1,LOW,BANK_ACCOUNT_AGE,"{""requestId"":""sen-c2f579c0"",""score"":1,""band"":""LOW"",""reasonCodes"":[""BANK_ACCOUNT_AGE""],""modelVersion"":""sr-4.1""}",8683,2026-02-13 13:39:32.413055-05:00
580,753,SENTINEL,540,MEDIUM,"EMAIL_AGE_LOW,IP_PROXY,VELOCITY_APPLICANT","{""requestId"":""sen-612cf372"",""score"":540,""band"":""MEDIUM"",""reasonCodes"":[""EMAIL_AGE_LOW"",""IP_PROXY"",""VELOCITY_APPLICANT""],""modelVersion"":""sr-4.2""}",2278,2026-02-13 13:58:54.774379-05:00
581,754,SENTINEL,644,MEDIUM,,"{""requestId"":""sen-ff646d23"",""score"":644,""band"":""MEDIUM"",""reasonCodes"":null,""modelVersion"":""sr-4.1""}",182,2026-02-13 16:06:48.369762-05:00
582,756,SENTINEL,93,LOW,VELOCITY_APPLICANT,"{""requestId"":""sen-3bd36087"",""score"":93,""band"":""LOW"",""reasonCodes"":[""VELOCITY_APPLICANT""],""modelVersion"":""sr-4.1""}",933,2026-02-13 14:11:40.068397-05:00
583,757,SENTINEL,347,LOW,IP_PROXY,"{""requestId"":""sen-da0ada38"",""score"":347,""band"":""LOW"",""reasonCodes"":[""IP_PROXY""],""modelVersion"":""sr-4.2""}",589,2026-02-13 14:22:39.798562-05:00
584,759,SENTINEL,306,LOW,"PHONE_CARRIER_RISK,DEVICE_REPUTATION","{""requestId"":""sen-1679cd9c"",""score"":306,""band"":""LOW"",""reasonCodes"":[""PHONE_CARRIER_RISK"",""DEVICE_REPUTATION""],""modelVersion"":""sr-4.1""}",710,2026-02-13 18:52:24.944965-05:00
585,760,SENTINEL,174,LOW,SYNTHETIC_ID_PATTERN,"{""requestId"":""sen-b4b1474d"",""score"":174,""band"":""LOW"",""reasonCodes"":[""SYNTHETIC_ID_PATTERN""],""modelVersion"":""sr-4.1""}",3474,2026-02-13 19:35:29.759998-05:00
586,761,SENTINEL,179,LOW,"IDENTITY_MISMATCH,ADDRESS_MISMATCH,EMAIL_AGE_LOW","{""requestId"":""sen-52e8c0ff"",""score"":179,""band"":""LOW"",""reasonCodes"":[""IDENTITY_MISMATCH"",""ADDRESS_MISMATCH"",""EMAIL_AGE_LOW""],""modelVersion"":""sr-4.2""}",358,2026-02-13 17:59:52.236855-05:00
587,763,SENTINEL,426,MEDIUM,"IP_PROXY,PHONE_CARRIER_RISK","{""requestId"":""sen-8f57b462"",""score"":426,""band"":""MEDIUM"",""reasonCodes"":[""IP_PROXY"",""PHONE_CARRIER_RISK""],""modelVersion"":""sr-4.1""}",621,2026-02-13 19:38:12.338447-05:00
588,764,SENTINEL,249,LOW,,"{""requestId"":""sen-2d8f2e14"",""score"":249,""band"":""LOW"",""reasonCodes"":null,""modelVersion"":""sr-4.1""}",724,2026-02-13 19:14:38.293028-05:00
589,765,SENTINEL,292,LOW,"IDENTITY_MISMATCH,ADDRESS_MISMATCH,SYNTHETIC_ID_PATTERN,BANK_ACCOUNT_AGE","{""requestId"":""sen-cbc6a7c5"",""score"":292,""band"":""LOW"",""reasonCodes"":[""IDENTITY_MISMATCH"",""ADDRESS_MISMATCH"",""SYNTHETIC_ID_PATTERN"",""BANK_ACCOUNT_AGE""],""modelVersion"":""sr-4.2""}",319,2026-02-13 19:18:59.550758-05:00
590,766,SENTINEL,38,LOW,"PHONE_CARRIER_RISK,EMAIL_AGE_LOW,SYNTHETIC_ID_PATTERN","{""requestId"":""sen-69fe2177"",""score"":38,""band"":""LOW"",""reasonCodes"":[""PHONE_CARRIER_RISK"",""EMAIL_AGE_LOW"",""SYNTHETIC_ID_PATTERN""],""modelVersion"":""sr-4.1""}",168,2026-02-13 20:18:19.146125-05:00
591,767,SENTINEL,453,MEDIUM,"IP_PROXY,BANK_ACCOUNT_AGE,VELOCITY_APPLICANT,PHONE_CARRIER_RISK","{""requestId"":""sen-08359b29"",""score"":453,""band"":""MEDIUM"",""reasonCodes"":[""IP_PROXY"",""BANK_ACCOUNT_AGE"",""VELOCITY_APPLICANT"",""PHONE_CARRIER_RISK""],""modelVersion"":""sr-4.2""}",432,2026-02-13 16:56:18.460935-05:00
592,768,SENTINEL,612,MEDIUM,"EMAIL_AGE_LOW,ADDRESS_MISMATCH","{""requestId"":""sen-a66d14da"",""score"":612,""band"":""MEDIUM"",""reasonCodes"":[""EMAIL_AGE_LOW"",""ADDRESS_MISMATCH""],""modelVersion"":""sr-4.1""}",146,2026-02-13 16:00:10.237791-05:00
593,769,SENTINEL,380,MEDIUM,VELOCITY_APPLICANT,"{""requestId"":""sen-44a48e8c"",""score"":380,""band"":""MEDIUM"",""reasonCodes"":[""VELOCITY_APPLICANT""],""modelVersion"":""sr-4.2""}",202,2026-02-13 19:43:42.633457-05:00
594,770,SENTINEL,247,LOW,"ADDRESS_MISMATCH,IP_PROXY","{""requestId"":""sen-e2dc083d"",""score"":247,""band"":""LOW"",""reasonCodes"":[""ADDRESS_MISMATCH"",""IP_PROXY""],""modelVersion"":""sr-4.2""}",188,2026-02-13 17:42:05.049775-05:00
595,771,SENTINEL,423,MEDIUM,"DEVICE_REPUTATION,PHONE_CARRIER_RISK,EMAIL_AGE_LOW","{""requestId"":""sen-811381ef"",""score"":423,""band"":""MEDIUM"",""reasonCodes"":[""DEVICE_REPUTATION"",""PHONE_CARRIER_RISK"",""EMAIL_AGE_LOW""],""modelVersion"":""sr-4.2""}",3472,2026-02-13 18:38:17.726833-05:00
596,772,SENTINEL,104,LOW,"PHONE_CARRIER_RISK,IP_PROXY","{""requestId"":""sen-1f4afba1"",""score"":104,""band"":""LOW"",""reasonCodes"":[""PHONE_CARRIER_RISK"",""IP_PROXY""],""modelVersion"":""sr-4.2""}",1993,2026-02-13 20:04:09.585405-05:00
597,773,SENTINEL,434,MEDIUM,"VELOCITY_APPLICANT,SYNTHETIC_ID_PATTERN,PHONE_CARRIER_RISK,ADDRESS_MISMATCH","{""requestId"":""sen-bd827552"",""score"":434,""band"":""MEDIUM"",""reasonCodes"":[""VELOCITY_APPLICANT"",""SYNTHETIC_ID_PATTERN"",""PHONE_CARRIER_RISK"",""ADDRESS_MISMATCH""],""modelVersion"":""sr-4.2""}",1756,2026-02-13 21:33:27.718067-05:00
598,776,SENTINEL,287,LOW,"SYNTHETIC_ID_PATTERN,VELOCITY_APPLICANT,DEVICE_REPUTATION,BANK_ACCOUNT_AGE","{""requestId"":""sen-9828e267"",""score"":287,""band"":""LOW"",""reasonCodes"":[""SYNTHETIC_ID_PATTERN"",""VELOCITY_APPLICANT"",""DEVICE_REPUTATION"",""BANK_ACCOUNT_AGE""],""modelVersion"":""sr-4.2""}",175,2026-02-13 17:25:51.464211-05:00
599,777,SENTINEL,516,MEDIUM,"PHONE_CARRIER_RISK,EMAIL_AGE_LOW,IP_PROXY","{""requestId"":""sen-36605c19"",""score"":516,""band"":""MEDIUM"",""reasonCodes"":[""PHONE_CARRIER_RISK"",""EMAIL_AGE_LOW"",""IP_PROXY""],""modelVersion"":""sr-4.2""}",898,2026-02-13 18:32:17.349855-05:00
600,779,SENTINEL,545,MEDIUM,"PHONE_CARRIER_RISK,ADDRESS_MISMATCH,SYNTHETIC_ID_PATTERN,VELOCITY_APPLICANT","{""requestId"":""sen-72cf4f7c"",""score"":545,""band"":""MEDIUM"",""reasonCodes"":[""PHONE_CARRIER_RISK"",""ADDRESS_MISMATCH"",""SYNTHETIC_ID_PATTERN"",""VELOCITY_APPLICANT""],""modelVersion"":""sr-4.2""}",233,2026-02-13 19:59:48.447907-05:00
601,780,SENTINEL,415,MEDIUM,"ADDRESS_MISMATCH,VELOCITY_APPLICANT","{""requestId"":""sen-1106c92e"",""score"":415,""band"":""MEDIUM"",""reasonCodes"":[""ADDRESS_MISMATCH"",""VELOCITY_APPLICANT""],""modelVersion"":""sr-4.2""}",884,2026-02-13 22:54:57.681642-05:00
602,781,SENTINEL,131,LOW,"PHONE_CARRIER_RISK,VELOCITY_APPLICANT,IDENTITY_MISMATCH,BANK_ACCOUNT_AGE","{""requestId"":""sen-af3e42df"",""score"":131,""band"":""LOW"",""reasonCodes"":[""PHONE_CARRIER_RISK"",""VELOCITY_APPLICANT"",""IDENTITY_MISMATCH"",""BANK_ACCOUNT_AGE""],""modelVersion"":""sr-4.1""}",341,2026-02-13 23:30:29.030524-05:00
603,782,SENTINEL,538,MEDIUM,"BANK_ACCOUNT_AGE,DEVICE_REPUTATION,ADDRESS_MISMATCH,IP_PROXY","{""requestId"":""sen-4d75bc91"",""score"":538,""band"":""MEDIUM"",""reasonCodes"":[""BANK_ACCOUNT_AGE"",""DEVICE_REPUTATION"",""ADDRESS_MISMATCH"",""IP_PROXY""],""modelVersion"":""sr-4.2""}",391,2026-02-13 21:12:05.736340-05:00
604,783,SENTINEL,650,HIGH,SYNTHETIC_ID_PATTERN,"{""requestId"":""sen-ebad3642"",""score"":650,""band"":""HIGH"",""reasonCodes"":[""SYNTHETIC_ID_PATTERN""],""modelVersion"":""sr-4.2""}",86,2026-02-13 23:18:35.955345-05:00
605,784,SENTINEL,247,LOW,VELOCITY_APPLICANT,"{""requestId"":""sen-89e4aff4"",""score"":247,""band"":""LOW"",""reasonCodes"":[""VELOCITY_APPLICANT""],""modelVersion"":""sr-4.2""}",1606,2026-02-14 01:56:12.876520-05:00
606,785,SENTINEL,342,LOW,"EMAIL_AGE_LOW,IP_PROXY","{""requestId"":""sen-281c29a6"",""score"":342,""band"":""LOW"",""reasonCodes"":[""EMAIL_AGE_LOW"",""IP_PROXY""],""modelVersion"":""sr-4.2""}",766,2026-02-14 08:35:55.140487-05:00
607,786,SENTINEL,403,MEDIUM,"PHONE_CARRIER_RISK,VELOCITY_APPLICANT,ADDRESS_MISMATCH","{""requestId"":""sen-c653a357"",""score"":403,""band"":""MEDIUM"",""reasonCodes"":[""PHONE_CARRIER_RISK"",""VELOCITY_APPLICANT"",""ADDRESS_MISMATCH""],""modelVersion"":""sr-4.2""}",474,2026-02-14 13:10:27.486756-05:00
608,787,SENTINEL,197,LOW,"EMAIL_AGE_LOW,DEVICE_REPUTATION,PHONE_CARRIER_RISK,IP_PROXY","{""requestId"":""sen-648b1d09"",""score"":197,""band"":""LOW"",""reasonCodes"":[""EMAIL_AGE_LOW"",""DEVICE_REPUTATION"",""PHONE_CARRIER_RISK"",""IP_PROXY""],""modelVersion"":""sr-4.2""}",300,2026-02-14 14:06:46.696938-05:00
609,788,SENTINEL,37,LOW,"SYNTHETIC_ID_PATTERN,ADDRESS_MISMATCH,IP_PROXY","{""requestId"":""sen-02c296bb"",""score"":37,""band"":""LOW"",""reasonCodes"":[""SYNTHETIC_ID_PATTERN"",""ADDRESS_MISMATCH"",""IP_PROXY""],""modelVersion"":""sr-4.1""}",1852,2026-02-14 15:21:00.859155-05:00
610,789,SENTINEL,396,MEDIUM,IDENTITY_MISMATCH,"{""requestId"":""sen-a0fa106c"",""score"":396,""band"":""MEDIUM"",""reasonCodes"":[""IDENTITY_MISMATCH""],""modelVersion"":""sr-4.2""}",846,2026-02-14 14:35:13.467181-05:00
611,790,SENTINEL,622,MEDIUM,,"{""requestId"":""sen-3f318a1e"",""score"":622,""band"":""MEDIUM"",""reasonCodes"":null,""modelVersion"":""sr-4.1""}",2813,2026-02-14 17:06:27.338770-05:00
612,791,SENTINEL,224,LOW,"PHONE_CARRIER_RISK,EMAIL_AGE_LOW","{""requestId"":""sen-dd6903cf"",""score"":224,""band"":""LOW"",""reasonCodes"":[""PHONE_CARRIER_RISK"",""EMAIL_AGE_LOW""],""modelVersion"":""sr-4.1""}",381,2026-02-14 19:30:19.115684-05:00
613,792,SENTINEL,297,LOW,"VELOCITY_APPLICANT,SYNTHETIC_ID_PATTERN,PHONE_CARRIER_RISK,DEVICE_REPUTATION","{""requestId"":""sen-7ba07d81"",""score"":297,""band"":""LOW"",""reasonCodes"":[""VELOCITY_APPLICANT"",""SYNTHETIC_ID_PATTERN"",""PHONE_CARRIER_RISK"",""DEVICE_REPUTATION""],""modelVersion"":""sr-4.2""}",149,2026-02-14 18:22:59.332270-05:00
614,793,SENTINEL,517,MEDIUM,"IDENTITY_MISMATCH,IP_PROXY,VELOCITY_APPLICANT,SYNTHETIC_ID_PATTERN","{""requestId"":""sen-19d7f733"",""score"":517,""band"":""MEDIUM"",""reasonCodes"":[""IDENTITY_MISMATCH"",""IP_PROXY"",""VELOCITY_APPLICANT"",""SYNTHETIC_ID_PATTERN""],""modelVersion"":""sr-4.1""}",321,2026-02-14 19:56:24.397448-05:00
615,795,SENTINEL,60,LOW,"DEVICE_REPUTATION,BANK_ACCOUNT_AGE","{""requestId"":""sen-5646ea96"",""score"":60,""band"":""LOW"",""reasonCodes"":[""DEVICE_REPUTATION"",""BANK_ACCOUNT_AGE""],""modelVersion"":""sr-4.2""}",258,2026-02-15 00:19:22.339446-05:00
616,797,SENTINEL,373,MEDIUM,"IDENTITY_MISMATCH,SYNTHETIC_ID_PATTERN,VELOCITY_APPLICANT,IP_PROXY","{""requestId"":""sen-92b5ddf9"",""score"":373,""band"":""MEDIUM"",""reasonCodes"":[""IDENTITY_MISMATCH"",""SYNTHETIC_ID_PATTERN"",""VELOCITY_APPLICANT"",""IP_PROXY""],""modelVersion"":""sr-4.2""}",81,2026-02-15 14:45:14.604915-05:00
617,798,SENTINEL,546,MEDIUM,"IDENTITY_MISMATCH,SYNTHETIC_ID_PATTERN,VELOCITY_APPLICANT,EMAIL_AGE_LOW","{""requestId"":""sen-30ed57ab"",""score"":546,""band"":""MEDIUM"",""reasonCodes"":[""IDENTITY_MISMATCH"",""SYNTHETIC_ID_PATTERN"",""VELOCITY_APPLICANT"",""EMAIL_AGE_LOW""],""modelVersion"":""sr-4.2""}",474,2026-02-15 14:26:21.987728-05:00
618,800,SENTINEL,562,MEDIUM,"PHONE_CARRIER_RISK,DEVICE_REPUTATION","{""requestId"":""sen-6d5c4b0e"",""score"":562,""band"":""MEDIUM"",""reasonCodes"":[""PHONE_CARRIER_RISK"",""DEVICE_REPUTATION""],""modelVersion"":""sr-4.1""}",286,2026-02-15 19:30:51.919920-05:00
619,804,SENTINEL,253,LOW,"VELOCITY_APPLICANT,IDENTITY_MISMATCH,BANK_ACCOUNT_AGE","{""requestId"":""sen-e63a31d4"",""score"":253,""band"":""LOW"",""reasonCodes"":[""VELOCITY_APPLICANT"",""IDENTITY_MISMATCH"",""BANK_ACCOUNT_AGE""],""modelVersion"":""sr-4.2""}",337,2026-02-16 04:07:33.628604-05:00
620,806,SENTINEL,405,MEDIUM,DEVICE_REPUTATION,"{""requestId"":""sen-22a92538"",""score"":405,""band"":""MEDIUM"",""reasonCodes"":[""DEVICE_REPUTATION""],""modelVersion"":""sr-4.2""}",1554,2026-02-16 05:18:49.484359-05:00
621,807,SENTINEL,293,LOW,"ADDRESS_MISMATCH,VELOCITY_APPLICANT,SYNTHETIC_ID_PATTERN,BANK_ACCOUNT_AGE","{""requestId"":""sen-c0e09ee9"",""score"":293,""band"":""LOW"",""reasonCodes"":[""ADDRESS_MISMATCH"",""VELOCITY_APPLICANT"",""SYNTHETIC_ID_PATTERN"",""BANK_ACCOUNT_AGE""],""modelVersion"":""sr-4.1""}",776,2026-02-16 06:51:20.382712-05:00
622,809,SENTINEL,324,LOW,"SYNTHETIC_ID_PATTERN,IDENTITY_MISMATCH,IP_PROXY,DEVICE_REPUTATION","{""requestId"":""sen-fd4f924c"",""score"":324,""band"":""LOW"",""reasonCodes"":[""SYNTHETIC_ID_PATTERN"",""IDENTITY_MISMATCH"",""IP_PROXY"",""DEVICE_REPUTATION""],""modelVersion"":""sr-4.2""}",159,2026-02-16 07:54:57.183813-05:00
623,810,SENTINEL,487,MEDIUM,ADDRESS_MISMATCH,"{""requestId"":""sen-9b870bfe"",""score"":487,""band"":""MEDIUM"",""reasonCodes"":[""ADDRESS_MISMATCH""],""modelVersion"":""sr-4.2""}",414,2026-02-16 06:25:09.551003-05:00
624,811,SENTINEL,368,MEDIUM,"ADDRESS_MISMATCH,IDENTITY_MISMATCH,VELOCITY_APPLICANT,SYNTHETIC_ID_PATTERN","{""requestId"":""sen-39be85b0"",""score"":368,""band"":""MEDIUM"",""reasonCodes"":[""ADDRESS_MISMATCH"",""IDENTITY_MISMATCH"",""VELOCITY_APPLICANT"",""SYNTHETIC_ID_PATTERN""],""modelVersion"":""sr-4.2""}",665,2026-02-16 06:48:33.349667-05:00
625,812,SENTINEL,227,LOW,"SYNTHETIC_ID_PATTERN,IP_PROXY,VELOCITY_APPLICANT,ADDRESS_MISMATCH","{""requestId"":""sen-d7f5ff61"",""score"":227,""band"":""LOW"",""reasonCodes"":[""SYNTHETIC_ID_PATTERN"",""IP_PROXY"",""VELOCITY_APPLICANT"",""ADDRESS_MISMATCH""],""modelVersion"":""sr-4.1""}",6047,2026-02-16 08:59:00.411050-05:00
626,813,SENTINEL,531,MEDIUM,"IP_PROXY,PHONE_CARRIER_RISK,ADDRESS_MISMATCH","{""requestId"":""sen-762d7913"",""score"":531,""band"":""MEDIUM"",""reasonCodes"":[""IP_PROXY"",""PHONE_CARRIER_RISK"",""ADDRESS_MISMATCH""],""modelVersion"":""sr-4.1""}",931,2026-02-16 11:36:03.123558-05:00
627,814,SENTINEL,394,MEDIUM,"VELOCITY_APPLICANT,DEVICE_REPUTATION,EMAIL_AGE_LOW,BANK_ACCOUNT_AGE","{""requestId"":""sen-1464f2c5"",""score"":394,""band"":""MEDIUM"",""reasonCodes"":[""VELOCITY_APPLICANT"",""DEVICE_REPUTATION"",""EMAIL_AGE_LOW"",""BANK_ACCOUNT_AGE""],""modelVersion"":""sr-4.1""}",1374,2026-02-16 12:07:46.755917-05:00
628,815,SENTINEL,198,LOW,,"{""requestId"":""sen-b29c6c76"",""score"":198,""band"":""LOW"",""reasonCodes"":null,""modelVersion"":""sr-4.1""}",84,2026-02-16 12:35:20.232137-05:00
629,816,SENTINEL,193,LOW,"IP_PROXY,SYNTHETIC_ID_PATTERN","{""requestId"":""sen-50d3e628"",""score"":193,""band"":""LOW"",""reasonCodes"":[""IP_PROXY"",""SYNTHETIC_ID_PATTERN""],""modelVersion"":""sr-4.1""}",578,2026-02-16 08:35:51.430628-05:00
630,817,SENTINEL,439,MEDIUM,"DEVICE_REPUTATION,EMAIL_AGE_LOW,IDENTITY_MISMATCH","{""requestId"":""sen-ef0b5fd9"",""score"":439,""band"":""MEDIUM"",""reasonCodes"":[""DEVICE_REPUTATION"",""EMAIL_AGE_LOW"",""IDENTITY_MISMATCH""],""modelVersion"":""sr-4.2""}",691,2026-02-16 11:48:45.796307-05:00
631,818,SENTINEL,400,MEDIUM,IDENTITY_MISMATCH,"{""requestId"":""sen-8d42d98b"",""score"":400,""band"":""MEDIUM"",""reasonCodes"":[""IDENTITY_MISMATCH""],""modelVersion"":""sr-4.1""}",635,2026-02-16 09:54:13.712487-05:00
632,819,SENTINEL,360,MEDIUM,"VELOCITY_APPLICANT,PHONE_CARRIER_RISK,IDENTITY_MISMATCH,EMAIL_AGE_LOW","{""requestId"":""sen-2b7a533d"",""score"":360,""band"":""MEDIUM"",""reasonCodes"":[""VELOCITY_APPLICANT"",""PHONE_CARRIER_RISK"",""IDENTITY_MISMATCH"",""EMAIL_AGE_LOW""],""modelVersion"":""sr-4.2""}",350,2026-02-16 10:17:55.389052-05:00
633,822,SENTINEL,268,LOW,PHONE_CARRIER_RISK,"{""requestId"":""sen-0620c052"",""score"":268,""band"":""LOW"",""reasonCodes"":[""PHONE_CARRIER_RISK""],""modelVersion"":""sr-4.2""}",850,2026-02-16 13:53:55.658017-05:00
634,823,SENTINEL,299,LOW,,"{""requestId"":""sen-a4583a03"",""score"":299,""band"":""LOW"",""reasonCodes"":null,""modelVersion"":""sr-4.2""}",235,2026-02-16 11:40:53.284054-05:00
635,824,SENTINEL,327,LOW,"EMAIL_AGE_LOW,BANK_ACCOUNT_AGE,VELOCITY_APPLICANT","{""requestId"":""sen-428fb3b5"",""score"":327,""band"":""LOW"",""reasonCodes"":[""EMAIL_AGE_LOW"",""BANK_ACCOUNT_AGE"",""VELOCITY_APPLICANT""],""modelVersion"":""sr-4.1""}",804,2026-02-16 14:10:33.336726-05:00
636,825,SENTINEL,382,MEDIUM,"ADDRESS_MISMATCH,SYNTHETIC_ID_PATTERN,VELOCITY_APPLICANT","{""requestId"":""sen-e0c72d66"",""score"":382,""band"":""MEDIUM"",""reasonCodes"":[""ADDRESS_MISMATCH"",""SYNTHETIC_ID_PATTERN"",""VELOCITY_APPLICANT""],""modelVersion"":""sr-4.2""}",1851,2026-02-16 14:23:03.527175-05:00
637,826,SENTINEL,337,LOW,"BANK_ACCOUNT_AGE,ADDRESS_MISMATCH,IDENTITY_MISMATCH,VELOCITY_APPLICANT","{""requestId"":""sen-7efea718"",""score"":337,""band"":""LOW"",""reasonCodes"":[""BANK_ACCOUNT_AGE"",""ADDRESS_MISMATCH"",""IDENTITY_MISMATCH"",""VELOCITY_APPLICANT""],""modelVersion"":""sr-4.1""}",331,2026-02-16 12:39:57.172170-05:00
638,827,SENTINEL,280,LOW,"EMAIL_AGE_LOW,IDENTITY_MISMATCH,PHONE_CARRIER_RISK","{""requestId"":""sen-1d3620ca"",""score"":280,""band"":""LOW"",""reasonCodes"":[""EMAIL_AGE_LOW"",""IDENTITY_MISMATCH"",""PHONE_CARRIER_RISK""],""modelVersion"":""sr-4.2""}",931,2026-02-16 11:46:26.326168-05:00
639,828,SENTINEL,243,LOW,,"{""requestId"":""sen-bb6d9a7b"",""score"":243,""band"":""LOW"",""reasonCodes"":null,""modelVersion"":""sr-4.2""}",446,2026-02-16 13:19:06.988913-05:00
640,829,SENTINEL,302,LOW,,"{""requestId"":""sen-59a5142d"",""score"":302,""band"":""LOW"",""reasonCodes"":null,""modelVersion"":""sr-4.2""}",1022,2026-02-16 14:48:56.429404-05:00
641,830,SENTINEL,504,MEDIUM,,"{""requestId"":""sen-f7dc8dde"",""score"":504,""band"":""MEDIUM"",""reasonCodes"":null,""modelVersion"":""sr-4.2""}",1277,2026-02-16 13:59:30.581193-05:00
642,831,SENTINEL,327,LOW,SYNTHETIC_ID_PATTERN,"{""requestId"":""sen-96140790"",""score"":327,""band"":""LOW"",""reasonCodes"":[""SYNTHETIC_ID_PATTERN""],""modelVersion"":""sr-4.2""}",846,2026-02-16 12:44:13.583819-05:00
643,832,SENTINEL,317,LOW,"BANK_ACCOUNT_AGE,ADDRESS_MISMATCH,IDENTITY_MISMATCH,PHONE_CARRIER_RISK","{""requestId"":""sen-344b8142"",""score"":317,""band"":""LOW"",""reasonCodes"":[""BANK_ACCOUNT_AGE"",""ADDRESS_MISMATCH"",""IDENTITY_MISMATCH"",""PHONE_CARRIER_RISK""],""modelVersion"":""sr-4.1""}",1587,2026-02-16 13:58:34.778087-05:00
644,833,SENTINEL,365,MEDIUM,"VELOCITY_APPLICANT,EMAIL_AGE_LOW","{""requestId"":""sen-d282faf3"",""score"":365,""band"":""MEDIUM"",""reasonCodes"":[""VELOCITY_APPLICANT"",""EMAIL_AGE_LOW""],""modelVersion"":""sr-4.2""}",80,2026-02-16 13:16:59.859555-05:00
645,834,SENTINEL,367,MEDIUM,PHONE_CARRIER_RISK,"{""requestId"":""sen-70ba74a5"",""score"":367,""band"":""MEDIUM"",""reasonCodes"":[""PHONE_CARRIER_RISK""],""modelVersion"":""sr-4.2""}",352,2026-02-16 12:50:27.848239-05:00
646,835,SENTINEL,398,MEDIUM,"VELOCITY_APPLICANT,DEVICE_REPUTATION","{""requestId"":""sen-0ef1ee57"",""score"":398,""band"":""MEDIUM"",""reasonCodes"":[""VELOCITY_APPLICANT"",""DEVICE_REPUTATION""],""modelVersion"":""sr-4.2""}",376,2026-02-16 12:57:51.695788-05:00
647,837,SENTINEL,268,LOW,"IDENTITY_MISMATCH,DEVICE_REPUTATION,ADDRESS_MISMATCH","{""requestId"":""sen-4b60e1ba"",""score"":268,""band"":""LOW"",""reasonCodes"":[""IDENTITY_MISMATCH"",""DEVICE_REPUTATION"",""ADDRESS_MISMATCH""],""modelVersion"":""sr-4.1""}",688,2026-02-16 16:47:19.685130-05:00
648,838,SENTINEL,327,LOW,"BANK_ACCOUNT_AGE,VELOCITY_APPLICANT,ADDRESS_MISMATCH,PHONE_CARRIER_RISK","{""requestId"":""sen-e9985b6b"",""score"":327,""band"":""LOW"",""reasonCodes"":[""BANK_ACCOUNT_AGE"",""VELOCITY_APPLICANT"",""ADDRESS_MISMATCH"",""PHONE_CARRIER_RISK""],""modelVersion"":""sr-4.2""}",445,2026-02-16 16:32:06.815546-05:00
649,839,SENTINEL,319,LOW,"BANK_ACCOUNT_AGE,EMAIL_AGE_LOW,VELOCITY_APPLICANT,SYNTHETIC_ID_PATTERN","{""requestId"":""sen-87cfd51d"",""score"":319,""band"":""LOW"",""reasonCodes"":[""BANK_ACCOUNT_AGE"",""EMAIL_AGE_LOW"",""VELOCITY_APPLICANT"",""SYNTHETIC_ID_PATTERN""],""modelVersion"":""sr-4.2""}",4469,2026-02-16 13:53:16.468251-05:00
650,840,SENTINEL,388,MEDIUM,IDENTITY_MISMATCH,"{""requestId"":""sen-26074ecf"",""score"":388,""band"":""MEDIUM"",""reasonCodes"":[""IDENTITY_MISMATCH""],""modelVersion"":""sr-4.2""}",4154,2026-02-16 14:19:04.861843-05:00
651,843,SENTINEL,534,MEDIUM,"BANK_ACCOUNT_AGE,PHONE_CARRIER_RISK","{""requestId"":""sen-00adbbe4"",""score"":534,""band"":""MEDIUM"",""reasonCodes"":[""BANK_ACCOUNT_AGE"",""PHONE_CARRIER_RISK""],""modelVersion"":""sr-4.2""}",510,2026-02-16 12:54:32.031493-05:00
652,845,SENTINEL,277,LOW,"PHONE_CARRIER_RISK,SYNTHETIC_ID_PATTERN","{""requestId"":""sen-3d1caf47"",""score"":277,""band"":""LOW"",""reasonCodes"":[""PHONE_CARRIER_RISK"",""SYNTHETIC_ID_PATTERN""],""modelVersion"":""sr-4.2""}",139,2026-02-16 13:05:21.163381-05:00
653,846,SENTINEL,673,HIGH,"VELOCITY_APPLICANT,ADDRESS_MISMATCH","{""requestId"":""sen-db5428f8"",""score"":673,""band"":""HIGH"",""reasonCodes"":[""VELOCITY_APPLICANT"",""ADDRESS_MISMATCH""],""modelVersion"":""sr-4.1""}",1613,2026-02-16 15:02:06.860635-05:00
654,848,SENTINEL,308,LOW,"PHONE_CARRIER_RISK,SYNTHETIC_ID_PATTERN,VELOCITY_APPLICANT,IDENTITY_MISMATCH","{""requestId"":""sen-17c31c5c"",""score"":308,""band"":""LOW"",""reasonCodes"":[""PHONE_CARRIER_RISK"",""SYNTHETIC_ID_PATTERN"",""VELOCITY_APPLICANT"",""IDENTITY_MISMATCH""],""modelVersion"":""sr-4.1""}",160,2026-02-16 15:29:43.121710-05:00
655,849,SENTINEL,494,MEDIUM,"IDENTITY_MISMATCH,BANK_ACCOUNT_AGE,ADDRESS_MISMATCH,PHONE_CARRIER_RISK","{""requestId"":""sen-b5fa960d"",""score"":494,""band"":""MEDIUM"",""reasonCodes"":[""IDENTITY_MISMATCH"",""BANK_ACCOUNT_AGE"",""ADDRESS_MISMATCH"",""PHONE_CARRIER_RISK""],""modelVersion"":""sr-4.2""}",656,2026-02-16 14:41:02.847137-05:00
656,850,SENTINEL,197,LOW,"SYNTHETIC_ID_PATTERN,IP_PROXY,BANK_ACCOUNT_AGE,ADDRESS_MISMATCH","{""requestId"":""sen-54320fbf"",""score"":197,""band"":""LOW"",""reasonCodes"":[""SYNTHETIC_ID_PATTERN"",""IP_PROXY"",""BANK_ACCOUNT_AGE"",""ADDRESS_MISMATCH""],""modelVersion"":""sr-4.1""}",576,2026-02-16 16:40:44.862212-05:00
657,851,SENTINEL,146,LOW,"IDENTITY_MISMATCH,VELOCITY_APPLICANT,IP_PROXY","{""requestId"":""sen-f2698970"",""score"":146,""band"":""LOW"",""reasonCodes"":[""IDENTITY_MISMATCH"",""VELOCITY_APPLICANT"",""IP_PROXY""],""modelVersion"":""sr-4.2""}",413,2026-02-16 16:02:08.126929-05:00
658,852,SENTINEL,344,LOW,DEVICE_REPUTATION,"{""requestId"":""sen-90a10322"",""score"":344,""band"":""LOW"",""reasonCodes"":[""DEVICE_REPUTATION""],""modelVersion"":""sr-4.2""}",409,2026-02-16 17:45:43.572284-05:00
659,853,SENTINEL,132,LOW,,"{""requestId"":""sen-2ed87cd4"",""score"":132,""band"":""LOW"",""reasonCodes"":null,""modelVersion"":""sr-4.1""}",198,2026-02-16 17:46:36.682512-05:00
660,854,SENTINEL,230,LOW,"ADDRESS_MISMATCH,DEVICE_REPUTATION","{""requestId"":""sen-cd0ff685"",""score"":230,""band"":""LOW"",""reasonCodes"":[""ADDRESS_MISMATCH"",""DEVICE_REPUTATION""],""modelVersion"":""sr-4.2""}",618,2026-02-16 17:00:29.138123-05:00
661,855,SENTINEL,685,HIGH,"IDENTITY_MISMATCH,VELOCITY_APPLICANT","{""requestId"":""sen-6b477037"",""score"":685,""band"":""HIGH"",""reasonCodes"":[""IDENTITY_MISMATCH"",""VELOCITY_APPLICANT""],""modelVersion"":""sr-4.2""}",2404,2026-02-16 16:09:09.294719-05:00
662,856,SENTINEL,712,HIGH,"VELOCITY_APPLICANT,ADDRESS_MISMATCH,BANK_ACCOUNT_AGE,IP_PROXY","{""requestId"":""sen-097ee9e9"",""score"":712,""band"":""HIGH"",""reasonCodes"":[""VELOCITY_APPLICANT"",""ADDRESS_MISMATCH"",""BANK_ACCOUNT_AGE"",""IP_PROXY""],""modelVersion"":""sr-4.2""}",261,2026-02-16 16:51:17.728014-05:00
663,857,SENTINEL,348,LOW,EMAIL_AGE_LOW,"{""requestId"":""sen-a7b6639a"",""score"":348,""band"":""LOW"",""reasonCodes"":[""EMAIL_AGE_LOW""],""modelVersion"":""sr-4.1""}",111,2026-02-16 16:28:50.631010-05:00
664,858,SENTINEL,525,MEDIUM,"DEVICE_REPUTATION,IDENTITY_MISMATCH,BANK_ACCOUNT_AGE,PHONE_CARRIER_RISK","{""requestId"":""sen-45eddd4c"",""score"":525,""band"":""MEDIUM"",""reasonCodes"":[""DEVICE_REPUTATION"",""IDENTITY_MISMATCH"",""BANK_ACCOUNT_AGE"",""PHONE_CARRIER_RISK""],""modelVersion"":""sr-4.1""}",61,2026-02-16 15:46:54.882266-05:00
665,859,SENTINEL,50,LOW,"IP_PROXY,BANK_ACCOUNT_AGE,PHONE_CARRIER_RISK,DEVICE_REPUTATION","{""requestId"":""sen-e42556fd"",""score"":50,""band"":""LOW"",""reasonCodes"":[""IP_PROXY"",""BANK_ACCOUNT_AGE"",""PHONE_CARRIER_RISK"",""DEVICE_REPUTATION""],""modelVersion"":""sr-4.1""}",1152,2026-02-16 20:06:23.056742-05:00
666,860,SENTINEL,659,HIGH,,"{""requestId"":""sen-825cd0af"",""score"":659,""band"":""HIGH"",""reasonCodes"":null,""modelVersion"":""sr-4.1""}",3933,2026-02-16 20:03:18.673619-05:00
667,862,SENTINEL,389,MEDIUM,"PHONE_CARRIER_RISK,VELOCITY_APPLICANT,BANK_ACCOUNT_AGE","{""requestId"":""sen-becbc412"",""score"":389,""band"":""MEDIUM"",""reasonCodes"":[""PHONE_CARRIER_RISK"",""VELOCITY_APPLICANT"",""BANK_ACCOUNT_AGE""],""modelVersion"":""sr-4.2""}",351,2026-02-16 18:00:56.313361-05:00
668,863,SENTINEL,428,MEDIUM,ADDRESS_MISMATCH,"{""requestId"":""sen-5d033dc4"",""score"":428,""band"":""MEDIUM"",""reasonCodes"":[""ADDRESS_MISMATCH""],""modelVersion"":""sr-4.2""}",520,2026-02-16 16:45:40.489428-05:00
669,864,SENTINEL,479,MEDIUM,"SYNTHETIC_ID_PATTERN,EMAIL_AGE_LOW,IP_PROXY,ADDRESS_MISMATCH","{""requestId"":""sen-fb3ab775"",""score"":479,""band"":""MEDIUM"",""reasonCodes"":[""SYNTHETIC_ID_PATTERN"",""EMAIL_AGE_LOW"",""IP_PROXY"",""ADDRESS_MISMATCH""],""modelVersion"":""sr-4.2""}",3017,2026-02-16 20:55:01.755533-05:00
670,865,SENTINEL,670,HIGH,"DEVICE_REPUTATION,ADDRESS_MISMATCH,EMAIL_AGE_LOW","{""requestId"":""sen-99723127"",""score"":670,""band"":""HIGH"",""reasonCodes"":[""DEVICE_REPUTATION"",""ADDRESS_MISMATCH"",""EMAIL_AGE_LOW""],""modelVersion"":""sr-4.1""}",408,2026-02-16 19:03:30.199505-05:00
671,866,SENTINEL,377,MEDIUM,IDENTITY_MISMATCH,"{""requestId"":""sen-37a9aad9"",""score"":377,""band"":""MEDIUM"",""reasonCodes"":[""IDENTITY_MISMATCH""],""modelVersion"":""sr-4.1""}",1683,2026-02-16 21:11:02.539456-05:00
672,867,SENTINEL,476,MEDIUM,"VELOCITY_APPLICANT,ADDRESS_MISMATCH,EMAIL_AGE_LOW,BANK_ACCOUNT_AGE","{""requestId"":""sen-d5e1248a"",""score"":476,""band"":""MEDIUM"",""reasonCodes"":[""VELOCITY_APPLICANT"",""ADDRESS_MISMATCH"",""EMAIL_AGE_LOW"",""BANK_ACCOUNT_AGE""],""modelVersion"":""sr-4.2""}",783,2026-02-16 21:24:35.493619-05:00
673,868,SENTINEL,67,LOW,"IDENTITY_MISMATCH,VELOCITY_APPLICANT,IP_PROXY,EMAIL_AGE_LOW","{""requestId"":""sen-74189e3c"",""score"":67,""band"":""LOW"",""reasonCodes"":[""IDENTITY_MISMATCH"",""VELOCITY_APPLICANT"",""IP_PROXY"",""EMAIL_AGE_LOW""],""modelVersion"":""sr-4.1""}",292,2026-02-16 20:24:46.693815-05:00
674,870,SENTINEL,320,LOW,"DEVICE_REPUTATION,BANK_ACCOUNT_AGE","{""requestId"":""sen-b087919f"",""score"":320,""band"":""LOW"",""reasonCodes"":[""DEVICE_REPUTATION"",""BANK_ACCOUNT_AGE""],""modelVersion"":""sr-4.2""}",1076,2026-02-16 21:32:28.781918-05:00
675,871,SENTINEL,368,MEDIUM,VELOCITY_APPLICANT,"{""requestId"":""sen-4ebf0b51"",""score"":368,""band"":""MEDIUM"",""reasonCodes"":[""VELOCITY_APPLICANT""],""modelVersion"":""sr-4.1""}",496,2026-02-16 23:13:04.987013-05:00
676,872,SENTINEL,265,LOW,,"{""requestId"":""sen-ecf68502"",""score"":265,""band"":""LOW"",""reasonCodes"":null,""modelVersion"":""sr-4.2""}",362,2026-02-16 22:19:53.150867-05:00
677,873,SENTINEL,436,MEDIUM,"IP_PROXY,VELOCITY_APPLICANT,SYNTHETIC_ID_PATTERN,ADDRESS_MISMATCH","{""requestId"":""sen-8b2dfeb4"",""score"":436,""band"":""MEDIUM"",""reasonCodes"":[""IP_PROXY"",""VELOCITY_APPLICANT"",""SYNTHETIC_ID_PATTERN"",""ADDRESS_MISMATCH""],""modelVersion"":""sr-4.1""}",738,2026-02-16 23:29:26.409366-05:00
678,874,SENTINEL,528,MEDIUM,VELOCITY_APPLICANT,"{""requestId"":""sen-29657866"",""score"":528,""band"":""MEDIUM"",""reasonCodes"":[""VELOCITY_APPLICANT""],""modelVersion"":""sr-4.2""}",477,2026-02-16 23:42:29.921364-05:00
679,875,SENTINEL,399,MEDIUM,VELOCITY_APPLICANT,"{""requestId"":""sen-c79cf217"",""score"":399,""band"":""MEDIUM"",""reasonCodes"":[""VELOCITY_APPLICANT""],""modelVersion"":""sr-4.2""}",305,2026-02-16 21:44:54.887310-05:00
680,877,SENTINEL,283,LOW,"IDENTITY_MISMATCH,SYNTHETIC_ID_PATTERN,EMAIL_AGE_LOW,VELOCITY_APPLICANT","{""requestId"":""sen-040be57b"",""score"":283,""band"":""LOW"",""reasonCodes"":[""IDENTITY_MISMATCH"",""SYNTHETIC_ID_PATTERN"",""EMAIL_AGE_LOW"",""VELOCITY_APPLICANT""],""modelVersion"":""sr-4.1""}",133,2026-02-17 02:34:29.618259-05:00
681,878,SENTINEL,34,LOW,"ADDRESS_MISMATCH,EMAIL_AGE_LOW,BANK_ACCOUNT_AGE","{""requestId"":""sen-a2435f2c"",""score"":34,""band"":""LOW"",""reasonCodes"":[""ADDRESS_MISMATCH"",""EMAIL_AGE_LOW"",""BANK_ACCOUNT_AGE""],""modelVersion"":""sr-4.1""}",1506,2026-02-17 02:58:32.973015-05:00
682,879,SENTINEL,212,LOW,EMAIL_AGE_LOW,"{""requestId"":""sen-407ad8de"",""score"":212,""band"":""LOW"",""reasonCodes"":[""EMAIL_AGE_LOW""],""modelVersion"":""sr-4.1""}",1095,2026-02-17 01:21:00.713483-05:00
683,880,SENTINEL,214,LOW,"EMAIL_AGE_LOW,VELOCITY_APPLICANT,PHONE_CARRIER_RISK,IP_PROXY","{""requestId"":""sen-deb2528f"",""score"":214,""band"":""LOW"",""reasonCodes"":[""EMAIL_AGE_LOW"",""VELOCITY_APPLICANT"",""PHONE_CARRIER_RISK"",""IP_PROXY""],""modelVersion"":""sr-4.1""}",293,2026-02-17 05:31:59.977649-05:00
684,881,SENTINEL,145,LOW,"EMAIL_AGE_LOW,VELOCITY_APPLICANT","{""requestId"":""sen-7ce9cc41"",""score"":145,""band"":""LOW"",""reasonCodes"":[""EMAIL_AGE_LOW"",""VELOCITY_APPLICANT""],""modelVersion"":""sr-4.2""}",667,2026-02-17 05:34:19.379118-05:00
685,882,SENTINEL,638,MEDIUM,"VELOCITY_APPLICANT,PHONE_CARRIER_RISK,DEVICE_REPUTATION","{""requestId"":""sen-1b2145f3"",""score"":638,""band"":""MEDIUM"",""reasonCodes"":[""VELOCITY_APPLICANT"",""PHONE_CARRIER_RISK"",""DEVICE_REPUTATION""],""modelVersion"":""sr-4.2""}",189,2026-02-17 04:30:25.712208-05:00
686,885,SENTINEL,582,MEDIUM,"PHONE_CARRIER_RISK,SYNTHETIC_ID_PATTERN,IDENTITY_MISMATCH","{""requestId"":""sen-f5c7b307"",""score"":582,""band"":""MEDIUM"",""reasonCodes"":[""PHONE_CARRIER_RISK"",""SYNTHETIC_ID_PATTERN"",""IDENTITY_MISMATCH""],""modelVersion"":""sr-4.1""}",809,2026-02-17 07:02:42.951677-05:00
687,887,SENTINEL,501,MEDIUM,VELOCITY_APPLICANT,"{""requestId"":""sen-3236a66b"",""score"":501,""band"":""MEDIUM"",""reasonCodes"":[""VELOCITY_APPLICANT""],""modelVersion"":""sr-4.2""}",691,2026-02-17 05:27:34.924622-05:00
688,888,SENTINEL,502,MEDIUM,,"{""requestId"":""sen-d06e201c"",""score"":502,""band"":""MEDIUM"",""reasonCodes"":null,""modelVersion"":""sr-4.1""}",493,2026-02-17 05:58:42.119303-05:00
689,889,SENTINEL,197,LOW,"DEVICE_REPUTATION,ADDRESS_MISMATCH","{""requestId"":""sen-6ea599ce"",""score"":197,""band"":""LOW"",""reasonCodes"":[""DEVICE_REPUTATION"",""ADDRESS_MISMATCH""],""modelVersion"":""sr-4.2""}",587,2026-02-17 08:52:29.193756-05:00
690,890,SENTINEL,394,MEDIUM,"DEVICE_REPUTATION,SYNTHETIC_ID_PATTERN,PHONE_CARRIER_RISK","{""requestId"":""sen-0cdd1380"",""score"":394,""band"":""MEDIUM"",""reasonCodes"":[""DEVICE_REPUTATION"",""SYNTHETIC_ID_PATTERN"",""PHONE_CARRIER_RISK""],""modelVersion"":""sr-4.2""}",426,2026-02-17 11:43:18.755146-05:00
691,891,SENTINEL,216,LOW,"BANK_ACCOUNT_AGE,EMAIL_AGE_LOW","{""requestId"":""sen-ab148d31"",""score"":216,""band"":""LOW"",""reasonCodes"":[""BANK_ACCOUNT_AGE"",""EMAIL_AGE_LOW""],""modelVersion"":""sr-4.2""}",657,2026-02-17 10:11:39.382572-05:00
692,892,SENTINEL,363,MEDIUM,IDENTITY_MISMATCH,"{""requestId"":""sen-494c06e3"",""score"":363,""band"":""MEDIUM"",""reasonCodes"":[""IDENTITY_MISMATCH""],""modelVersion"":""sr-4.2""}",537,2026-02-17 08:18:41.225872-05:00
693,894,SENTINEL,244,LOW,PHONE_CARRIER_RISK,"{""requestId"":""sen-85bafa46"",""score"":244,""band"":""LOW"",""reasonCodes"":[""PHONE_CARRIER_RISK""],""modelVersion"":""sr-4.1""}",154,2026-02-17 12:11:07.473930-05:00
694,895,SENTINEL,1,LOW,DEVICE_REPUTATION,"{""requestId"":""sen-23f273f8"",""score"":1,""band"":""LOW"",""reasonCodes"":[""DEVICE_REPUTATION""],""modelVersion"":""sr-4.2""}",485,2026-02-17 08:18:34.908747-05:00
695,897,SENTINEL,478,MEDIUM,"BANK_ACCOUNT_AGE,PHONE_CARRIER_RISK,IDENTITY_MISMATCH","{""requestId"":""sen-6061675b"",""score"":478,""band"":""MEDIUM"",""reasonCodes"":[""BANK_ACCOUNT_AGE"",""PHONE_CARRIER_RISK"",""IDENTITY_MISMATCH""],""modelVersion"":""sr-4.2""}",189,2026-02-17 09:03:52.175448-05:00
696,899,SENTINEL,397,MEDIUM,"DEVICE_REPUTATION,EMAIL_AGE_LOW","{""requestId"":""sen-9cd05abe"",""score"":397,""band"":""MEDIUM"",""reasonCodes"":[""DEVICE_REPUTATION"",""EMAIL_AGE_LOW""],""modelVersion"":""sr-4.2""}",435,2026-02-17 09:22:49.226587-05:00
697,901,SENTINEL,467,MEDIUM,"IDENTITY_MISMATCH,ADDRESS_MISMATCH","{""requestId"":""sen-d93f4e21"",""score"":467,""band"":""MEDIUM"",""reasonCodes"":[""IDENTITY_MISMATCH"",""ADDRESS_MISMATCH""],""modelVersion"":""sr-4.1""}",1594,2026-02-17 13:30:28.437674-05:00
698,902,SENTINEL,171,LOW,PHONE_CARRIER_RISK,"{""requestId"":""sen-7776c7d3"",""score"":171,""band"":""LOW"",""reasonCodes"":[""PHONE_CARRIER_RISK""],""modelVersion"":""sr-4.1""}",1869,2026-02-17 14:19:26.839241-05:00
699,903,SENTINEL,253,LOW,SYNTHETIC_ID_PATTERN,"{""requestId"":""sen-15ae4185"",""score"":253,""band"":""LOW"",""reasonCodes"":[""SYNTHETIC_ID_PATTERN""],""modelVersion"":""sr-4.1""}",455,2026-02-17 12:18:54.517743-05:00
700,904,SENTINEL,362,MEDIUM,"EMAIL_AGE_LOW,IP_PROXY,BANK_ACCOUNT_AGE","{""requestId"":""sen-b3e5bb36"",""score"":362,""band"":""MEDIUM"",""reasonCodes"":[""EMAIL_AGE_LOW"",""IP_PROXY"",""BANK_ACCOUNT_AGE""],""modelVersion"":""sr-4.2""}",294,2026-02-17 13:00:12.813672-05:00
701,906,SENTINEL,287,LOW,"IP_PROXY,SYNTHETIC_ID_PATTERN,BANK_ACCOUNT_AGE,ADDRESS_MISMATCH","{""requestId"":""sen-f054ae99"",""score"":287,""band"":""LOW"",""reasonCodes"":[""IP_PROXY"",""SYNTHETIC_ID_PATTERN"",""BANK_ACCOUNT_AGE"",""ADDRESS_MISMATCH""],""modelVersion"":""sr-4.2""}",483,2026-02-17 11:54:50.491820-05:00
702,909,SENTINEL,186,LOW,ADDRESS_MISMATCH,"{""requestId"":""sen-cafb1bae"",""score"":186,""band"":""LOW"",""reasonCodes"":[""ADDRESS_MISMATCH""],""modelVersion"":""sr-4.1""}",2016,2026-02-17 12:53:07.257992-05:00
703,910,SENTINEL,390,MEDIUM,"SYNTHETIC_ID_PATTERN,IP_PROXY,IDENTITY_MISMATCH","{""requestId"":""sen-69329560"",""score"":390,""band"":""MEDIUM"",""reasonCodes"":[""SYNTHETIC_ID_PATTERN"",""IP_PROXY"",""IDENTITY_MISMATCH""],""modelVersion"":""sr-4.2""}",340,2026-02-17 16:01:05.911336-05:00
704,911,SENTINEL,1,LOW,"BANK_ACCOUNT_AGE,VELOCITY_APPLICANT,EMAIL_AGE_LOW,ADDRESS_MISMATCH","{""requestId"":""sen-076a0f12"",""score"":1,""band"":""LOW"",""reasonCodes"":[""BANK_ACCOUNT_AGE"",""VELOCITY_APPLICANT"",""EMAIL_AGE_LOW"",""ADDRESS_MISMATCH""],""modelVersion"":""sr-4.2""}",135,2026-02-17 16:17:23.202929-05:00
705,912,SENTINEL,148,LOW,"PHONE_CARRIER_RISK,BANK_ACCOUNT_AGE","{""requestId"":""sen-a5a188c3"",""score"":148,""band"":""LOW"",""reasonCodes"":[""PHONE_CARRIER_RISK"",""BANK_ACCOUNT_AGE""],""modelVersion"":""sr-4.2""}",962,2026-02-17 15:07:41.437659-05:00
706,913,SENTINEL,418,MEDIUM,"DEVICE_REPUTATION,IDENTITY_MISMATCH,VELOCITY_APPLICANT,EMAIL_AGE_LOW","{""requestId"":""sen-43d90275"",""score"":418,""band"":""MEDIUM"",""reasonCodes"":[""DEVICE_REPUTATION"",""IDENTITY_MISMATCH"",""VELOCITY_APPLICANT"",""EMAIL_AGE_LOW""],""modelVersion"":""sr-4.2""}",381,2026-02-17 13:32:40.408927-05:00
707,915,SENTINEL,604,MEDIUM,PHONE_CARRIER_RISK,"{""requestId"":""sen-8047f5d8"",""score"":604,""band"":""MEDIUM"",""reasonCodes"":[""PHONE_CARRIER_RISK""],""modelVersion"":""sr-4.2""}",169,2026-02-17 16:40:17.112577-05:00
708,917,SENTINEL,322,LOW,"BANK_ACCOUNT_AGE,VELOCITY_APPLICANT,IDENTITY_MISMATCH","{""requestId"":""sen-bcb6e93b"",""score"":322,""band"":""LOW"",""reasonCodes"":[""BANK_ACCOUNT_AGE"",""VELOCITY_APPLICANT"",""IDENTITY_MISMATCH""],""modelVersion"":""sr-4.2""}",752,2026-02-17 15:45:01.469530-05:00
709,919,SENTINEL,235,LOW,,"{""requestId"":""sen-f925dc9e"",""score"":235,""band"":""LOW"",""reasonCodes"":null,""modelVersion"":""sr-4.1""}",1237,2026-02-17 15:39:42.593112-05:00
710,920,SENTINEL,1,LOW,ADDRESS_MISMATCH,"{""requestId"":""sen-975d5650"",""score"":1,""band"":""LOW"",""reasonCodes"":[""ADDRESS_MISMATCH""],""modelVersion"":""sr-4.1""}",1995,2026-02-17 14:51:29.253178-05:00
711,921,SENTINEL,289,LOW,VELOCITY_APPLICANT,"{""requestId"":""sen-3594d002"",""score"":289,""band"":""LOW"",""reasonCodes"":[""VELOCITY_APPLICANT""],""modelVersion"":""sr-4.1""}",241,2026-02-17 14:14:53.345337-05:00
712,922,SENTINEL,475,MEDIUM,"ADDRESS_MISMATCH,IDENTITY_MISMATCH","{""requestId"":""sen-d3cc49b3"",""score"":475,""band"":""MEDIUM"",""reasonCodes"":[""ADDRESS_MISMATCH"",""IDENTITY_MISMATCH""],""modelVersion"":""sr-4.2""}",1278,2026-02-17 16:11:34.462116-05:00
713,923,SENTINEL,393,MEDIUM,"ADDRESS_MISMATCH,IP_PROXY","{""requestId"":""sen-7203c365"",""score"":393,""band"":""MEDIUM"",""reasonCodes"":[""ADDRESS_MISMATCH"",""IP_PROXY""],""modelVersion"":""sr-4.2""}",729,2026-02-17 17:22:57.758980-05:00
714,924,SENTINEL,278,LOW,"PHONE_CARRIER_RISK,SYNTHETIC_ID_PATTERN","{""requestId"":""sen-103b3d17"",""score"":278,""band"":""LOW"",""reasonCodes"":[""PHONE_CARRIER_RISK"",""SYNTHETIC_ID_PATTERN""],""modelVersion"":""sr-4.2""}",411,2026-02-17 14:16:24.138446-05:00
715,925,SENTINEL,591,MEDIUM,"EMAIL_AGE_LOW,IP_PROXY,VELOCITY_APPLICANT","{""requestId"":""sen-ae72b6c8"",""score"":591,""band"":""MEDIUM"",""reasonCodes"":[""EMAIL_AGE_LOW"",""IP_PROXY"",""VELOCITY_APPLICANT""],""modelVersion"":""sr-4.2""}",478,2026-02-17 14:07:25.007751-05:00
716,926,SENTINEL,235,LOW,"ADDRESS_MISMATCH,EMAIL_AGE_LOW,BANK_ACCOUNT_AGE","{""requestId"":""sen-4caa307a"",""score"":235,""band"":""LOW"",""reasonCodes"":[""ADDRESS_MISMATCH"",""EMAIL_AGE_LOW"",""BANK_ACCOUNT_AGE""],""modelVersion"":""sr-4.2""}",214,2026-02-17 14:05:27.050780-05:00
717,928,SENTINEL,141,LOW,"SYNTHETIC_ID_PATTERN,EMAIL_AGE_LOW","{""requestId"":""sen-891923dd"",""score"":141,""band"":""LOW"",""reasonCodes"":[""SYNTHETIC_ID_PATTERN"",""EMAIL_AGE_LOW""],""modelVersion"":""sr-4.2""}",242,2026-02-17 15:27:20.832890-05:00
718,929,SENTINEL,139,LOW,"DEVICE_REPUTATION,VELOCITY_APPLICANT,PHONE_CARRIER_RISK","{""requestId"":""sen-27509d8f"",""score"":139,""band"":""LOW"",""reasonCodes"":[""DEVICE_REPUTATION"",""VELOCITY_APPLICANT"",""PHONE_CARRIER_RISK""],""modelVersion"":""sr-4.2""}",528,2026-02-17 19:10:47.696123-05:00
719,930,SENTINEL,446,MEDIUM,BANK_ACCOUNT_AGE,"{""requestId"":""sen-c5881740"",""score"":446,""band"":""MEDIUM"",""reasonCodes"":[""BANK_ACCOUNT_AGE""],""modelVersion"":""sr-4.1""}",1011,2026-02-17 18:56:49.025009-05:00
720,931,SENTINEL,319,LOW,"BANK_ACCOUNT_AGE,ADDRESS_MISMATCH","{""requestId"":""sen-63bf90f2"",""score"":319,""band"":""LOW"",""reasonCodes"":[""BANK_ACCOUNT_AGE"",""ADDRESS_MISMATCH""],""modelVersion"":""sr-4.2""}",763,2026-02-17 18:25:45.652357-05:00
721,932,SENTINEL,286,LOW,"PHONE_CARRIER_RISK,BANK_ACCOUNT_AGE,VELOCITY_APPLICANT,IP_PROXY","{""requestId"":""sen-01f70aa4"",""score"":286,""band"":""LOW"",""reasonCodes"":[""PHONE_CARRIER_RISK"",""BANK_ACCOUNT_AGE"",""VELOCITY_APPLICANT"",""IP_PROXY""],""modelVersion"":""sr-4.2""}",603,2026-02-17 15:07:02.018216-05:00
722,934,SENTINEL,230,LOW,,"{""requestId"":""sen-3e65fe07"",""score"":230,""band"":""LOW"",""reasonCodes"":null,""modelVersion"":""sr-4.2""}",91,2026-02-17 15:40:13.713660-05:00
723,936,SENTINEL,131,LOW,"BANK_ACCOUNT_AGE,SYNTHETIC_ID_PATTERN,PHONE_CARRIER_RISK,ADDRESS_MISMATCH","{""requestId"":""sen-7ad4f16a"",""score"":131,""band"":""LOW"",""reasonCodes"":[""BANK_ACCOUNT_AGE"",""SYNTHETIC_ID_PATTERN"",""PHONE_CARRIER_RISK"",""ADDRESS_MISMATCH""],""modelVersion"":""sr-4.2""}",298,2026-02-17 17:56:09.842120-05:00
724,937,SENTINEL,530,MEDIUM,VELOCITY_APPLICANT,"{""requestId"":""sen-190c6b1c"",""score"":530,""band"":""MEDIUM"",""reasonCodes"":[""VELOCITY_APPLICANT""],""modelVersion"":""sr-4.1""}",227,2026-02-17 16:29:20.475495-05:00
725,938,SENTINEL,64,LOW,"IP_PROXY,ADDRESS_MISMATCH","{""requestId"":""sen-b743e4cd"",""score"":64,""band"":""LOW"",""reasonCodes"":[""IP_PROXY"",""ADDRESS_MISMATCH""],""modelVersion"":""sr-4.2""}",807,2026-02-17 20:11:14.759362-05:00
726,939,SENTINEL,1,LOW,"IDENTITY_MISMATCH,PHONE_CARRIER_RISK,VELOCITY_APPLICANT","{""requestId"":""sen-557b5e7f"",""score"":1,""band"":""LOW"",""reasonCodes"":[""IDENTITY_MISMATCH"",""PHONE_CARRIER_RISK"",""VELOCITY_APPLICANT""],""modelVersion"":""sr-4.2""}",175,2026-02-17 18:35:45.581256-05:00
727,940,SENTINEL,568,MEDIUM,"SYNTHETIC_ID_PATTERN,PHONE_CARRIER_RISK,VELOCITY_APPLICANT,IDENTITY_MISMATCH","{""requestId"":""sen-f3b2d830"",""score"":568,""band"":""MEDIUM"",""reasonCodes"":[""SYNTHETIC_ID_PATTERN"",""PHONE_CARRIER_RISK"",""VELOCITY_APPLICANT"",""IDENTITY_MISMATCH""],""modelVersion"":""sr-4.1""}",813,2026-02-17 17:55:07.327693-05:00
728,941,SENTINEL,197,LOW,IDENTITY_MISMATCH,"{""requestId"":""sen-91ea51e2"",""score"":197,""band"":""LOW"",""reasonCodes"":[""IDENTITY_MISMATCH""],""modelVersion"":""sr-4.2""}",315,2026-02-17 20:13:48.640252-05:00
729,943,SENTINEL,309,LOW,BANK_ACCOUNT_AGE,"{""requestId"":""sen-ce594545"",""score"":309,""band"":""LOW"",""reasonCodes"":[""BANK_ACCOUNT_AGE""],""modelVersion"":""sr-4.2""}",541,2026-02-17 20:13:28.736633-05:00
730,944,SENTINEL,415,MEDIUM,"PHONE_CARRIER_RISK,VELOCITY_APPLICANT,SYNTHETIC_ID_PATTERN","{""requestId"":""sen-6c90bef7"",""score"":415,""band"":""MEDIUM"",""reasonCodes"":[""PHONE_CARRIER_RISK"",""VELOCITY_APPLICANT"",""SYNTHETIC_ID_PATTERN""],""modelVersion"":""sr-4.2""}",632,2026-02-17 20:38:58.139175-05:00
731,945,SENTINEL,399,MEDIUM,"DEVICE_REPUTATION,IP_PROXY,PHONE_CARRIER_RISK","{""requestId"":""sen-0ac838a9"",""score"":399,""band"":""MEDIUM"",""reasonCodes"":[""DEVICE_REPUTATION"",""IP_PROXY"",""PHONE_CARRIER_RISK""],""modelVersion"":""sr-4.2""}",552,2026-02-17 18:44:08.562000-05:00
732,946,SENTINEL,179,LOW,"BANK_ACCOUNT_AGE,ADDRESS_MISMATCH","{""requestId"":""sen-a8ffb25a"",""score"":179,""band"":""LOW"",""reasonCodes"":[""BANK_ACCOUNT_AGE"",""ADDRESS_MISMATCH""],""modelVersion"":""sr-4.2""}",1518,2026-02-17 22:17:26.852171-05:00
733,947,SENTINEL,286,LOW,ADDRESS_MISMATCH,"{""requestId"":""sen-47372c0c"",""score"":286,""band"":""LOW"",""reasonCodes"":[""ADDRESS_MISMATCH""],""modelVersion"":""sr-4.2""}",583,2026-02-17 19:53:21.624791-05:00
734,948,SENTINEL,449,MEDIUM,"BANK_ACCOUNT_AGE,ADDRESS_MISMATCH","{""requestId"":""sen-e56ea5bd"",""score"":449,""band"":""MEDIUM"",""reasonCodes"":[""BANK_ACCOUNT_AGE"",""ADDRESS_MISMATCH""],""modelVersion"":""sr-4.1""}",1032,2026-02-17 19:34:20.692150-05:00
735,949,SENTINEL,281,LOW,"EMAIL_AGE_LOW,SYNTHETIC_ID_PATTERN,DEVICE_REPUTATION","{""requestId"":""sen-83a61f6f"",""score"":281,""band"":""LOW"",""reasonCodes"":[""EMAIL_AGE_LOW"",""SYNTHETIC_ID_PATTERN"",""DEVICE_REPUTATION""],""modelVersion"":""sr-4.2""}",591,2026-02-17 19:36:16.926392-05:00
736,950,SENTINEL,174,LOW,EMAIL_AGE_LOW,"{""requestId"":""sen-21dd9921"",""score"":174,""band"":""LOW"",""reasonCodes"":[""EMAIL_AGE_LOW""],""modelVersion"":""sr-4.2""}",166,2026-02-17 21:58:20.725431-05:00
737,952,SENTINEL,596,MEDIUM,,"{""requestId"":""sen-5e4c8c84"",""score"":596,""band"":""MEDIUM"",""reasonCodes"":null,""modelVersion"":""sr-4.1""}",182,2026-02-17 23:54:52.032505-05:00
738,953,SENTINEL,301,LOW,"PHONE_CARRIER_RISK,IDENTITY_MISMATCH","{""requestId"":""sen-fc840635"",""score"":301,""band"":""LOW"",""reasonCodes"":[""PHONE_CARRIER_RISK"",""IDENTITY_MISMATCH""],""modelVersion"":""sr-4.2""}",1994,2026-02-17 21:38:04.628140-05:00
739,954,SENTINEL,334,LOW,EMAIL_AGE_LOW,"{""requestId"":""sen-9abb7fe7"",""score"":334,""band"":""LOW"",""reasonCodes"":[""EMAIL_AGE_LOW""],""modelVersion"":""sr-4.2""}",444,2026-02-18 00:08:08.253210-05:00
740,955,SENTINEL,202,LOW,"EMAIL_AGE_LOW,BANK_ACCOUNT_AGE,ADDRESS_MISMATCH,IDENTITY_MISMATCH","{""requestId"":""sen-38f2f999"",""score"":202,""band"":""LOW"",""reasonCodes"":[""EMAIL_AGE_LOW"",""BANK_ACCOUNT_AGE"",""ADDRESS_MISMATCH"",""IDENTITY_MISMATCH""],""modelVersion"":""sr-4.2""}",2564,2026-02-18 01:26:53.299243-05:00
741,956,SENTINEL,360,MEDIUM,"VELOCITY_APPLICANT,EMAIL_AGE_LOW","{""requestId"":""sen-d72a734a"",""score"":360,""band"":""MEDIUM"",""reasonCodes"":[""VELOCITY_APPLICANT"",""EMAIL_AGE_LOW""],""modelVersion"":""sr-4.1""}",141,2026-02-18 03:14:22.518155-05:00
742,958,SENTINEL,198,LOW,"BANK_ACCOUNT_AGE,PHONE_CARRIER_RISK,VELOCITY_APPLICANT,DEVICE_REPUTATION","{""requestId"":""sen-139966ae"",""score"":198,""band"":""LOW"",""reasonCodes"":[""BANK_ACCOUNT_AGE"",""PHONE_CARRIER_RISK"",""VELOCITY_APPLICANT"",""DEVICE_REPUTATION""],""modelVersion"":""sr-4.2""}",622,2026-02-18 01:00:15.399577-05:00
743,960,SENTINEL,406,MEDIUM,"ADDRESS_MISMATCH,IP_PROXY","{""requestId"":""sen-50085a11"",""score"":406,""band"":""MEDIUM"",""reasonCodes"":[""ADDRESS_MISMATCH"",""IP_PROXY""],""modelVersion"":""sr-4.2""}",636,2026-02-18 06:39:47.143086-05:00
744,961,SENTINEL,363,MEDIUM,"ADDRESS_MISMATCH,EMAIL_AGE_LOW,IP_PROXY,VELOCITY_APPLICANT","{""requestId"":""sen-ee3fd3c2"",""score"":363,""band"":""MEDIUM"",""reasonCodes"":[""ADDRESS_MISMATCH"",""EMAIL_AGE_LOW"",""IP_PROXY"",""VELOCITY_APPLICANT""],""modelVersion"":""sr-4.2""}",567,2026-02-18 05:52:30.568283-05:00
745,962,SENTINEL,335,LOW,ADDRESS_MISMATCH,"{""requestId"":""sen-8c774d74"",""score"":335,""band"":""LOW"",""reasonCodes"":[""ADDRESS_MISMATCH""],""modelVersion"":""sr-4.1""}",3942,2026-02-18 04:02:53.382895-05:00
746,963,SENTINEL,117,LOW,VELOCITY_APPLICANT,"{""requestId"":""sen-2aaec726"",""score"":117,""band"":""LOW"",""reasonCodes"":[""VELOCITY_APPLICANT""],""modelVersion"":""sr-4.2""}",396,2026-02-18 08:47:21.666784-05:00
747,964,SENTINEL,453,MEDIUM,"IDENTITY_MISMATCH,ADDRESS_MISMATCH,SYNTHETIC_ID_PATTERN,DEVICE_REPUTATION","{""requestId"":""sen-c8e640d7"",""score"":453,""band"":""MEDIUM"",""reasonCodes"":[""IDENTITY_MISMATCH"",""ADDRESS_MISMATCH"",""SYNTHETIC_ID_PATTERN"",""DEVICE_REPUTATION""],""modelVersion"":""sr-4.2""}",350,2026-02-18 09:16:15.556506-05:00
748,965,SENTINEL,311,LOW,"BANK_ACCOUNT_AGE,ADDRESS_MISMATCH","{""requestId"":""sen-671dba89"",""score"":311,""band"":""LOW"",""reasonCodes"":[""BANK_ACCOUNT_AGE"",""ADDRESS_MISMATCH""],""modelVersion"":""sr-4.2""}",261,2026-02-18 09:52:19.292932-05:00
749,966,SENTINEL,207,LOW,"BANK_ACCOUNT_AGE,EMAIL_AGE_LOW","{""requestId"":""sen-0555343b"",""score"":207,""band"":""LOW"",""reasonCodes"":[""BANK_ACCOUNT_AGE"",""EMAIL_AGE_LOW""],""modelVersion"":""sr-4.2""}",371,2026-02-18 07:30:03.211655-05:00
750,967,SENTINEL,169,LOW,BANK_ACCOUNT_AGE,"{""requestId"":""sen-a38cadec"",""score"":169,""band"":""LOW"",""reasonCodes"":[""BANK_ACCOUNT_AGE""],""modelVersion"":""sr-4.1""}",733,2026-02-18 12:32:46.127309-05:00
751,968,SENTINEL,460,MEDIUM,"BANK_ACCOUNT_AGE,DEVICE_REPUTATION,ADDRESS_MISMATCH,SYNTHETIC_ID_PATTERN","{""requestId"":""sen-41c4279e"",""score"":460,""band"":""MEDIUM"",""reasonCodes"":[""BANK_ACCOUNT_AGE"",""DEVICE_REPUTATION"",""ADDRESS_MISMATCH"",""SYNTHETIC_ID_PATTERN""],""modelVersion"":""sr-4.1""}",3196,2026-02-18 09:54:33.783334-05:00
752,969,SENTINEL,435,MEDIUM,"PHONE_CARRIER_RISK,IDENTITY_MISMATCH","{""requestId"":""sen-dffba14f"",""score"":435,""band"":""MEDIUM"",""reasonCodes"":[""PHONE_CARRIER_RISK"",""IDENTITY_MISMATCH""],""modelVersion"":""sr-4.2""}",173,2026-02-18 10:21:57.442468-05:00
753,970,SENTINEL,348,LOW,"IDENTITY_MISMATCH,EMAIL_AGE_LOW","{""requestId"":""sen-7e331b01"",""score"":348,""band"":""LOW"",""reasonCodes"":[""IDENTITY_MISMATCH"",""EMAIL_AGE_LOW""],""modelVersion"":""sr-4.2""}",168,2026-02-18 10:16:30.822058-05:00
754,971,SENTINEL,388,MEDIUM,"VELOCITY_APPLICANT,DEVICE_REPUTATION,IDENTITY_MISMATCH","{""requestId"":""sen-1c6a94b3"",""score"":388,""band"":""MEDIUM"",""reasonCodes"":[""VELOCITY_APPLICANT"",""DEVICE_REPUTATION"",""IDENTITY_MISMATCH""],""modelVersion"":""sr-4.2""}",262,2026-02-18 09:41:41.570750-05:00
755,973,SENTINEL,640,MEDIUM,"BANK_ACCOUNT_AGE,SYNTHETIC_ID_PATTERN,DEVICE_REPUTATION","{""requestId"":""sen-58d98816"",""score"":640,""band"":""MEDIUM"",""reasonCodes"":[""BANK_ACCOUNT_AGE"",""SYNTHETIC_ID_PATTERN"",""DEVICE_REPUTATION""],""modelVersion"":""sr-4.2""}",535,2026-02-18 10:56:08.577512-05:00
756,974,SENTINEL,1,LOW,,"{""requestId"":""sen-f71101c7"",""score"":1,""band"":""LOW"",""reasonCodes"":null,""modelVersion"":""sr-4.2""}",229,2026-02-18 13:46:54.682541-05:00
757,975,SENTINEL,59,LOW,,"{""requestId"":""sen-95487b79"",""score"":59,""band"":""LOW"",""reasonCodes"":null,""modelVersion"":""sr-4.2""}",2648,2026-02-18 14:05:09.080649-05:00
758,976,SENTINEL,156,LOW,"BANK_ACCOUNT_AGE,IDENTITY_MISMATCH,EMAIL_AGE_LOW,DEVICE_REPUTATION","{""requestId"":""sen-337ff52b"",""score"":156,""band"":""LOW"",""reasonCodes"":[""BANK_ACCOUNT_AGE"",""IDENTITY_MISMATCH"",""EMAIL_AGE_LOW"",""DEVICE_REPUTATION""],""modelVersion"":""sr-4.2""}",87,2026-02-18 14:21:44.130739-05:00
759,977,SENTINEL,614,MEDIUM,"BANK_ACCOUNT_AGE,ADDRESS_MISMATCH,DEVICE_REPUTATION,EMAIL_AGE_LOW","{""requestId"":""sen-d1b76edc"",""score"":614,""band"":""MEDIUM"",""reasonCodes"":[""BANK_ACCOUNT_AGE"",""ADDRESS_MISMATCH"",""DEVICE_REPUTATION"",""EMAIL_AGE_LOW""],""modelVersion"":""sr-4.1""}",294,2026-02-18 10:28:58.647743-05:00
760,978,SENTINEL,591,MEDIUM,,"{""requestId"":""sen-6feee88e"",""score"":591,""band"":""MEDIUM"",""reasonCodes"":null,""modelVersion"":""sr-4.2""}",2880,2026-02-18 11:08:51.830072-05:00
761,979,SENTINEL,101,LOW,"IDENTITY_MISMATCH,DEVICE_REPUTATION","{""requestId"":""sen-0e266240"",""score"":101,""band"":""LOW"",""reasonCodes"":[""IDENTITY_MISMATCH"",""DEVICE_REPUTATION""],""modelVersion"":""sr-4.2""}",190,2026-02-18 13:22:23.455829-05:00
762,983,SENTINEL,443,MEDIUM,"PHONE_CARRIER_RISK,ADDRESS_MISMATCH","{""requestId"":""sen-87044906"",""score"":443,""band"":""MEDIUM"",""reasonCodes"":[""PHONE_CARRIER_RISK"",""ADDRESS_MISMATCH""],""modelVersion"":""sr-4.1""}",2037,2026-02-18 13:21:01.880635-05:00
763,984,SENTINEL,25,LOW,"SYNTHETIC_ID_PATTERN,EMAIL_AGE_LOW,BANK_ACCOUNT_AGE","{""requestId"":""sen-253bc2b8"",""score"":25,""band"":""LOW"",""reasonCodes"":[""SYNTHETIC_ID_PATTERN"",""EMAIL_AGE_LOW"",""BANK_ACCOUNT_AGE""],""modelVersion"":""sr-4.2""}",1077,2026-02-18 13:10:57.385485-05:00
764,985,SENTINEL,313,LOW,"PHONE_CARRIER_RISK,VELOCITY_APPLICANT,IDENTITY_MISMATCH","{""requestId"":""sen-c3733c69"",""score"":313,""band"":""LOW"",""reasonCodes"":[""PHONE_CARRIER_RISK"",""VELOCITY_APPLICANT"",""IDENTITY_MISMATCH""],""modelVersion"":""sr-4.2""}",342,2026-02-18 12:38:24.793004-05:00
765,986,SENTINEL,535,MEDIUM,BANK_ACCOUNT_AGE,"{""requestId"":""sen-61aab61b"",""score"":535,""band"":""MEDIUM"",""reasonCodes"":[""BANK_ACCOUNT_AGE""],""modelVersion"":""sr-4.2""}",952,2026-02-18 14:07:29.623483-05:00
766,987,SENTINEL,385,MEDIUM,"IDENTITY_MISMATCH,PHONE_CARRIER_RISK,ADDRESS_MISMATCH","{""requestId"":""sen-ffe22fcc"",""score"":385,""band"":""MEDIUM"",""reasonCodes"":[""IDENTITY_MISMATCH"",""PHONE_CARRIER_RISK"",""ADDRESS_MISMATCH""],""modelVersion"":""sr-4.2""}",600,2026-02-18 15:36:36.677414-05:00
767,988,SENTINEL,607,MEDIUM,,"{""requestId"":""sen-9e19a97e"",""score"":607,""band"":""MEDIUM"",""reasonCodes"":null,""modelVersion"":""sr-4.2""}",342,2026-02-18 15:16:25.335222-05:00
768,990,SENTINEL,43,LOW,"ADDRESS_MISMATCH,SYNTHETIC_ID_PATTERN,DEVICE_REPUTATION","{""requestId"":""sen-da889ce1"",""score"":43,""band"":""LOW"",""reasonCodes"":[""ADDRESS_MISMATCH"",""SYNTHETIC_ID_PATTERN"",""DEVICE_REPUTATION""],""modelVersion"":""sr-4.2""}",512,2026-02-18 13:53:22.731978-05:00
769,991,SENTINEL,334,LOW,"BANK_ACCOUNT_AGE,IDENTITY_MISMATCH","{""requestId"":""sen-78c01693"",""score"":334,""band"":""LOW"",""reasonCodes"":[""BANK_ACCOUNT_AGE"",""IDENTITY_MISMATCH""],""modelVersion"":""sr-4.2""}",291,2026-02-18 13:50:13.039744-05:00
770,992,SENTINEL,307,LOW,"EMAIL_AGE_LOW,IDENTITY_MISMATCH","{""requestId"":""sen-16f79045"",""score"":307,""band"":""LOW"",""reasonCodes"":[""EMAIL_AGE_LOW"",""IDENTITY_MISMATCH""],""modelVersion"":""sr-4.1""}",335,2026-02-18 15:25:36.100000-05:00
771,993,SENTINEL,505,MEDIUM,"SYNTHETIC_ID_PATTERN,IDENTITY_MISMATCH,ADDRESS_MISMATCH,EMAIL_AGE_LOW","{""requestId"":""sen-b52f09f6"",""score"":505,""band"":""MEDIUM"",""reasonCodes"":[""SYNTHETIC_ID_PATTERN"",""IDENTITY_MISMATCH"",""ADDRESS_MISMATCH"",""EMAIL_AGE_LOW""],""modelVersion"":""sr-4.1""}",1893,2026-02-18 13:22:53.801161-05:00
772,994,SENTINEL,453,MEDIUM,ADDRESS_MISMATCH,"{""requestId"":""sen-536683a8"",""score"":453,""band"":""MEDIUM"",""reasonCodes"":[""ADDRESS_MISMATCH""],""modelVersion"":""sr-4.2""}",66,2026-02-18 12:02:07.632614-05:00
773,995,SENTINEL,744,HIGH,,"{""requestId"":""sen-f19dfd59"",""score"":744,""band"":""HIGH"",""reasonCodes"":null,""modelVersion"":""sr-4.1""}",1861,2026-02-18 15:57:07.129873-05:00
774,996,SENTINEL,233,LOW,"IP_PROXY,DEVICE_REPUTATION","{""requestId"":""sen-8fd5770b"",""score"":233,""band"":""LOW"",""reasonCodes"":[""IP_PROXY"",""DEVICE_REPUTATION""],""modelVersion"":""sr-4.2""}",174,2026-02-18 15:04:56.748297-05:00
775,997,SENTINEL,278,LOW,IP_PROXY,"{""requestId"":""sen-2e0cf0bd"",""score"":278,""band"":""LOW"",""reasonCodes"":[""IP_PROXY""],""modelVersion"":""sr-4.2""}",1361,2026-02-18 15:07:16.262934-05:00
776,998,SENTINEL,608,MEDIUM,"IDENTITY_MISMATCH,SYNTHETIC_ID_PATTERN,ADDRESS_MISMATCH","{""requestId"":""sen-cc446a6e"",""score"":608,""band"":""MEDIUM"",""reasonCodes"":[""IDENTITY_MISMATCH"",""SYNTHETIC_ID_PATTERN"",""ADDRESS_MISMATCH""],""modelVersion"":""sr-4.2""}",374,2026-02-18 14:36:40.892481-05:00
777,1000,SENTINEL,440,MEDIUM,"EMAIL_AGE_LOW,SYNTHETIC_ID_PATTERN","{""requestId"":""sen-08b35dd2"",""score"":440,""band"":""MEDIUM"",""reasonCodes"":[""EMAIL_AGE_LOW"",""SYNTHETIC_ID_PATTERN""],""modelVersion"":""sr-4.2""}",238,2026-02-18 16:49:17.641139-05:00
778,1002,SENTINEL,372,MEDIUM,"IDENTITY_MISMATCH,BANK_ACCOUNT_AGE","{""requestId"":""sen-45225135"",""score"":372,""band"":""MEDIUM"",""reasonCodes"":[""IDENTITY_MISMATCH"",""BANK_ACCOUNT_AGE""],""modelVersion"":""sr-4.2""}",360,2026-02-18 16:38:38.835930-05:00
779,1003,SENTINEL,259,LOW,"DEVICE_REPUTATION,VELOCITY_APPLICANT,BANK_ACCOUNT_AGE,SYNTHETIC_ID_PATTERN","{""requestId"":""sen-e359cae6"",""score"":259,""band"":""LOW"",""reasonCodes"":[""DEVICE_REPUTATION"",""VELOCITY_APPLICANT"",""BANK_ACCOUNT_AGE"",""SYNTHETIC_ID_PATTERN""],""modelVersion"":""sr-4.2""}",669,2026-02-18 17:03:18.438483-05:00
780,1005,SENTINEL,119,LOW,"IP_PROXY,IDENTITY_MISMATCH","{""requestId"":""sen-1fc8be4a"",""score"":119,""band"":""LOW"",""reasonCodes"":[""IP_PROXY"",""IDENTITY_MISMATCH""],""modelVersion"":""sr-4.2""}",241,2026-02-18 15:10:04.928192-05:00
781,1006,SENTINEL,609,MEDIUM,IDENTITY_MISMATCH,"{""requestId"":""sen-be0037fb"",""score"":609,""band"":""MEDIUM"",""reasonCodes"":[""IDENTITY_MISMATCH""],""modelVersion"":""sr-4.2""}",939,2026-02-18 15:33:50.618915-05:00
782,1007,SENTINEL,264,LOW,"BANK_ACCOUNT_AGE,EMAIL_AGE_LOW,IP_PROXY","{""requestId"":""sen-5c37b1ad"",""score"":264,""band"":""LOW"",""reasonCodes"":[""BANK_ACCOUNT_AGE"",""EMAIL_AGE_LOW"",""IP_PROXY""],""modelVersion"":""sr-4.2""}",1810,2026-02-18 17:45:54.729598-05:00
783,1009,SENTINEL,291,LOW,IP_PROXY,"{""requestId"":""sen-98a6a510"",""score"":291,""band"":""LOW"",""reasonCodes"":[""IP_PROXY""],""modelVersion"":""sr-4.1""}",232,2026-02-18 14:58:25.445647-05:00
784,1010,SENTINEL,153,LOW,"BANK_ACCOUNT_AGE,SYNTHETIC_ID_PATTERN,ADDRESS_MISMATCH,PHONE_CARRIER_RISK","{""requestId"":""sen-36de1ec2"",""score"":153,""band"":""LOW"",""reasonCodes"":[""BANK_ACCOUNT_AGE"",""SYNTHETIC_ID_PATTERN"",""ADDRESS_MISMATCH"",""PHONE_CARRIER_RISK""],""modelVersion"":""sr-4.2""}",128,2026-02-18 15:42:34.386730-05:00
785,1011,SENTINEL,205,LOW,"BANK_ACCOUNT_AGE,SYNTHETIC_ID_PATTERN","{""requestId"":""sen-d5159873"",""score"":205,""band"":""LOW"",""reasonCodes"":[""BANK_ACCOUNT_AGE"",""SYNTHETIC_ID_PATTERN""],""modelVersion"":""sr-4.2""}",2130,2026-02-18 18:30:48.261418-05:00
786,1012,SENTINEL,338,LOW,IDENTITY_MISMATCH,"{""requestId"":""sen-734d1225"",""score"":338,""band"":""LOW"",""reasonCodes"":[""IDENTITY_MISMATCH""],""modelVersion"":""sr-4.1""}",183,2026-02-18 20:06:40.110927-05:00
787,1013,SENTINEL,93,LOW,"SYNTHETIC_ID_PATTERN,PHONE_CARRIER_RISK","{""requestId"":""sen-11848bd7"",""score"":93,""band"":""LOW"",""reasonCodes"":[""SYNTHETIC_ID_PATTERN"",""PHONE_CARRIER_RISK""],""modelVersion"":""sr-4.2""}",1004,2026-02-18 19:25:41.457616-05:00
788,1014,SENTINEL,575,MEDIUM,VELOCITY_APPLICANT,"{""requestId"":""sen-afbc0588"",""score"":575,""band"":""MEDIUM"",""reasonCodes"":[""VELOCITY_APPLICANT""],""modelVersion"":""sr-4.1""}",1128,2026-02-18 15:57:58.226186-05:00
789,1015,SENTINEL,378,MEDIUM,IDENTITY_MISMATCH,"{""requestId"":""sen-4df37f3a"",""score"":378,""band"":""MEDIUM"",""reasonCodes"":[""IDENTITY_MISMATCH""],""modelVersion"":""sr-4.2""}",223,2026-02-18 20:05:30.835221-05:00
790,1016,SENTINEL,129,LOW,BANK_ACCOUNT_AGE,"{""requestId"":""sen-ec2af8eb"",""score"":129,""band"":""LOW"",""reasonCodes"":[""BANK_ACCOUNT_AGE""],""modelVersion"":""sr-4.1""}",185,2026-02-18 20:18:51.705044-05:00
791,1017,SENTINEL,65,LOW,"BANK_ACCOUNT_AGE,ADDRESS_MISMATCH,IP_PROXY,PHONE_CARRIER_RISK","{""requestId"":""sen-8a62729d"",""score"":65,""band"":""LOW"",""reasonCodes"":[""BANK_ACCOUNT_AGE"",""ADDRESS_MISMATCH"",""IP_PROXY"",""PHONE_CARRIER_RISK""],""modelVersion"":""sr-4.1""}",393,2026-02-18 18:31:34.107507-05:00
792,1020,SENTINEL,426,MEDIUM,"VELOCITY_APPLICANT,EMAIL_AGE_LOW,IP_PROXY,ADDRESS_MISMATCH","{""requestId"":""sen-6508dfb2"",""score"":426,""band"":""MEDIUM"",""reasonCodes"":[""VELOCITY_APPLICANT"",""EMAIL_AGE_LOW"",""IP_PROXY"",""ADDRESS_MISMATCH""],""modelVersion"":""sr-4.2""}",76,2026-02-18 19:04:34.985535-05:00
793,1022,SENTINEL,576,MEDIUM,ADDRESS_MISMATCH,"{""requestId"":""sen-a177d315"",""score"":576,""band"":""MEDIUM"",""reasonCodes"":[""ADDRESS_MISMATCH""],""modelVersion"":""sr-4.2""}",1686,2026-02-18 18:48:20.767578-05:00
794,1023,SENTINEL,467,MEDIUM,"SYNTHETIC_ID_PATTERN,PHONE_CARRIER_RISK,IDENTITY_MISMATCH,EMAIL_AGE_LOW","{""requestId"":""sen-3faf4cc7"",""score"":467,""band"":""MEDIUM"",""reasonCodes"":[""SYNTHETIC_ID_PATTERN"",""PHONE_CARRIER_RISK"",""IDENTITY_MISMATCH"",""EMAIL_AGE_LOW""],""modelVersion"":""sr-4.2""}",1304,2026-02-18 20:18:52.818964-05:00
795,1024,SENTINEL,675,HIGH,SYNTHETIC_ID_PATTERN,"{""requestId"":""sen-dde6c678"",""score"":675,""band"":""HIGH"",""reasonCodes"":[""SYNTHETIC_ID_PATTERN""],""modelVersion"":""sr-4.2""}",2106,2026-02-18 18:35:20.558306-05:00
796,1026,SENTINEL,422,MEDIUM,IP_PROXY,"{""requestId"":""sen-1a55b9dc"",""score"":422,""band"":""MEDIUM"",""reasonCodes"":[""IP_PROXY""],""modelVersion"":""sr-4.2""}",283,2026-02-18 18:31:21.267493-05:00
797,1027,SENTINEL,1,LOW,,"{""requestId"":""sen-b88d338d"",""score"":1,""band"":""LOW"",""reasonCodes"":null,""modelVersion"":""sr-4.1""}",1283,2026-02-18 22:49:06.768834-05:00
798,1028,SENTINEL,249,LOW,"DEVICE_REPUTATION,BANK_ACCOUNT_AGE","{""requestId"":""sen-56c4ad3f"",""score"":249,""band"":""LOW"",""reasonCodes"":[""DEVICE_REPUTATION"",""BANK_ACCOUNT_AGE""],""modelVersion"":""sr-4.2""}",1204,2026-02-18 20:43:41.902683-05:00
799,1029,SENTINEL,1,LOW,"BANK_ACCOUNT_AGE,DEVICE_REPUTATION,EMAIL_AGE_LOW","{""requestId"":""sen-f4fc26f0"",""score"":1,""band"":""LOW"",""reasonCodes"":[""BANK_ACCOUNT_AGE"",""DEVICE_REPUTATION"",""EMAIL_AGE_LOW""],""modelVersion"":""sr-4.2""}",200,2026-02-18 20:48:49.089898-05:00
800,1031,SENTINEL,573,MEDIUM,"PHONE_CARRIER_RISK,VELOCITY_APPLICANT,SYNTHETIC_ID_PATTERN","{""requestId"":""sen-316b1a54"",""score"":573,""band"":""MEDIUM"",""reasonCodes"":[""PHONE_CARRIER_RISK"",""VELOCITY_APPLICANT"",""SYNTHETIC_ID_PATTERN""],""modelVersion"":""sr-4.2""}",1938,2026-02-18 22:27:14.919098-05:00
801,1032,SENTINEL,328,LOW,VELOCITY_APPLICANT,"{""requestId"":""sen-cfa29405"",""score"":328,""band"":""LOW"",""reasonCodes"":[""VELOCITY_APPLICANT""],""modelVersion"":""sr-4.2""}",177,2026-02-19 00:22:57.503635-05:00
802,1033,SENTINEL,336,LOW,"PHONE_CARRIER_RISK,ADDRESS_MISMATCH","{""requestId"":""sen-6dda0db7"",""score"":336,""band"":""LOW"",""reasonCodes"":[""PHONE_CARRIER_RISK"",""ADDRESS_MISMATCH""],""modelVersion"":""sr-4.1""}",256,2026-02-19 01:24:48.503882-05:00
803,1036,SENTINEL,497,MEDIUM,"SYNTHETIC_ID_PATTERN,IDENTITY_MISMATCH,DEVICE_REPUTATION,PHONE_CARRIER_RISK","{""requestId"":""sen-48807acc"",""score"":497,""band"":""MEDIUM"",""reasonCodes"":[""SYNTHETIC_ID_PATTERN"",""IDENTITY_MISMATCH"",""DEVICE_REPUTATION"",""PHONE_CARRIER_RISK""],""modelVersion"":""sr-4.2""}",1621,2026-02-19 04:43:32.443996-05:00
804,1038,SENTINEL,476,MEDIUM,"PHONE_CARRIER_RISK,IP_PROXY,ADDRESS_MISMATCH","{""requestId"":""sen-84ef6e2f"",""score"":476,""band"":""MEDIUM"",""reasonCodes"":[""PHONE_CARRIER_RISK"",""IP_PROXY"",""ADDRESS_MISMATCH""],""modelVersion"":""sr-4.1""}",386,2026-02-19 07:51:27.216125-05:00
805,1040,SENTINEL,396,MEDIUM,VELOCITY_APPLICANT,"{""requestId"":""sen-c15e6192"",""score"":396,""band"":""MEDIUM"",""reasonCodes"":[""VELOCITY_APPLICANT""],""modelVersion"":""sr-4.2""}",2670,2026-02-19 10:07:08.764915-05:00
806,1041,SENTINEL,491,MEDIUM,IDENTITY_MISMATCH,"{""requestId"":""sen-5f95db44"",""score"":491,""band"":""MEDIUM"",""reasonCodes"":[""IDENTITY_MISMATCH""],""modelVersion"":""sr-4.2""}",427,2026-02-19 09:52:57.469099-05:00
807,1042,SENTINEL,157,LOW,"SYNTHETIC_ID_PATTERN,IP_PROXY,IDENTITY_MISMATCH,PHONE_CARRIER_RISK","{""requestId"":""sen-fdcd54f5"",""score"":157,""band"":""LOW"",""reasonCodes"":[""SYNTHETIC_ID_PATTERN"",""IP_PROXY"",""IDENTITY_MISMATCH"",""PHONE_CARRIER_RISK""],""modelVersion"":""sr-4.2""}",1422,2026-02-19 07:27:16.677395-05:00
808,1043,SENTINEL,267,LOW,"IDENTITY_MISMATCH,IP_PROXY","{""requestId"":""sen-9c04cea7"",""score"":267,""band"":""LOW"",""reasonCodes"":[""IDENTITY_MISMATCH"",""IP_PROXY""],""modelVersion"":""sr-4.1""}",1155,2026-02-19 08:30:33.298083-05:00
809,1045,SENTINEL,469,MEDIUM,DEVICE_REPUTATION,"{""requestId"":""sen-d873c20a"",""score"":469,""band"":""MEDIUM"",""reasonCodes"":[""DEVICE_REPUTATION""],""modelVersion"":""sr-4.2""}",85,2026-02-19 10:02:38.545721-05:00
810,1046,SENTINEL,567,MEDIUM,ADDRESS_MISMATCH,"{""requestId"":""sen-76ab3bbc"",""score"":567,""band"":""MEDIUM"",""reasonCodes"":[""ADDRESS_MISMATCH""],""modelVersion"":""sr-4.2""}",377,2026-02-19 10:24:15.142145-05:00
811,1047,SENTINEL,369,MEDIUM,"BANK_ACCOUNT_AGE,PHONE_CARRIER_RISK,ADDRESS_MISMATCH","{""requestId"":""sen-14e2b56e"",""score"":369,""band"":""MEDIUM"",""reasonCodes"":[""BANK_ACCOUNT_AGE"",""PHONE_CARRIER_RISK"",""ADDRESS_MISMATCH""],""modelVersion"":""sr-4.2""}",390,2026-02-19 13:41:20.134387-05:00
812,1048,SENTINEL,222,LOW,"ADDRESS_MISMATCH,BANK_ACCOUNT_AGE","{""requestId"":""sen-b31a2f1f"",""score"":222,""band"":""LOW"",""reasonCodes"":[""ADDRESS_MISMATCH"",""BANK_ACCOUNT_AGE""],""modelVersion"":""sr-4.2""}",286,2026-02-19 13:47:28.464369-05:00
813,1050,SENTINEL,393,MEDIUM,BANK_ACCOUNT_AGE,"{""requestId"":""sen-ef892282"",""score"":393,""band"":""MEDIUM"",""reasonCodes"":[""BANK_ACCOUNT_AGE""],""modelVersion"":""sr-4.2""}",384,2026-02-19 11:52:51.491800-05:00
814,1051,SENTINEL,429,MEDIUM,,"{""requestId"":""sen-8dc09c34"",""score"":429,""band"":""MEDIUM"",""reasonCodes"":null,""modelVersion"":""sr-4.2""}",1669,2026-02-19 14:33:19.759671-05:00
815,1052,SENTINEL,658,HIGH,,"{""requestId"":""sen-2bf815e6"",""score"":658,""band"":""HIGH"",""reasonCodes"":null,""modelVersion"":""sr-4.1""}",1008,2026-02-19 13:35:16.875872-05:00
816,1053,SENTINEL,403,MEDIUM,,"{""requestId"":""sen-ca2f8f97"",""score"":403,""band"":""MEDIUM"",""reasonCodes"":null,""modelVersion"":""sr-4.1""}",473,2026-02-19 12:41:31.901565-05:00
817,1054,SENTINEL,256,LOW,ADDRESS_MISMATCH,"{""requestId"":""sen-68670949"",""score"":256,""band"":""LOW"",""reasonCodes"":[""ADDRESS_MISMATCH""],""modelVersion"":""sr-4.1""}",1012,2026-02-19 11:16:38.836132-05:00
818,1055,SENTINEL,380,MEDIUM,,"{""requestId"":""sen-069e82fb"",""score"":380,""band"":""MEDIUM"",""reasonCodes"":null,""modelVersion"":""sr-4.2""}",1080,2026-02-19 10:50:49.615394-05:00
819,1057,SENTINEL,211,LOW,"SYNTHETIC_ID_PATTERN,ADDRESS_MISMATCH,PHONE_CARRIER_RISK,IDENTITY_MISMATCH","{""requestId"":""sen-430d765e"",""score"":211,""band"":""LOW"",""reasonCodes"":[""SYNTHETIC_ID_PATTERN"",""ADDRESS_MISMATCH"",""PHONE_CARRIER_RISK"",""IDENTITY_MISMATCH""],""modelVersion"":""sr-4.2""}",127,2026-02-19 11:17:46.607854-05:00
820,1058,SENTINEL,263,LOW,,"{""requestId"":""sen-e144f00f"",""score"":263,""band"":""LOW"",""reasonCodes"":null,""modelVersion"":""sr-4.2""}",73,2026-02-19 11:32:15.242788-05:00
821,1059,SENTINEL,253,LOW,"PHONE_CARRIER_RISK,DEVICE_REPUTATION,IDENTITY_MISMATCH","{""requestId"":""sen-7f7c69c1"",""score"":253,""band"":""LOW"",""reasonCodes"":[""PHONE_CARRIER_RISK"",""DEVICE_REPUTATION"",""IDENTITY_MISMATCH""],""modelVersion"":""sr-4.2""}",307,2026-02-19 11:18:15.035161-05:00
822,1061,SENTINEL,289,LOW,BANK_ACCOUNT_AGE,"{""requestId"":""sen-bbeb5d24"",""score"":289,""band"":""LOW"",""reasonCodes"":[""BANK_ACCOUNT_AGE""],""modelVersion"":""sr-4.1""}",71,2026-02-19 11:32:21.075853-05:00
823,1063,SENTINEL,1,LOW,,"{""requestId"":""sen-f85a5087"",""score"":1,""band"":""LOW"",""reasonCodes"":null,""modelVersion"":""sr-4.2""}",212,2026-02-19 16:11:20.767954-05:00
824,1064,SENTINEL,381,MEDIUM,"EMAIL_AGE_LOW,DEVICE_REPUTATION","{""requestId"":""sen-9691ca39"",""score"":381,""band"":""MEDIUM"",""reasonCodes"":[""EMAIL_AGE_LOW"",""DEVICE_REPUTATION""],""modelVersion"":""sr-4.1""}",705,2026-02-19 16:04:58.082190-05:00
825,1066,SENTINEL,432,MEDIUM,"PHONE_CARRIER_RISK,BANK_ACCOUNT_AGE,EMAIL_AGE_LOW","{""requestId"":""sen-d300bd9c"",""score"":432,""band"":""MEDIUM"",""reasonCodes"":[""PHONE_CARRIER_RISK"",""BANK_ACCOUNT_AGE"",""EMAIL_AGE_LOW""],""modelVersion"":""sr-4.2""}",345,2026-02-19 14:01:40.098949-05:00
826,1068,SENTINEL,652,HIGH,"IP_PROXY,VELOCITY_APPLICANT,EMAIL_AGE_LOW","{""requestId"":""sen-0f6fb100"",""score"":652,""band"":""HIGH"",""reasonCodes"":[""IP_PROXY"",""VELOCITY_APPLICANT"",""EMAIL_AGE_LOW""],""modelVersion"":""sr-4.1""}",419,2026-02-19 15:39:10.962566-05:00
827,1069,SENTINEL,192,LOW,"BANK_ACCOUNT_AGE,PHONE_CARRIER_RISK","{""requestId"":""sen-ada72ab1"",""score"":192,""band"":""LOW"",""reasonCodes"":[""BANK_ACCOUNT_AGE"",""PHONE_CARRIER_RISK""],""modelVersion"":""sr-4.1""}",92,2026-02-19 14:54:04.469015-05:00
828,1070,SENTINEL,57,LOW,"IP_PROXY,EMAIL_AGE_LOW,IDENTITY_MISMATCH","{""requestId"":""sen-4bdea463"",""score"":57,""band"":""LOW"",""reasonCodes"":[""IP_PROXY"",""EMAIL_AGE_LOW"",""IDENTITY_MISMATCH""],""modelVersion"":""sr-4.2""}",199,2026-02-19 15:20:23.939630-05:00
829,1071,SENTINEL,484,MEDIUM,"DEVICE_REPUTATION,PHONE_CARRIER_RISK","{""requestId"":""sen-ea161e14"",""score"":484,""band"":""MEDIUM"",""reasonCodes"":[""DEVICE_REPUTATION"",""PHONE_CARRIER_RISK""],""modelVersion"":""sr-4.2""}",250,2026-02-19 15:26:52.186734-05:00
830,1072,SENTINEL,312,LOW,"DEVICE_REPUTATION,BANK_ACCOUNT_AGE,ADDRESS_MISMATCH","{""requestId"":""sen-884d97c6"",""score"":312,""band"":""LOW"",""reasonCodes"":[""DEVICE_REPUTATION"",""BANK_ACCOUNT_AGE"",""ADDRESS_MISMATCH""],""modelVersion"":""sr-4.2""}",2108,2026-02-19 17:09:09.720174-05:00
831,1073,SENTINEL,406,MEDIUM,"EMAIL_AGE_LOW,PHONE_CARRIER_RISK,DEVICE_REPUTATION,BANK_ACCOUNT_AGE","{""requestId"":""sen-26851178"",""score"":406,""band"":""MEDIUM"",""reasonCodes"":[""EMAIL_AGE_LOW"",""PHONE_CARRIER_RISK"",""DEVICE_REPUTATION"",""BANK_ACCOUNT_AGE""],""modelVersion"":""sr-4.2""}",362,2026-02-19 13:21:29.607631-05:00
832,1074,SENTINEL,353,MEDIUM,,"{""requestId"":""sen-c4bc8b29"",""score"":353,""band"":""MEDIUM"",""reasonCodes"":null,""modelVersion"":""sr-4.2""}",786,2026-02-19 17:22:47.063618-05:00
833,1075,SENTINEL,407,MEDIUM,"IP_PROXY,SYNTHETIC_ID_PATTERN,PHONE_CARRIER_RISK,DEVICE_REPUTATION","{""requestId"":""sen-62f404db"",""score"":407,""band"":""MEDIUM"",""reasonCodes"":[""IP_PROXY"",""SYNTHETIC_ID_PATTERN"",""PHONE_CARRIER_RISK"",""DEVICE_REPUTATION""],""modelVersion"":""sr-4.2""}",1433,2026-02-19 17:47:35.776721-05:00
834,1076,SENTINEL,347,LOW,PHONE_CARRIER_RISK,"{""requestId"":""sen-012b7e8d"",""score"":347,""band"":""LOW"",""reasonCodes"":[""PHONE_CARRIER_RISK""],""modelVersion"":""sr-4.1""}",462,2026-02-19 14:15:44.450135-05:00
835,1078,SENTINEL,677,HIGH,"IP_PROXY,IDENTITY_MISMATCH,VELOCITY_APPLICANT","{""requestId"":""sen-3d9a71f0"",""score"":677,""band"":""HIGH"",""reasonCodes"":[""IP_PROXY"",""IDENTITY_MISMATCH"",""VELOCITY_APPLICANT""],""modelVersion"":""sr-4.2""}",129,2026-02-19 14:35:24.617905-05:00
836,1079,SENTINEL,132,LOW,VELOCITY_APPLICANT,"{""requestId"":""sen-dbd1eba1"",""score"":132,""band"":""LOW"",""reasonCodes"":[""VELOCITY_APPLICANT""],""modelVersion"":""sr-4.2""}",2761,2026-02-19 17:18:42.656344-05:00
837,1082,SENTINEL,356,MEDIUM,"VELOCITY_APPLICANT,BANK_ACCOUNT_AGE,IP_PROXY,DEVICE_REPUTATION","{""requestId"":""sen-b67858b6"",""score"":356,""band"":""MEDIUM"",""reasonCodes"":[""VELOCITY_APPLICANT"",""BANK_ACCOUNT_AGE"",""IP_PROXY"",""DEVICE_REPUTATION""],""modelVersion"":""sr-4.2""}",157,2026-02-19 16:02:45.741449-05:00
838,1083,SENTINEL,388,MEDIUM,"SYNTHETIC_ID_PATTERN,ADDRESS_MISMATCH,BANK_ACCOUNT_AGE,VELOCITY_APPLICANT","{""requestId"":""sen-54afd268"",""score"":388,""band"":""MEDIUM"",""reasonCodes"":[""SYNTHETIC_ID_PATTERN"",""ADDRESS_MISMATCH"",""BANK_ACCOUNT_AGE"",""VELOCITY_APPLICANT""],""modelVersion"":""sr-4.2""}",74,2026-02-19 17:21:18.170580-05:00
839,1085,SENTINEL,364,MEDIUM,EMAIL_AGE_LOW,"{""requestId"":""sen-911ec5cb"",""score"":364,""band"":""MEDIUM"",""reasonCodes"":[""EMAIL_AGE_LOW""],""modelVersion"":""sr-4.1""}",401,2026-02-19 20:26:52.055071-05:00
840,1086,SENTINEL,240,LOW,BANK_ACCOUNT_AGE,"{""requestId"":""sen-2f563f7d"",""score"":240,""band"":""LOW"",""reasonCodes"":[""BANK_ACCOUNT_AGE""],""modelVersion"":""sr-4.1""}",633,2026-02-19 18:57:21.420901-05:00
841,1088,SENTINEL,407,MEDIUM,"EMAIL_AGE_LOW,PHONE_CARRIER_RISK,IDENTITY_MISMATCH,BANK_ACCOUNT_AGE","{""requestId"":""sen-6bc532e0"",""score"":407,""band"":""MEDIUM"",""reasonCodes"":[""EMAIL_AGE_LOW"",""PHONE_CARRIER_RISK"",""IDENTITY_MISMATCH"",""BANK_ACCOUNT_AGE""],""modelVersion"":""sr-4.2""}",56,2026-02-19 18:31:28.439266-05:00
842,1089,SENTINEL,340,LOW,"PHONE_CARRIER_RISK,IDENTITY_MISMATCH,EMAIL_AGE_LOW","{""requestId"":""sen-09fcac92"",""score"":340,""band"":""LOW"",""reasonCodes"":[""PHONE_CARRIER_RISK"",""IDENTITY_MISMATCH"",""EMAIL_AGE_LOW""],""modelVersion"":""sr-4.2""}",710,2026-02-19 21:31:10.712133-05:00
843,1090,SENTINEL,346,LOW,"BANK_ACCOUNT_AGE,PHONE_CARRIER_RISK","{""requestId"":""sen-a8342643"",""score"":346,""band"":""LOW"",""reasonCodes"":[""BANK_ACCOUNT_AGE"",""PHONE_CARRIER_RISK""],""modelVersion"":""sr-4.2""}",484,2026-02-19 19:03:36.823620-05:00
844,1092,SENTINEL,192,LOW,"SYNTHETIC_ID_PATTERN,DEVICE_REPUTATION,BANK_ACCOUNT_AGE,EMAIL_AGE_LOW","{""requestId"":""sen-e4a319a6"",""score"":192,""band"":""LOW"",""reasonCodes"":[""SYNTHETIC_ID_PATTERN"",""DEVICE_REPUTATION"",""BANK_ACCOUNT_AGE"",""EMAIL_AGE_LOW""],""modelVersion"":""sr-4.2""}",704,2026-02-19 20:30:44.217745-05:00
845,1094,SENTINEL,435,MEDIUM,"IDENTITY_MISMATCH,EMAIL_AGE_LOW","{""requestId"":""sen-21120d0a"",""score"":435,""band"":""MEDIUM"",""reasonCodes"":[""IDENTITY_MISMATCH"",""EMAIL_AGE_LOW""],""modelVersion"":""sr-4.2""}",607,2026-02-19 19:44:26.903520-05:00
846,1095,SENTINEL,305,LOW,"DEVICE_REPUTATION,PHONE_CARRIER_RISK,VELOCITY_APPLICANT,IP_PROXY","{""requestId"":""sen-bf4986bb"",""score"":305,""band"":""LOW"",""reasonCodes"":[""DEVICE_REPUTATION"",""PHONE_CARRIER_RISK"",""VELOCITY_APPLICANT"",""IP_PROXY""],""modelVersion"":""sr-4.1""}",374,2026-02-19 22:10:09.386210-05:00
847,1097,SENTINEL,304,LOW,,"{""requestId"":""sen-fbb87a1e"",""score"":304,""band"":""LOW"",""reasonCodes"":null,""modelVersion"":""sr-4.2""}",329,2026-02-19 22:42:54.153042-05:00
848,1098,SENTINEL,262,LOW,"ADDRESS_MISMATCH,BANK_ACCOUNT_AGE,PHONE_CARRIER_RISK,VELOCITY_APPLICANT","{""requestId"":""sen-99eff3d0"",""score"":262,""band"":""LOW"",""reasonCodes"":[""ADDRESS_MISMATCH"",""BANK_ACCOUNT_AGE"",""PHONE_CARRIER_RISK"",""VELOCITY_APPLICANT""],""modelVersion"":""sr-4.2""}",220,2026-02-19 22:34:05.956338-05:00
849,1100,SENTINEL,496,MEDIUM,"IDENTITY_MISMATCH,SYNTHETIC_ID_PATTERN","{""requestId"":""sen-d65ee733"",""score"":496,""band"":""MEDIUM"",""reasonCodes"":[""IDENTITY_MISMATCH"",""SYNTHETIC_ID_PATTERN""],""modelVersion"":""sr-4.1""}",4451,2026-02-19 20:50:19.033757-05:00
850,1102,SENTINEL,155,LOW,VELOCITY_APPLICANT,"{""requestId"":""sen-12cdda97"",""score"":155,""band"":""LOW"",""reasonCodes"":[""VELOCITY_APPLICANT""],""modelVersion"":""sr-4.1""}",1046,2026-02-20 00:07:24.128231-05:00
851,1104,SENTINEL,363,MEDIUM,"SYNTHETIC_ID_PATTERN,PHONE_CARRIER_RISK,IDENTITY_MISMATCH","{""requestId"":""sen-4f3ccdfa"",""score"":363,""band"":""MEDIUM"",""reasonCodes"":[""SYNTHETIC_ID_PATTERN"",""PHONE_CARRIER_RISK"",""IDENTITY_MISMATCH""],""modelVersion"":""sr-4.2""}",568,2026-02-20 01:50:31.382320-05:00
852,1106,SENTINEL,198,LOW,"BANK_ACCOUNT_AGE,VELOCITY_APPLICANT","{""requestId"":""sen-8babc15d"",""score"":198,""band"":""LOW"",""reasonCodes"":[""BANK_ACCOUNT_AGE"",""VELOCITY_APPLICANT""],""modelVersion"":""sr-4.2""}",479,2026-02-20 02:55:06.705732-05:00
853,1107,SENTINEL,92,LOW,"BANK_ACCOUNT_AGE,IP_PROXY,DEVICE_REPUTATION","{""requestId"":""sen-29e33b0f"",""score"":92,""band"":""LOW"",""reasonCodes"":[""BANK_ACCOUNT_AGE"",""IP_PROXY"",""DEVICE_REPUTATION""],""modelVersion"":""sr-4.1""}",501,2026-02-20 03:24:54.744530-05:00
854,1109,SENTINEL,108,LOW,"IP_PROXY,PHONE_CARRIER_RISK,ADDRESS_MISMATCH","{""requestId"":""sen-66522e72"",""score"":108,""band"":""LOW"",""reasonCodes"":[""IP_PROXY"",""PHONE_CARRIER_RISK"",""ADDRESS_MISMATCH""],""modelVersion"":""sr-4.2""}",668,2026-02-20 06:26:54.831652-05:00
855,1110,SENTINEL,299,LOW,"VELOCITY_APPLICANT,SYNTHETIC_ID_PATTERN","{""requestId"":""sen-0489a824"",""score"":299,""band"":""LOW"",""reasonCodes"":[""VELOCITY_APPLICANT"",""SYNTHETIC_ID_PATTERN""],""modelVersion"":""sr-4.1""}",50,2026-02-20 06:26:16.203630-05:00
856,1111,SENTINEL,355,MEDIUM,"IP_PROXY,DEVICE_REPUTATION","{""requestId"":""sen-a2c121d5"",""score"":355,""band"":""MEDIUM"",""reasonCodes"":[""IP_PROXY"",""DEVICE_REPUTATION""],""modelVersion"":""sr-4.2""}",36,2026-02-20 05:32:02.228305-05:00
857,1112,SENTINEL,491,MEDIUM,"ADDRESS_MISMATCH,DEVICE_REPUTATION","{""requestId"":""sen-40f89b87"",""score"":491,""band"":""MEDIUM"",""reasonCodes"":[""ADDRESS_MISMATCH"",""DEVICE_REPUTATION""],""modelVersion"":""sr-4.2""}",574,2026-02-20 07:50:31.871097-05:00
858,1113,SENTINEL,590,MEDIUM,,"{""requestId"":""sen-df301538"",""score"":590,""band"":""MEDIUM"",""reasonCodes"":null,""modelVersion"":""sr-4.2""}",464,2026-02-20 06:20:56.538745-05:00
859,1114,SENTINEL,262,LOW,"IP_PROXY,ADDRESS_MISMATCH","{""requestId"":""sen-7d678eea"",""score"":262,""band"":""LOW"",""reasonCodes"":[""IP_PROXY"",""ADDRESS_MISMATCH""],""modelVersion"":""sr-4.2""}",1628,2026-02-20 06:35:17.824027-05:00
860,1115,SENTINEL,393,MEDIUM,"BANK_ACCOUNT_AGE,SYNTHETIC_ID_PATTERN","{""requestId"":""sen-1b9f089c"",""score"":393,""band"":""MEDIUM"",""reasonCodes"":[""BANK_ACCOUNT_AGE"",""SYNTHETIC_ID_PATTERN""],""modelVersion"":""sr-4.2""}",1654,2026-02-20 07:36:00.389633-05:00
861,1117,SENTINEL,105,LOW,BANK_ACCOUNT_AGE,"{""requestId"":""sen-580dfbff"",""score"":105,""band"":""LOW"",""reasonCodes"":[""BANK_ACCOUNT_AGE""],""modelVersion"":""sr-4.1""}",172,2026-02-20 12:01:37.026283-05:00
862,1118,SENTINEL,195,LOW,"BANK_ACCOUNT_AGE,IDENTITY_MISMATCH","{""requestId"":""sen-f64575b0"",""score"":195,""band"":""LOW"",""reasonCodes"":[""BANK_ACCOUNT_AGE"",""IDENTITY_MISMATCH""],""modelVersion"":""sr-4.2""}",1255,2026-02-20 10:51:33.165901-05:00
863,1119,SENTINEL,560,MEDIUM,"DEVICE_REPUTATION,IP_PROXY,BANK_ACCOUNT_AGE,ADDRESS_MISMATCH","{""requestId"":""sen-947cef62"",""score"":560,""band"":""MEDIUM"",""reasonCodes"":[""DEVICE_REPUTATION"",""IP_PROXY"",""BANK_ACCOUNT_AGE"",""ADDRESS_MISMATCH""],""modelVersion"":""sr-4.1""}",2040,2026-02-20 10:12:48.641826-05:00
864,1120,SENTINEL,271,LOW,"SYNTHETIC_ID_PATTERN,IDENTITY_MISMATCH,BANK_ACCOUNT_AGE","{""requestId"":""sen-32b46914"",""score"":271,""band"":""LOW"",""reasonCodes"":[""SYNTHETIC_ID_PATTERN"",""IDENTITY_MISMATCH"",""BANK_ACCOUNT_AGE""],""modelVersion"":""sr-4.2""}",322,2026-02-20 10:18:39.849789-05:00
865,1123,SENTINEL,303,LOW,VELOCITY_APPLICANT,"{""requestId"":""sen-0d5ad629"",""score"":303,""band"":""LOW"",""reasonCodes"":[""VELOCITY_APPLICANT""],""modelVersion"":""sr-4.2""}",329,2026-02-20 10:00:55.162719-05:00
866,1126,SENTINEL,459,MEDIUM,BANK_ACCOUNT_AGE,"{""requestId"":""sen-e801433d"",""score"":459,""band"":""MEDIUM"",""reasonCodes"":[""BANK_ACCOUNT_AGE""],""modelVersion"":""sr-4.2""}",271,2026-02-20 11:26:05.918059-05:00
867,1127,SENTINEL,248,LOW,"SYNTHETIC_ID_PATTERN,ADDRESS_MISMATCH,IP_PROXY","{""requestId"":""sen-8638bcef"",""score"":248,""band"":""LOW"",""reasonCodes"":[""SYNTHETIC_ID_PATTERN"",""ADDRESS_MISMATCH"",""IP_PROXY""],""modelVersion"":""sr-4.2""}",209,2026-02-20 14:06:30.638015-05:00
868,1129,SENTINEL,246,LOW,IDENTITY_MISMATCH,"{""requestId"":""sen-c2a7b052"",""score"":246,""band"":""LOW"",""reasonCodes"":[""IDENTITY_MISMATCH""],""modelVersion"":""sr-4.2""}",893,2026-02-20 13:11:10.372708-05:00
869,1130,SENTINEL,340,LOW,,"{""requestId"":""sen-60df2a04"",""score"":340,""band"":""LOW"",""reasonCodes"":null,""modelVersion"":""sr-4.2""}",932,2026-02-20 11:09:34.067375-05:00
870,1131,SENTINEL,240,LOW,"EMAIL_AGE_LOW,PHONE_CARRIER_RISK,DEVICE_REPUTATION","{""requestId"":""sen-ff16a3b5"",""score"":240,""band"":""LOW"",""reasonCodes"":[""EMAIL_AGE_LOW"",""PHONE_CARRIER_RISK"",""DEVICE_REPUTATION""],""modelVersion"":""sr-4.2""}",236,2026-02-20 12:27:55.807718-05:00
871,1132,SENTINEL,383,MEDIUM,"EMAIL_AGE_LOW,SYNTHETIC_ID_PATTERN","{""requestId"":""sen-9d4e1d67"",""score"":383,""band"":""MEDIUM"",""reasonCodes"":[""EMAIL_AGE_LOW"",""SYNTHETIC_ID_PATTERN""],""modelVersion"":""sr-4.2""}",768,2026-02-20 12:40:00.532409-05:00
872,1134,SENTINEL,309,LOW,"VELOCITY_APPLICANT,IP_PROXY,SYNTHETIC_ID_PATTERN,IDENTITY_MISMATCH","{""requestId"":""sen-d9bd10ca"",""score"":309,""band"":""LOW"",""reasonCodes"":[""VELOCITY_APPLICANT"",""IP_PROXY"",""SYNTHETIC_ID_PATTERN"",""IDENTITY_MISMATCH""],""modelVersion"":""sr-4.2""}",123,2026-02-20 13:18:22.489592-05:00
873,1135,SENTINEL,271,LOW,DEVICE_REPUTATION,"{""requestId"":""sen-77f48a7c"",""score"":271,""band"":""LOW"",""reasonCodes"":[""DEVICE_REPUTATION""],""modelVersion"":""sr-4.2""}",163,2026-02-20 11:28:14.133840-05:00
874,1136,SENTINEL,730,HIGH,VELOCITY_APPLICANT,"{""requestId"":""sen-162c042e"",""score"":730,""band"":""HIGH"",""reasonCodes"":[""VELOCITY_APPLICANT""],""modelVersion"":""sr-4.2""}",938,2026-02-20 15:46:31.133170-05:00
875,1137,SENTINEL,589,MEDIUM,SYNTHETIC_ID_PATTERN,"{""requestId"":""sen-b4637ddf"",""score"":589,""band"":""MEDIUM"",""reasonCodes"":[""SYNTHETIC_ID_PATTERN""],""modelVersion"":""sr-4.2""}",628,2026-02-20 14:19:51.934095-05:00
876,1138,SENTINEL,294,LOW,"PHONE_CARRIER_RISK,IP_PROXY,EMAIL_AGE_LOW","{""requestId"":""sen-529af791"",""score"":294,""band"":""LOW"",""reasonCodes"":[""PHONE_CARRIER_RISK"",""IP_PROXY"",""EMAIL_AGE_LOW""],""modelVersion"":""sr-4.1""}",577,2026-02-20 13:27:07.411922-05:00
877,1140,SENTINEL,467,MEDIUM,"BANK_ACCOUNT_AGE,PHONE_CARRIER_RISK","{""requestId"":""sen-8f09eaf4"",""score"":467,""band"":""MEDIUM"",""reasonCodes"":[""BANK_ACCOUNT_AGE"",""PHONE_CARRIER_RISK""],""modelVersion"":""sr-4.2""}",118,2026-02-20 14:42:55.605002-05:00
878,1141,SENTINEL,283,LOW,SYNTHETIC_ID_PATTERN,"{""requestId"":""sen-2d4164a6"",""score"":283,""band"":""LOW"",""reasonCodes"":[""SYNTHETIC_ID_PATTERN""],""modelVersion"":""sr-4.2""}",620,2026-02-20 13:05:33.795233-05:00
879,1142,SENTINEL,48,LOW,"SYNTHETIC_ID_PATTERN,PHONE_CARRIER_RISK,IP_PROXY,IDENTITY_MISMATCH","{""requestId"":""sen-cb78de57"",""score"":48,""band"":""LOW"",""reasonCodes"":[""SYNTHETIC_ID_PATTERN"",""PHONE_CARRIER_RISK"",""IP_PROXY"",""IDENTITY_MISMATCH""],""modelVersion"":""sr-4.1""}",675,2026-02-20 15:46:49.684613-05:00
880,1143,SENTINEL,479,MEDIUM,"IP_PROXY,ADDRESS_MISMATCH,EMAIL_AGE_LOW,SYNTHETIC_ID_PATTERN","{""requestId"":""sen-69b05809"",""score"":479,""band"":""MEDIUM"",""reasonCodes"":[""IP_PROXY"",""ADDRESS_MISMATCH"",""EMAIL_AGE_LOW"",""SYNTHETIC_ID_PATTERN""],""modelVersion"":""sr-4.2""}",28,2026-02-20 15:18:56.073452-05:00
881,1144,SENTINEL,336,LOW,"IDENTITY_MISMATCH,DEVICE_REPUTATION,SYNTHETIC_ID_PATTERN,VELOCITY_APPLICANT","{""requestId"":""sen-07e7d1bb"",""score"":336,""band"":""LOW"",""reasonCodes"":[""IDENTITY_MISMATCH"",""DEVICE_REPUTATION"",""SYNTHETIC_ID_PATTERN"",""VELOCITY_APPLICANT""],""modelVersion"":""sr-4.1""}",616,2026-02-20 16:44:46.091388-05:00
882,1146,SENTINEL,622,MEDIUM,"VELOCITY_APPLICANT,ADDRESS_MISMATCH,BANK_ACCOUNT_AGE","{""requestId"":""sen-4456c51e"",""score"":622,""band"":""MEDIUM"",""reasonCodes"":[""VELOCITY_APPLICANT"",""ADDRESS_MISMATCH"",""BANK_ACCOUNT_AGE""],""modelVersion"":""sr-4.2""}",164,2026-02-20 17:28:31.646849-05:00
883,1147,SENTINEL,226,LOW,"IP_PROXY,BANK_ACCOUNT_AGE,DEVICE_REPUTATION","{""requestId"":""sen-e28e3ecf"",""score"":226,""band"":""LOW"",""reasonCodes"":[""IP_PROXY"",""BANK_ACCOUNT_AGE"",""DEVICE_REPUTATION""],""modelVersion"":""sr-4.2""}",2333,2026-02-20 15:38:07.427373-05:00
884,1148,SENTINEL,390,MEDIUM,,"{""requestId"":""sen-80c5b881"",""score"":390,""band"":""MEDIUM"",""reasonCodes"":null,""modelVersion"":""sr-4.1""}",434,2026-02-20 15:01:50.338097-05:00
885,1149,SENTINEL,312,LOW,"DEVICE_REPUTATION,EMAIL_AGE_LOW,ADDRESS_MISMATCH,VELOCITY_APPLICANT","{""requestId"":""sen-1efd3233"",""score"":312,""band"":""LOW"",""reasonCodes"":[""DEVICE_REPUTATION"",""EMAIL_AGE_LOW"",""ADDRESS_MISMATCH"",""VELOCITY_APPLICANT""],""modelVersion"":""sr-4.2""}",32,2026-02-20 14:52:06.802476-05:00
886,1150,SENTINEL,182,LOW,"IP_PROXY,IDENTITY_MISMATCH,DEVICE_REPUTATION","{""requestId"":""sen-bd34abe4"",""score"":182,""band"":""LOW"",""reasonCodes"":[""IP_PROXY"",""IDENTITY_MISMATCH"",""DEVICE_REPUTATION""],""modelVersion"":""sr-4.1""}",207,2026-02-20 13:59:44.411871-05:00
887,1151,SENTINEL,90,LOW,"DEVICE_REPUTATION,VELOCITY_APPLICANT,PHONE_CARRIER_RISK","{""requestId"":""sen-5b6c2596"",""score"":90,""band"":""LOW"",""reasonCodes"":[""DEVICE_REPUTATION"",""VELOCITY_APPLICANT"",""PHONE_CARRIER_RISK""],""modelVersion"":""sr-4.2""}",1236,2026-02-20 18:00:12.394747-05:00
888,1153,SENTINEL,167,LOW,SYNTHETIC_ID_PATTERN,"{""requestId"":""sen-97db18f9"",""score"":167,""band"":""LOW"",""reasonCodes"":[""SYNTHETIC_ID_PATTERN""],""modelVersion"":""sr-4.1""}",218,2026-02-20 15:09:40.516377-05:00
889,1155,SENTINEL,480,MEDIUM,"DEVICE_REPUTATION,IP_PROXY,EMAIL_AGE_LOW","{""requestId"":""sen-d44a0c5c"",""score"":480,""band"":""MEDIUM"",""reasonCodes"":[""DEVICE_REPUTATION"",""IP_PROXY"",""EMAIL_AGE_LOW""],""modelVersion"":""sr-4.2""}",715,2026-02-20 15:52:59.951936-05:00
890,1156,SENTINEL,425,MEDIUM,"EMAIL_AGE_LOW,IDENTITY_MISMATCH","{""requestId"":""sen-7281860e"",""score"":425,""band"":""MEDIUM"",""reasonCodes"":[""EMAIL_AGE_LOW"",""IDENTITY_MISMATCH""],""modelVersion"":""sr-4.1""}",547,2026-02-20 16:49:29.704348-05:00
891,1157,SENTINEL,439,MEDIUM,"ADDRESS_MISMATCH,IDENTITY_MISMATCH","{""requestId"":""sen-10b8ffc0"",""score"":439,""band"":""MEDIUM"",""reasonCodes"":[""ADDRESS_MISMATCH"",""IDENTITY_MISMATCH""],""modelVersion"":""sr-4.1""}",1506,2026-02-20 15:01:43.053117-05:00
892,1160,SENTINEL,410,MEDIUM,,"{""requestId"":""sen-eb5f6cd4"",""score"":410,""band"":""MEDIUM"",""reasonCodes"":null,""modelVersion"":""sr-4.2""}",325,2026-02-20 18:34:38.625083-05:00
893,1161,SENTINEL,196,LOW,"VELOCITY_APPLICANT,SYNTHETIC_ID_PATTERN,BANK_ACCOUNT_AGE","{""requestId"":""sen-8996e686"",""score"":196,""band"":""LOW"",""reasonCodes"":[""VELOCITY_APPLICANT"",""SYNTHETIC_ID_PATTERN"",""BANK_ACCOUNT_AGE""],""modelVersion"":""sr-4.2""}",976,2026-02-20 16:21:10.389070-05:00
894,1163,SENTINEL,395,MEDIUM,,"{""requestId"":""sen-c605d9e9"",""score"":395,""band"":""MEDIUM"",""reasonCodes"":null,""modelVersion"":""sr-4.2""}",314,2026-02-20 16:19:48.757650-05:00
895,1164,SENTINEL,343,LOW,IDENTITY_MISMATCH,"{""requestId"":""sen-643d539b"",""score"":343,""band"":""LOW"",""reasonCodes"":[""IDENTITY_MISMATCH""],""modelVersion"":""sr-4.2""}",1348,2026-02-20 19:17:06.612521-05:00
896,1165,SENTINEL,662,HIGH,"IP_PROXY,PHONE_CARRIER_RISK,EMAIL_AGE_LOW,VELOCITY_APPLICANT","{""requestId"":""sen-0274cd4d"",""score"":662,""band"":""HIGH"",""reasonCodes"":[""IP_PROXY"",""PHONE_CARRIER_RISK"",""EMAIL_AGE_LOW"",""VELOCITY_APPLICANT""],""modelVersion"":""sr-4.1""}",568,2026-02-20 15:35:55.249635-05:00
897,1166,SENTINEL,388,MEDIUM,"VELOCITY_APPLICANT,SYNTHETIC_ID_PATTERN,PHONE_CARRIER_RISK,ADDRESS_MISMATCH","{""requestId"":""sen-a0ac46fe"",""score"":388,""band"":""MEDIUM"",""reasonCodes"":[""VELOCITY_APPLICANT"",""SYNTHETIC_ID_PATTERN"",""PHONE_CARRIER_RISK"",""ADDRESS_MISMATCH""],""modelVersion"":""sr-4.1""}",86,2026-02-20 18:55:38.916771-05:00
898,1168,SENTINEL,453,MEDIUM,ADDRESS_MISMATCH,"{""requestId"":""sen-dd1b3a61"",""score"":453,""band"":""MEDIUM"",""reasonCodes"":[""ADDRESS_MISMATCH""],""modelVersion"":""sr-4.2""}",1076,2026-02-20 20:19:19.090008-05:00
899,1169,SENTINEL,1,LOW,ADDRESS_MISMATCH,"{""requestId"":""sen-7b52b413"",""score"":1,""band"":""LOW"",""reasonCodes"":[""ADDRESS_MISMATCH""],""modelVersion"":""sr-4.2""}",469,2026-02-20 18:09:51.614822-05:00
900,1170,SENTINEL,284,LOW,"DEVICE_REPUTATION,VELOCITY_APPLICANT","{""requestId"":""sen-198a2dc5"",""score"":284,""band"":""LOW"",""reasonCodes"":[""DEVICE_REPUTATION"",""VELOCITY_APPLICANT""],""modelVersion"":""sr-4.1""}",235,2026-02-20 20:56:22.835319-05:00
901,1171,SENTINEL,623,MEDIUM,"VELOCITY_APPLICANT,EMAIL_AGE_LOW,SYNTHETIC_ID_PATTERN","{""requestId"":""sen-b7c1a776"",""score"":623,""band"":""MEDIUM"",""reasonCodes"":[""VELOCITY_APPLICANT"",""EMAIL_AGE_LOW"",""SYNTHETIC_ID_PATTERN""],""modelVersion"":""sr-4.2""}",2373,2026-02-20 20:19:21.923497-05:00
902,1172,SENTINEL,77,LOW,"ADDRESS_MISMATCH,SYNTHETIC_ID_PATTERN","{""requestId"":""sen-55f92128"",""score"":77,""band"":""LOW"",""reasonCodes"":[""ADDRESS_MISMATCH"",""SYNTHETIC_ID_PATTERN""],""modelVersion"":""sr-4.1""}",182,2026-02-20 19:11:24.103733-05:00
903,1173,SENTINEL,378,MEDIUM,"ADDRESS_MISMATCH,BANK_ACCOUNT_AGE","{""requestId"":""sen-f4309ad9"",""score"":378,""band"":""MEDIUM"",""reasonCodes"":[""ADDRESS_MISMATCH"",""BANK_ACCOUNT_AGE""],""modelVersion"":""sr-4.1""}",1582,2026-02-20 17:32:11.149474-05:00
904,1174,SENTINEL,502,MEDIUM,"VELOCITY_APPLICANT,IP_PROXY,PHONE_CARRIER_RISK","{""requestId"":""sen-9268148b"",""score"":502,""band"":""MEDIUM"",""reasonCodes"":[""VELOCITY_APPLICANT"",""IP_PROXY"",""PHONE_CARRIER_RISK""],""modelVersion"":""sr-4.1""}",680,2026-02-20 19:04:04.405663-05:00
905,1175,SENTINEL,246,LOW,"EMAIL_AGE_LOW,IDENTITY_MISMATCH","{""requestId"":""sen-309f8e3d"",""score"":246,""band"":""LOW"",""reasonCodes"":[""EMAIL_AGE_LOW"",""IDENTITY_MISMATCH""],""modelVersion"":""sr-4.1""}",521,2026-02-20 19:51:40.815226-05:00
906,1177,SENTINEL,45,LOW,"IDENTITY_MISMATCH,SYNTHETIC_ID_PATTERN,ADDRESS_MISMATCH","{""requestId"":""sen-6d0e81a0"",""score"":45,""band"":""LOW"",""reasonCodes"":[""IDENTITY_MISMATCH"",""SYNTHETIC_ID_PATTERN"",""ADDRESS_MISMATCH""],""modelVersion"":""sr-4.2""}",147,2026-02-20 22:31:35.797559-05:00
907,1179,SENTINEL,442,MEDIUM,DEVICE_REPUTATION,"{""requestId"":""sen-a97d7503"",""score"":442,""band"":""MEDIUM"",""reasonCodes"":[""DEVICE_REPUTATION""],""modelVersion"":""sr-4.2""}",1188,2026-02-20 19:42:09.333903-05:00
908,1181,SENTINEL,79,LOW,"EMAIL_AGE_LOW,DEVICE_REPUTATION,ADDRESS_MISMATCH,IDENTITY_MISMATCH","{""requestId"":""sen-e5ec6866"",""score"":79,""band"":""LOW"",""reasonCodes"":[""EMAIL_AGE_LOW"",""DEVICE_REPUTATION"",""ADDRESS_MISMATCH"",""IDENTITY_MISMATCH""],""modelVersion"":""sr-4.1""}",81,2026-02-20 22:42:45.411754-05:00
909,1182,SENTINEL,235,LOW,PHONE_CARRIER_RISK,"{""requestId"":""sen-8423e218"",""score"":235,""band"":""LOW"",""reasonCodes"":[""PHONE_CARRIER_RISK""],""modelVersion"":""sr-4.2""}",618,2026-02-20 22:26:26.354785-05:00
910,1183,SENTINEL,385,MEDIUM,"DEVICE_REPUTATION,BANK_ACCOUNT_AGE,IP_PROXY","{""requestId"":""sen-225b5bca"",""score"":385,""band"":""MEDIUM"",""reasonCodes"":[""DEVICE_REPUTATION"",""BANK_ACCOUNT_AGE"",""IP_PROXY""],""modelVersion"":""sr-4.1""}",1266,2026-02-20 23:24:15.698148-05:00
911,1184,SENTINEL,158,LOW,"IP_PROXY,ADDRESS_MISMATCH,PHONE_CARRIER_RISK","{""requestId"":""sen-c092d57b"",""score"":158,""band"":""LOW"",""reasonCodes"":[""IP_PROXY"",""ADDRESS_MISMATCH"",""PHONE_CARRIER_RISK""],""modelVersion"":""sr-4.2""}",141,2026-02-21 00:35:53.562392-05:00
912,1185,SENTINEL,510,MEDIUM,"PHONE_CARRIER_RISK,IDENTITY_MISMATCH,BANK_ACCOUNT_AGE,DEVICE_REPUTATION","{""requestId"":""sen-5eca4f2d"",""score"":510,""band"":""MEDIUM"",""reasonCodes"":[""PHONE_CARRIER_RISK"",""IDENTITY_MISMATCH"",""BANK_ACCOUNT_AGE"",""DEVICE_REPUTATION""],""modelVersion"":""sr-4.2""}",353,2026-02-20 23:53:20.222273-05:00
913,1188,SENTINEL,551,MEDIUM,VELOCITY_APPLICANT,"{""requestId"":""sen-3970bc42"",""score"":551,""band"":""MEDIUM"",""reasonCodes"":[""VELOCITY_APPLICANT""],""modelVersion"":""sr-4.2""}",312,2026-02-21 01:13:57.633522-05:00
914,1189,SENTINEL,353,MEDIUM,"IP_PROXY,ADDRESS_MISMATCH,EMAIL_AGE_LOW,SYNTHETIC_ID_PATTERN","{""requestId"":""sen-d7a835f3"",""score"":353,""band"":""MEDIUM"",""reasonCodes"":[""IP_PROXY"",""ADDRESS_MISMATCH"",""EMAIL_AGE_LOW"",""SYNTHETIC_ID_PATTERN""],""modelVersion"":""sr-4.2""}",335,2026-02-21 03:35:55.482937-05:00
915,1190,SENTINEL,141,LOW,"ADDRESS_MISMATCH,EMAIL_AGE_LOW,BANK_ACCOUNT_AGE","{""requestId"":""sen-75dfafa5"",""score"":141,""band"":""LOW"",""reasonCodes"":[""ADDRESS_MISMATCH"",""EMAIL_AGE_LOW"",""BANK_ACCOUNT_AGE""],""modelVersion"":""sr-4.2""}",4617,2026-02-21 10:05:05.988493-05:00
916,1191,SENTINEL,268,LOW,IDENTITY_MISMATCH,"{""requestId"":""sen-14172957"",""score"":268,""band"":""LOW"",""reasonCodes"":[""IDENTITY_MISMATCH""],""modelVersion"":""sr-4.2""}",184,2026-02-21 09:08:45.927406-05:00
917,1192,SENTINEL,1,LOW,"SYNTHETIC_ID_PATTERN,BANK_ACCOUNT_AGE,DEVICE_REPUTATION,VELOCITY_APPLICANT","{""requestId"":""sen-b24ea308"",""score"":1,""band"":""LOW"",""reasonCodes"":[""SYNTHETIC_ID_PATTERN"",""BANK_ACCOUNT_AGE"",""DEVICE_REPUTATION"",""VELOCITY_APPLICANT""],""modelVersion"":""sr-4.2""}",510,2026-02-21 11:49:08.477648-05:00
918,1193,SENTINEL,515,MEDIUM,,"{""requestId"":""sen-50861cba"",""score"":515,""band"":""MEDIUM"",""reasonCodes"":null,""modelVersion"":""sr-4.2""}",98,2026-02-21 13:40:14.334813-05:00
919,1194,SENTINEL,567,MEDIUM,SYNTHETIC_ID_PATTERN,"{""requestId"":""sen-eebd966b"",""score"":567,""band"":""MEDIUM"",""reasonCodes"":[""SYNTHETIC_ID_PATTERN""],""modelVersion"":""sr-4.2""}",802,2026-02-21 13:45:31.408380-05:00
920,1197,SENTINEL,336,LOW,"SYNTHETIC_ID_PATTERN,DEVICE_REPUTATION,ADDRESS_MISMATCH","{""requestId"":""sen-c9640380"",""score"":336,""band"":""LOW"",""reasonCodes"":[""SYNTHETIC_ID_PATTERN"",""DEVICE_REPUTATION"",""ADDRESS_MISMATCH""],""modelVersion"":""sr-4.1""}",806,2026-02-21 15:27:52.137439-05:00
921,1198,SENTINEL,179,LOW,"EMAIL_AGE_LOW,PHONE_CARRIER_RISK,IP_PROXY,ADDRESS_MISMATCH","{""requestId"":""sen-679b7d32"",""score"":179,""band"":""LOW"",""reasonCodes"":[""EMAIL_AGE_LOW"",""PHONE_CARRIER_RISK"",""IP_PROXY"",""ADDRESS_MISMATCH""],""modelVersion"":""sr-4.2""}",393,2026-02-21 19:35:52.639693-05:00
922,1199,SENTINEL,398,MEDIUM,,"{""requestId"":""sen-05d2f6e4"",""score"":398,""band"":""MEDIUM"",""reasonCodes"":null,""modelVersion"":""sr-4.2""}",123,2026-02-21 19:26:05.619807-05:00
923,1200,SENTINEL,317,LOW,"IDENTITY_MISMATCH,VELOCITY_APPLICANT,ADDRESS_MISMATCH,BANK_ACCOUNT_AGE","{""requestId"":""sen-a40a7095"",""score"":317,""band"":""LOW"",""reasonCodes"":[""IDENTITY_MISMATCH"",""VELOCITY_APPLICANT"",""ADDRESS_MISMATCH"",""BANK_ACCOUNT_AGE""],""modelVersion"":""sr-4.1""}",294,2026-02-21 18:53:16.790038-05:00
